{"textures":{"0":"modelengine:entity/desert_guardian_carved","particle":"#0"},"elements":[{"from":[4.9703064,1.0097122,5.0],"to":[10.970306,2.0097122,11.0],"faces":{"east":{"uv":[12.5625,10.875,13.3125,11.0],"tintindex":0,"rotation":0,"texture":"#0"},"south":{"uv":[12.5625,11.0625,13.3125,11.1875],"tintindex":0,"rotation":0,"texture":"#0"},"north":{"uv":[12.5625,2.9375,13.3125,3.0625],"tintindex":0,"rotation":0,"texture":"#0"},"west":{"uv":[12.5625,11.25,13.3125,11.375],"tintindex":0,"rotation":0,"texture":"#0"},"up":{"uv":[8.3125,9.4375,7.5625,8.6875],"tintindex":0,"rotation":0,"texture":"#0"},"down":{"uv":[9.125,8.6875,8.375,9.4375],"tintindex":0,"rotation":0,"texture":"#0"}}},{"from":[13.023457,-9.594711,5.0],"to":[17.20565,-5.4125175,11.0],"faces":{"east":{"uv":[3.3125,10.3125,4.0625,10.8125],"tintindex":0,"rotation":0,"texture":"#0"},"south":{"uv":[10.625,10.9375,11.125,11.4375],"tintindex":0,"rotation":0,"texture":"#0"},"north":{"uv":[6.375,10.9375,6.875,11.4375],"tintindex":0,"rotation":0,"texture":"#0"},"west":{"uv":[10.3125,9.4375,11.0625,9.9375],"tintindex":0,"rotation":0,"texture":"#0"},"up":{"uv":[7.1875,10.875,6.6875,10.125],"tintindex":0,"rotation":0,"texture":"#0"},"down":{"uv":[10.0625,10.3125,9.5625,11.0625],"tintindex":0,"rotation":0,"texture":"#0"}},"rotation":{"origin":[11.023457,0.9052887,5.5],"angle":-45.0,"axis":"z"}},{"from":[3.9703064,-1.4902878,4.0],"to":[11.970306,1.0097122,12.0],"faces":{"east":{"uv":[10.6875,0.75,11.6875,1.0625],"tintindex":0,"rotation":0,"texture":"#0"},"south":{"uv":[10.8125,1.125,11.8125,1.4375],"tintindex":0,"rotation":0,"texture":"#0"},"north":{"uv":[10.6875,0.375,11.6875,0.6875],"tintindex":0,"rotation":0,"texture":"#0"},"west":{"uv":[10.8125,1.5,11.8125,1.8125],"tintindex":0,"rotation":0,"texture":"#0"},"up":{"uv":[1.0,3.25,0.0,2.25],"tintindex":0,"rotation":0,"texture":"#0"},"down":{"uv":[3.625,0.75,2.625,1.75],"tintindex":0,"rotation":0,"texture":"#0"}}},{"from":[4.4703064,2.0097122,4.5],"to":[11.470306,6.009712,11.5],"faces":{"east":{"uv":[10.0625,1.8125,9.1875,2.3125],"tintindex":0,"rotation":0,"texture":"#0"},"south":{"uv":[9.1875,1.8125,10.0625,2.3125],"tintindex":0,"rotation":0,"texture":"#0"},"north":{"uv":[9.1875,1.8125,10.0625,2.3125],"tintindex":0,"rotation":0,"texture":"#0"},"west":{"uv":[10.0625,1.8125,9.1875,2.3125],"tintindex":0,"rotation":0,"texture":"#0"},"up":{"uv":[4.25,7.1875,3.375,6.3125],"tintindex":0,"rotation":0,"texture":"#0"},"down":{"uv":[7.3125,0.9375,6.4375,1.8125],"tintindex":0,"rotation":0,"texture":"#0"}}},{"from":[5.4703064,4.509712,6.0],"to":[6.9703064,6.009712,10.0],"faces":{"east":{"uv":[12.625,4.1875,13.125,4.375],"tintindex":0,"rotation":0,"texture":"#0"},"south":{"uv":[3.75,13.3125,3.9375,13.5],"tintindex":0,"rotation":0,"texture":"#0"},"north":{"uv":[1.75,13.3125,1.9375,13.5],"tintindex":0,"rotation":0,"texture":"#0"},"west":{"uv":[12.625,5.25,13.125,5.4375],"tintindex":0,"rotation":0,"texture":"#0"},"up":{"uv":[5.5625,13.0625,5.375,12.5625],"tintindex":0,"rotation":0,"texture":"#0"},"down":{"uv":[12.0625,12.5625,11.875,13.0625],"tintindex":0,"rotation":0,"texture":"#0"}},"rotation":{"origin":[5.4703064,6.009712,7.0],"angle":45.0,"axis":"z"}},{"from":[3.9703064,-7.990288,4.0],"to":[11.970306,-5.490288,12.0],"faces":{"east":{"uv":[10.8125,2.25,11.8125,2.5625],"tintindex":0,"rotation":0,"texture":"#0"},"south":{"uv":[10.8125,8.25,11.8125,8.5625],"tintindex":0,"rotation":0,"texture":"#0"},"north":{"uv":[10.8125,1.875,11.8125,2.1875],"tintindex":0,"rotation":0,"texture":"#0"},"west":{"uv":[10.8125,8.625,11.8125,8.9375],"tintindex":0,"rotation":0,"texture":"#0"},"up":{"uv":[3.625,2.8125,2.625,1.8125],"tintindex":0,"rotation":0,"texture":"#0"},"down":{"uv":[2.0625,2.875,1.0625,3.875],"tintindex":0,"rotation":0,"texture":"#0"}}},{"from":[4.4703064,-5.490288,4.5],"to":[11.470306,-1.4902878,11.5],"faces":{"east":{"uv":[10.125,3.875,9.25,4.375],"tintindex":0,"rotation":0,"texture":"#0"},"south":{"uv":[9.25,3.875,10.125,4.375],"tintindex":0,"rotation":0,"texture":"#0"},"north":{"uv":[9.25,3.875,10.125,4.375],"tintindex":0,"rotation":0,"texture":"#0"},"west":{"uv":[10.125,3.875,9.25,4.375],"tintindex":0,"rotation":0,"texture":"#0"},"up":{"uv":[7.3125,2.75,6.4375,1.875],"tintindex":0,"rotation":0,"texture":"#0"},"down":{"uv":[7.5625,2.8125,6.6875,3.6875],"tintindex":0,"rotation":0,"texture":"#0"}}},{"from":[8.970306,4.509712,6.0],"to":[10.470306,6.009712,10.0],"faces":{"east":{"uv":[10.5625,12.5625,11.0625,12.75],"tintindex":0,"rotation":0,"texture":"#0"},"south":{"uv":[0.0,13.3125,0.1875,13.5],"tintindex":0,"rotation":0,"texture":"#0"},"north":{"uv":[13.25,8.5,13.4375,8.6875],"tintindex":0,"rotation":0,"texture":"#0"},"west":{"uv":[12.5625,11.4375,13.0625,11.625],"tintindex":0,"rotation":0,"texture":"#0"},"up":{"uv":[3.5625,9.5625,3.375,9.0625],"tintindex":0,"rotation":0,"texture":"#0"},"down":{"uv":[3.5625,9.625,3.375,10.125],"tintindex":0,"rotation":0,"texture":"#0"}},"rotation":{"origin":[10.470306,6.009712,7.0],"angle":-45.0,"axis":"z"}}],"display":{"head":{"rotation":[0.0,0.0,0.0]},"firstperson_righthand":{"rotation":[0.0,0.0,0.0]},"thirdperson_lefthand":{"rotation":[0.0,0.0,0.0]},"firstperson_lefthand":{"rotation":[0.0,0.0,0.0]},"fixed":{"rotation":[0.0,0.0,0.0]},"ground":{"rotation":[0.0,0.0,0.0]},"thirdperson_righthand":{"rotation":[0.0,0.0,0.0]},"gui":{"rotation":[-150.0,-45.0,180.0]}}}