{"textures":{"0":"modelengine:entity/desert_guardian_carved","particle":"#0"},"elements":[{"from":[5.5296936,4.509712,6.0],"to":[7.0296936,6.009712,10.0],"faces":{"east":{"uv":[2.8125,7.0,3.3125,7.1875],"tintindex":0,"rotation":0,"texture":"#0"},"south":{"uv":[4.4375,13.25,4.625,13.4375],"tintindex":0,"rotation":0,"texture":"#0"},"north":{"uv":[2.9375,13.25,3.125,13.4375],"tintindex":0,"rotation":0,"texture":"#0"},"west":{"uv":[12.5625,4.5,13.0625,4.6875],"tintindex":0,"rotation":0,"texture":"#0"},"up":{"uv":[4.25,7.75,4.0625,7.25],"tintindex":0,"rotation":0,"texture":"#0"},"down":{"uv":[7.0,7.25,6.8125,7.75],"tintindex":0,"rotation":0,"texture":"#0"}},"rotation":{"origin":[5.5296936,6.009712,7.0],"angle":45.0,"axis":"z"}},{"from":[6.596492,7.8045197,5.0],"to":[10.096493,15.30452,11.0],"faces":{"east":{"uv":[2.8125,7.25,3.5625,8.1875],"tintindex":0,"rotation":0,"texture":"#0"},"south":{"uv":[3.8125,5.25,3.375,6.1875],"tintindex":0,"rotation":0,"texture":"#0"},"north":{"uv":[3.375,5.25,3.8125,6.1875],"tintindex":0,"rotation":0,"texture":"#0"},"west":{"uv":[5.25,7.25,6.0,8.1875],"tintindex":0,"rotation":0,"texture":"#0"},"up":{"uv":[2.875,11.3125,2.4375,10.5625],"tintindex":0,"rotation":0,"texture":"#0"},"down":{"uv":[10.5625,10.5625,10.125,11.3125],"tintindex":0,"rotation":0,"texture":"#0"}},"rotation":{"origin":[-31.403507,3.3045206,6.0],"angle":-22.5,"axis":"z"}},{"from":[-0.7056503,-8.594711,6.0],"to":[2.9765434,-4.9125175,9.5],"faces":{"east":{"uv":[9.0625,10.625,9.5,11.0625],"tintindex":0,"rotation":0,"texture":"#0"},"south":{"uv":[10.625,11.5,11.0625,11.9375],"tintindex":0,"rotation":0,"texture":"#0"},"north":{"uv":[1.0625,2.25,1.5,2.6875],"tintindex":0,"rotation":0,"texture":"#0"},"west":{"uv":[11.75,3.375,12.1875,3.8125],"tintindex":0,"rotation":0,"texture":"#0"},"up":{"uv":[12.1875,11.75,11.75,11.3125],"tintindex":0,"rotation":0,"texture":"#0"},"down":{"uv":[4.3125,11.8125,3.875,12.25],"tintindex":0,"rotation":0,"texture":"#0"}},"rotation":{"origin":[4.9765434,1.4052887,5.5],"angle":45.0,"axis":"z"}},{"from":[5.0296936,1.0097122,5.0],"to":[11.029694,2.0097122,11.0],"faces":{"east":{"uv":[12.5625,2.375,13.3125,2.5],"tintindex":0,"rotation":0,"texture":"#0"},"south":{"uv":[12.5625,2.5625,13.3125,2.6875],"tintindex":0,"rotation":0,"texture":"#0"},"north":{"uv":[12.5625,2.1875,13.3125,2.3125],"tintindex":0,"rotation":0,"texture":"#0"},"west":{"uv":[12.5625,2.75,13.3125,2.875],"tintindex":0,"rotation":0,"texture":"#0"},"up":{"uv":[6.375,9.0625,5.625,8.3125],"tintindex":0,"rotation":0,"texture":"#0"},"down":{"uv":[9.125,1.8125,8.375,2.5625],"tintindex":0,"rotation":0,"texture":"#0"}}},{"from":[3.0,-7.300001,5.5],"to":[6.5,-0.80000114,10.5],"faces":{"east":{"uv":[0.0,8.8125,0.625,9.625],"tintindex":0,"rotation":0,"texture":"#0"},"south":{"uv":[2.375,10.375,1.9375,11.1875],"tintindex":0,"rotation":0,"texture":"#0"},"north":{"uv":[1.9375,10.375,2.375,11.1875],"tintindex":0,"rotation":0,"texture":"#0"},"west":{"uv":[2.0625,8.8125,2.6875,9.625],"tintindex":0,"rotation":0,"texture":"#0"},"up":{"uv":[3.5625,0.625,3.125,0.0],"tintindex":0,"rotation":0,"texture":"#0"},"down":{"uv":[4.5625,10.625,4.125,11.25],"tintindex":0,"rotation":0,"texture":"#0"}},"rotation":{"origin":[5.5,2.6999989,6.0],"angle":22.5,"axis":"z"}},{"from":[4.0,-8.300001,5.5],"to":[6.5,-7.300001,10.5],"faces":{"east":{"uv":[12.8125,3.3125,13.4375,3.4375],"tintindex":0,"rotation":0,"texture":"#0"},"south":{"uv":[2.5625,13.25,2.875,13.375],"tintindex":0,"rotation":0,"texture":"#0"},"north":{"uv":[13.1875,10.6875,13.5,10.8125],"tintindex":0,"rotation":0,"texture":"#0"},"west":{"uv":[12.4375,12.8125,13.0625,12.9375],"tintindex":0,"rotation":0,"texture":"#0"},"up":{"uv":[6.75,8.9375,6.4375,8.3125],"tintindex":0,"rotation":0,"texture":"#0"},"down":{"uv":[6.75,11.5,6.4375,12.125],"tintindex":0,"rotation":0,"texture":"#0"}},"rotation":{"origin":[5.5,2.6999989,6.0],"angle":22.5,"axis":"z"}},{"from":[4.5296936,2.0097122,4.5],"to":[11.529694,6.009712,11.5],"faces":{"east":{"uv":[9.75,7.9375,8.875,8.4375],"tintindex":0,"rotation":0,"texture":"#0"},"south":{"uv":[8.875,7.9375,9.75,8.4375],"tintindex":0,"rotation":0,"texture":"#0"},"north":{"uv":[8.875,7.9375,9.75,8.4375],"tintindex":0,"rotation":0,"texture":"#0"},"west":{"uv":[9.75,7.9375,8.875,8.4375],"tintindex":0,"rotation":0,"texture":"#0"},"up":{"uv":[2.375,6.9375,1.5,6.0625],"tintindex":0,"rotation":0,"texture":"#0"},"down":{"uv":[3.3125,6.0625,2.4375,6.9375],"tintindex":0,"rotation":0,"texture":"#0"}}},{"from":[4.0296936,-1.4902878,4.0],"to":[12.029694,1.0097122,12.0],"faces":{"east":{"uv":[8.0,10.625,9.0,10.9375],"tintindex":0,"rotation":0,"texture":"#0"},"south":{"uv":[10.625,10.5625,11.625,10.875],"tintindex":0,"rotation":0,"texture":"#0"},"north":{"uv":[10.5,7.875,11.5,8.1875],"tintindex":0,"rotation":0,"texture":"#0"},"west":{"uv":[10.6875,0.0,11.6875,0.3125],"tintindex":0,"rotation":0,"texture":"#0"},"up":{"uv":[2.5625,1.75,1.5625,0.75],"tintindex":0,"rotation":0,"texture":"#0"},"down":{"uv":[2.5625,1.8125,1.5625,2.8125],"tintindex":0,"rotation":0,"texture":"#0"}}},{"from":[9.029694,4.509712,6.0],"to":[10.529694,6.009712,10.0],"faces":{"east":{"uv":[12.5625,4.75,13.0625,4.9375],"tintindex":0,"rotation":0,"texture":"#0"},"south":{"uv":[6.0625,13.25,6.25,13.4375],"tintindex":0,"rotation":0,"texture":"#0"},"north":{"uv":[5.8125,13.25,6.0,13.4375],"tintindex":0,"rotation":0,"texture":"#0"},"west":{"uv":[12.5625,5.0,13.0625,5.1875],"tintindex":0,"rotation":0,"texture":"#0"},"up":{"uv":[7.5625,2.4375,7.375,1.9375],"tintindex":0,"rotation":0,"texture":"#0"},"down":{"uv":[8.625,4.6875,8.4375,5.1875],"tintindex":0,"rotation":0,"texture":"#0"}},"rotation":{"origin":[10.529694,6.009712,7.0],"angle":-45.0,"axis":"z"}}],"display":{"head":{"rotation":[0.0,0.0,0.0]},"firstperson_righthand":{"rotation":[0.0,0.0,0.0]},"thirdperson_lefthand":{"rotation":[0.0,0.0,0.0]},"firstperson_lefthand":{"rotation":[0.0,0.0,0.0]},"fixed":{"rotation":[0.0,0.0,0.0]},"ground":{"rotation":[0.0,0.0,0.0]},"thirdperson_righthand":{"rotation":[0.0,0.0,0.0]},"gui":{"rotation":[-150.0,-45.0,180.0]}}}