{"textures":{"0":"modelengine:entity/knight","particle":"#0"},"elements":[{"from":[0.08647776,14.4315605,11.195169],"to":[3.0864778,18.93156,15.695169],"faces":{"east":{"uv":[7.625,6.25,8.25,6.875],"tintindex":0,"rotation":0,"texture":"#0"},"south":{"uv":[5.5,10.5,5.875,11.125],"tintindex":0,"rotation":0,"texture":"#0"},"north":{"uv":[5.125,10.5,5.5,11.125],"tintindex":0,"rotation":0,"texture":"#0"},"west":{"uv":[7.75,6.875,8.375,7.5],"tintindex":0,"rotation":0,"texture":"#0"},"up":{"uv":[10.875,7.0,10.5,6.375],"tintindex":0,"rotation":0,"texture":"#0"},"down":{"uv":[10.875,7.75,10.5,8.375],"tintindex":0,"rotation":0,"texture":"#0"}}}],"display":{"head":{"rotation":[-7.7293935,-13.814706,-24.096441]},"firstperson_righthand":{"rotation":[-7.7293935,-13.814706,-24.096441]},"thirdperson_lefthand":{"rotation":[-7.7293935,13.814706,24.096441]},"firstperson_lefthand":{"rotation":[-7.7293935,13.814706,24.096441]},"fixed":{"rotation":[-7.7293935,-13.814706,-24.096441]},"ground":{"rotation":[-7.7293935,-13.814706,-24.096441]},"thirdperson_righthand":{"rotation":[-7.7293935,-13.814706,-24.096441]},"gui":{"rotation":[-141.2572,-30.768381,162.25815]}}}