{"textures":{"0":"modelengine:entity/knight","particle":"#0"},"elements":[{"from":[12.996435,14.43957,0.5993366],"to":[15.996435,18.939571,5.0993366],"faces":{"east":{"uv":[8.125,0.625,8.75,1.25],"tintindex":0,"rotation":0,"texture":"#0"},"south":{"uv":[8.375,10.875,8.75,11.5],"tintindex":0,"rotation":0,"texture":"#0"},"north":{"uv":[8.0,10.875,8.375,11.5],"tintindex":0,"rotation":0,"texture":"#0"},"west":{"uv":[2.0,8.125,2.625,8.75],"tintindex":0,"rotation":0,"texture":"#0"},"up":{"uv":[11.25,9.0,10.875,8.375],"tintindex":0,"rotation":0,"texture":"#0"},"down":{"uv":[9.125,10.875,8.75,11.5],"tintindex":0,"rotation":0,"texture":"#0"}}}],"display":{"head":{"rotation":[7.7293935,-13.814706,24.096441]},"firstperson_righthand":{"rotation":[7.7293935,-13.814706,24.096441]},"thirdperson_lefthand":{"rotation":[7.7293935,13.814706,-24.096441]},"firstperson_lefthand":{"rotation":[7.7293935,13.814706,-24.096441]},"fixed":{"rotation":[7.7293935,-13.814706,24.096441]},"ground":{"rotation":[7.7293935,-13.814706,24.096441]},"thirdperson_righthand":{"rotation":[7.7293935,-13.814706,24.096441]},"gui":{"rotation":[-158.7428,-30.768381,-162.25815]}}}