{"textures":{"0":"modelengine:entity/knight","particle":"#0"},"elements":[{"from":[13.407567,15.883753,0.59933615],"to":[16.407566,20.383753,5.0993357],"faces":{"east":{"uv":[4.125,8.0,4.75,8.625],"tintindex":0,"rotation":0,"texture":"#0"},"south":{"uv":[10.875,4.625,11.25,5.25],"tintindex":0,"rotation":0,"texture":"#0"},"north":{"uv":[10.875,4.0,11.25,4.625],"tintindex":0,"rotation":0,"texture":"#0"},"west":{"uv":[4.75,8.0,5.375,8.625],"tintindex":0,"rotation":0,"texture":"#0"},"up":{"uv":[11.25,6.5,10.875,5.875],"tintindex":0,"rotation":0,"texture":"#0"},"down":{"uv":[11.25,7.75,10.875,8.375],"tintindex":0,"rotation":0,"texture":"#0"}}}],"display":{"head":{"rotation":[7.7293963,-13.814702,11.596441]},"firstperson_righthand":{"rotation":[7.7293963,-13.814702,11.596441]},"thirdperson_lefthand":{"rotation":[7.7293963,13.814702,-11.596441]},"firstperson_lefthand":{"rotation":[7.7293963,13.814702,-11.596441]},"fixed":{"rotation":[7.7293963,-13.814702,11.596441]},"ground":{"rotation":[7.7293963,-13.814702,11.596441]},"thirdperson_righthand":{"rotation":[7.7293963,-13.814702,11.596441]},"gui":{"rotation":[-158.7428,-30.768383,-174.75815]}}}