{"textures":{"0":"modelengine:entity/knight","particle":"#0"},"elements":[{"from":[12.913523,14.4315605,11.195169],"to":[15.913523,18.93156,15.695169],"faces":{"east":{"uv":[8.375,0.0,9.0,0.625],"tintindex":0,"rotation":0,"texture":"#0"},"south":{"uv":[0.75,11.0,1.125,11.625],"tintindex":0,"rotation":0,"texture":"#0"},"north":{"uv":[0.0,11.0,0.375,11.625],"tintindex":0,"rotation":0,"texture":"#0"},"west":{"uv":[8.375,1.25,9.0,1.875],"tintindex":0,"rotation":0,"texture":"#0"},"up":{"uv":[2.375,11.625,2.0,11.0],"tintindex":0,"rotation":0,"texture":"#0"},"down":{"uv":[2.75,11.0,2.375,11.625],"tintindex":0,"rotation":0,"texture":"#0"}}}],"display":{"head":{"rotation":[-7.7293935,13.814706,24.096441]},"firstperson_righthand":{"rotation":[-7.7293935,13.814706,24.096441]},"thirdperson_lefthand":{"rotation":[-7.7293935,-13.814706,-24.096441]},"firstperson_lefthand":{"rotation":[-7.7293935,-13.814706,-24.096441]},"fixed":{"rotation":[-7.7293935,13.814706,24.096441]},"ground":{"rotation":[-7.7293935,13.814706,24.096441]},"thirdperson_righthand":{"rotation":[-7.7293935,13.814706,24.096441]},"gui":{"rotation":[-135.67825,-58.13111,-145.5265]}}}