{"textures":{"0":"modelengine:entity/knight","particle":"#0"},"elements":[{"from":[-0.40756702,15.883753,0.59933615],"to":[2.592433,20.383753,5.0993357],"faces":{"east":{"uv":[5.875,7.875,6.5,8.5],"tintindex":0,"rotation":0,"texture":"#0"},"south":{"uv":[6.5,10.625,6.875,11.25],"tintindex":0,"rotation":0,"texture":"#0"},"north":{"uv":[10.625,5.25,11.0,5.875],"tintindex":0,"rotation":0,"texture":"#0"},"west":{"uv":[6.5,7.875,7.125,8.5],"tintindex":0,"rotation":0,"texture":"#0"},"up":{"uv":[11.0,10.375,10.625,9.75],"tintindex":0,"rotation":0,"texture":"#0"},"down":{"uv":[6.25,10.75,5.875,11.375],"tintindex":0,"rotation":0,"texture":"#0"}}}],"display":{"head":{"rotation":[7.7293963,13.814702,-11.596441]},"firstperson_righthand":{"rotation":[7.7293963,13.814702,-11.596441]},"thirdperson_lefthand":{"rotation":[7.7293963,-13.814702,11.596441]},"firstperson_lefthand":{"rotation":[7.7293963,-13.814702,11.596441]},"fixed":{"rotation":[7.7293963,13.814702,-11.596441]},"ground":{"rotation":[7.7293963,13.814702,-11.596441]},"thirdperson_righthand":{"rotation":[7.7293963,13.814702,-11.596441]},"gui":{"rotation":[-164.32175,-58.131107,158.0265]}}}