{"textures":{"0":"modelengine:entity/knight","particle":"#0"},"elements":[{"from":[0.0035643578,14.43957,0.5993366],"to":[3.0035644,18.939571,5.0993366],"faces":{"east":{"uv":[7.125,7.875,7.75,8.5],"tintindex":0,"rotation":0,"texture":"#0"},"south":{"uv":[7.25,10.75,7.625,11.375],"tintindex":0,"rotation":0,"texture":"#0"},"north":{"uv":[6.875,10.75,7.25,11.375],"tintindex":0,"rotation":0,"texture":"#0"},"west":{"uv":[3.5,8.0,4.125,8.625],"tintindex":0,"rotation":0,"texture":"#0"},"up":{"uv":[8.0,11.375,7.625,10.75],"tintindex":0,"rotation":0,"texture":"#0"},"down":{"uv":[11.125,9.0,10.75,9.625],"tintindex":0,"rotation":0,"texture":"#0"}}}],"display":{"head":{"rotation":[7.7293935,13.814706,-24.096441]},"firstperson_righthand":{"rotation":[7.7293935,13.814706,-24.096441]},"thirdperson_lefthand":{"rotation":[7.7293935,-13.814706,24.096441]},"firstperson_lefthand":{"rotation":[7.7293935,-13.814706,24.096441]},"fixed":{"rotation":[7.7293935,13.814706,-24.096441]},"ground":{"rotation":[7.7293935,13.814706,-24.096441]},"thirdperson_righthand":{"rotation":[7.7293935,13.814706,-24.096441]},"gui":{"rotation":[-164.32175,-58.13111,145.5265]}}}