{"textures":{"0":"modelengine:entity/knight","particle":"#0"},"elements":[{"from":[-0.32835293,15.857986,11.195169],"to":[2.671647,20.357986,15.69517],"faces":{"east":{"uv":[7.75,7.5,8.375,8.125],"tintindex":0,"rotation":0,"texture":"#0"},"south":{"uv":[10.5,10.375,10.875,11.0],"tintindex":0,"rotation":0,"texture":"#0"},"north":{"uv":[10.5,8.375,10.875,9.0],"tintindex":0,"rotation":0,"texture":"#0"},"west":{"uv":[2.875,7.875,3.5,8.5],"tintindex":0,"rotation":0,"texture":"#0"},"up":{"uv":[1.625,11.25,1.25,10.625],"tintindex":0,"rotation":0,"texture":"#0"},"down":{"uv":[2.0,10.625,1.625,11.25],"tintindex":0,"rotation":0,"texture":"#0"}}}],"display":{"head":{"rotation":[-7.7293963,-13.814702,-11.596441]},"firstperson_righthand":{"rotation":[-7.7293963,-13.814702,-11.596441]},"thirdperson_lefthand":{"rotation":[-7.7293963,13.814702,11.596441]},"firstperson_lefthand":{"rotation":[-7.7293963,13.814702,11.596441]},"fixed":{"rotation":[-7.7293963,-13.814702,-11.596441]},"ground":{"rotation":[-7.7293963,-13.814702,-11.596441]},"thirdperson_righthand":{"rotation":[-7.7293963,-13.814702,-11.596441]},"gui":{"rotation":[-141.2572,-30.768383,174.75815]}}}