{"textures":{"0":"modelengine:entity/goremane_virusg_gm","particle":"#0"},"elements":[{"from":[9.853289,7.930931,1.6571989],"to":[25.510538,17.027428,15.181199],"faces":{"east":{"uv":[4.75,2.875,5.625,3.4375],"tintindex":0,"rotation":0,"texture":"#0"},"south":{"uv":[4.6875,1.75,5.6875,2.3125],"tintindex":0,"rotation":0,"texture":"#0"},"north":{"uv":[4.6875,1.1875,5.6875,1.75],"tintindex":0,"rotation":0,"texture":"#0"},"west":{"uv":[4.75,3.4375,5.625,4.0],"tintindex":0,"rotation":0,"texture":"#0"},"up":{"uv":[1.0,2.625,0.0,1.75],"tintindex":0,"rotation":0,"texture":"#0"},"down":{"uv":[2.0,1.75,1.0,2.625],"tintindex":0,"rotation":0,"texture":"#0"}},"rotation":{"origin":[10.710797,14.093777,8.258199],"angle":-45.0,"axis":"z"}},{"from":[7.4299994,-2.7199993,5.0299997],"to":[13.37,11.119999,10.969999],"faces":{"east":{"uv":[6.125,6.0,6.5,6.875],"tintindex":0,"rotation":0,"texture":"#0"},"south":{"uv":[0.0,6.1875,0.375,7.0625],"tintindex":0,"rotation":0,"texture":"#0"},"north":{"uv":[4.1875,6.125,4.5625,7.0],"tintindex":0,"rotation":0,"texture":"#0"},"west":{"uv":[2.4375,6.1875,2.8125,7.0625],"tintindex":0,"rotation":0,"texture":"#0"},"up":{"uv":[7.625,5.5,7.25,5.125],"tintindex":0,"rotation":0,"texture":"#0"},"down":{"uv":[7.625,5.5,7.25,5.875],"tintindex":0,"rotation":0,"texture":"#0"}}},{"from":[7.083482,7.9908895,1.8181987],"to":[16.74348,24.09089,1.8181987],"faces":{"south":{"uv":[3.75,3.75,4.75,4.375],"tintindex":0,"rotation":90,"texture":"#0"},"north":{"uv":[3.75,3.125,4.75,3.75],"tintindex":0,"rotation":270,"texture":"#0"}},"rotation":{"origin":[10.710797,14.093777,8.258199],"angle":22.5,"axis":"z"}},{"from":[7.083482,7.9908895,14.698198],"to":[16.74348,24.09089,14.698198],"faces":{"south":{"uv":[3.8125,0.0,4.8125,0.625],"tintindex":0,"rotation":90,"texture":"#0"},"north":{"uv":[0.0,3.8125,1.0,4.4375],"tintindex":0,"rotation":270,"texture":"#0"}},"rotation":{"origin":[10.710797,14.093777,8.258199],"angle":22.5,"axis":"z"}}],"display":{"head":{"rotation":[0.0,0.0,0.0]},"firstperson_righthand":{"rotation":[0.0,0.0,0.0]},"thirdperson_lefthand":{"rotation":[0.0,0.0,0.0]},"firstperson_lefthand":{"rotation":[0.0,0.0,0.0]},"fixed":{"rotation":[0.0,0.0,0.0]},"ground":{"rotation":[0.0,0.0,0.0]},"thirdperson_righthand":{"rotation":[0.0,0.0,0.0]},"gui":{"rotation":[-150.0,-45.0,180.0]}}}