{"textures":{"0":"modelengine:entity/goremane_virusg_gm","particle":"#0"},"elements":[{"from":[9.119816,-2.602188,7.744683],"to":[11.369816,0.3978119,11.494682],"faces":{"east":{"uv":[7.9375,3.625,8.1875,3.8125],"tintindex":0,"rotation":0,"texture":"#0"},"south":{"uv":[6.75,8.0625,6.875,8.25],"tintindex":0,"rotation":0,"texture":"#0"},"north":{"uv":[5.375,7.8125,5.5,8.0],"tintindex":0,"rotation":0,"texture":"#0"},"west":{"uv":[7.9375,3.8125,8.1875,4.0],"tintindex":0,"rotation":0,"texture":"#0"},"up":{"uv":[6.0625,7.4375,5.9375,7.1875],"tintindex":0,"rotation":0,"texture":"#0"},"down":{"uv":[5.625,7.5,5.5,7.75],"tintindex":0,"rotation":0,"texture":"#0"}},"rotation":{"origin":[5.7448153,-1.8521881,15.244682],"angle":45.0,"axis":"y"}},{"from":[2.696087,-2.602188,1.7446828],"to":[4.9460874,0.3978119,5.4946823],"faces":{"east":{"uv":[7.9375,3.125,8.1875,3.3125],"tintindex":0,"rotation":0,"texture":"#0"},"south":{"uv":[7.5625,1.5,7.6875,1.6875],"tintindex":0,"rotation":0,"texture":"#0"},"north":{"uv":[5.9375,7.4375,6.0625,7.625],"tintindex":0,"rotation":0,"texture":"#0"},"west":{"uv":[3.5,7.9375,3.75,8.125],"tintindex":0,"rotation":0,"texture":"#0"},"up":{"uv":[6.6875,0.5,6.5625,0.25],"tintindex":0,"rotation":0,"texture":"#0"},"down":{"uv":[6.6875,0.5,6.5625,0.75],"tintindex":0,"rotation":0,"texture":"#0"}},"rotation":{"origin":[3.821087,-1.8521881,4.7446823],"angle":-45.0,"axis":"y"}},{"from":[1.1960869,1.1478119,3.394683],"to":[6.4460874,5.647812,7.144683],"faces":{"east":{"uv":[7.6875,3.625,7.9375,3.9375],"tintindex":0,"rotation":0,"texture":"#0"},"south":{"uv":[7.6875,2.4375,8.0,2.75],"tintindex":0,"rotation":0,"texture":"#0"},"north":{"uv":[7.6875,2.125,8.0,2.4375],"tintindex":0,"rotation":0,"texture":"#0"},"west":{"uv":[7.6875,3.9375,7.9375,4.25],"tintindex":0,"rotation":0,"texture":"#0"},"up":{"uv":[8.0,4.5,7.6875,4.25],"tintindex":0,"rotation":0,"texture":"#0"},"down":{"uv":[8.0,4.5,7.6875,4.75],"tintindex":0,"rotation":0,"texture":"#0"}},"rotation":{"origin":[3.821087,3.397812,6.394683],"angle":-45.0,"axis":"y"}},{"from":[4.086252,-3.5021877,4.291828],"to":[12.086252,8.497812,10.291828],"faces":{"east":{"uv":[6.8125,3.25,7.1875,4.0],"tintindex":0,"rotation":0,"texture":"#0"},"south":{"uv":[5.1875,5.5,5.6875,6.25],"tintindex":0,"rotation":0,"texture":"#0"},"north":{"uv":[4.6875,5.5,5.1875,6.25],"tintindex":0,"rotation":0,"texture":"#0"},"west":{"uv":[6.8125,4.0,7.1875,4.75],"tintindex":0,"rotation":0,"texture":"#0"},"up":{"uv":[7.5625,5.125,7.0625,4.75],"tintindex":0,"rotation":0,"texture":"#0"},"down":{"uv":[5.625,7.125,5.125,7.5],"tintindex":0,"rotation":0,"texture":"#0"}}}],"display":{"head":{"rotation":[0.0,0.0,0.0]},"firstperson_righthand":{"rotation":[0.0,0.0,0.0]},"thirdperson_lefthand":{"rotation":[0.0,0.0,0.0]},"firstperson_lefthand":{"rotation":[0.0,0.0,0.0]},"fixed":{"rotation":[0.0,0.0,0.0]},"ground":{"rotation":[0.0,0.0,0.0]},"thirdperson_righthand":{"rotation":[0.0,0.0,0.0]},"gui":{"rotation":[-150.0,-45.0,180.0]}}}