{"textures":{"0":"modelengine:entity/goremane_virusg_gm","particle":"#0"},"elements":[{"from":[9.420579,1.1478119,3.394683],"to":[14.67058,5.647812,7.144683],"faces":{"east":{"uv":[7.6875,2.75,7.9375,3.0625],"tintindex":0,"rotation":0,"texture":"#0"},"south":{"uv":[7.625,7.5625,7.9375,7.875],"tintindex":0,"rotation":0,"texture":"#0"},"north":{"uv":[7.625,6.3125,7.9375,6.625],"tintindex":0,"rotation":0,"texture":"#0"},"west":{"uv":[7.6875,3.0625,7.9375,3.375],"tintindex":0,"rotation":0,"texture":"#0"},"up":{"uv":[7.875,0.5625,7.5625,0.3125],"tintindex":0,"rotation":0,"texture":"#0"},"down":{"uv":[8.0,3.375,7.6875,3.625],"tintindex":0,"rotation":0,"texture":"#0"}},"rotation":{"origin":[12.04558,3.397812,6.394683],"angle":45.0,"axis":"y"}},{"from":[10.920579,-2.602188,1.7446828],"to":[13.17058,0.3978119,5.4946823],"faces":{"east":{"uv":[1.9375,6.1875,2.1875,6.375],"tintindex":0,"rotation":0,"texture":"#0"},"south":{"uv":[6.0,3.8125,6.125,4.0],"tintindex":0,"rotation":0,"texture":"#0"},"north":{"uv":[1.4375,5.4375,1.5625,5.625],"tintindex":0,"rotation":0,"texture":"#0"},"west":{"uv":[7.9375,1.25,8.1875,1.4375],"tintindex":0,"rotation":0,"texture":"#0"},"up":{"uv":[2.0,2.875,1.875,2.625],"tintindex":0,"rotation":0,"texture":"#0"},"down":{"uv":[2.5,3.9375,2.375,4.1875],"tintindex":0,"rotation":0,"texture":"#0"}},"rotation":{"origin":[12.04558,-1.8521881,4.7446823],"angle":45.0,"axis":"y"}},{"from":[4.496851,-2.602188,7.744683],"to":[6.746851,0.3978119,11.494682],"faces":{"east":{"uv":[1.75,7.9375,2.0,8.125],"tintindex":0,"rotation":0,"texture":"#0"},"south":{"uv":[6.6875,3.25,6.8125,3.4375],"tintindex":0,"rotation":0,"texture":"#0"},"north":{"uv":[6.125,1.375,6.25,1.5625],"tintindex":0,"rotation":0,"texture":"#0"},"west":{"uv":[2.75,7.9375,3.0,8.125],"tintindex":0,"rotation":0,"texture":"#0"},"up":{"uv":[0.5,6.4375,0.375,6.1875],"tintindex":0,"rotation":0,"texture":"#0"},"down":{"uv":[6.6875,0.0,6.5625,0.25],"tintindex":0,"rotation":0,"texture":"#0"}},"rotation":{"origin":[10.121851,-1.8521881,15.244682],"angle":-45.0,"axis":"y"}},{"from":[3.780414,-3.5021877,4.291828],"to":[11.780415,8.497812,10.291828],"faces":{"east":{"uv":[6.1875,0.0,6.5625,0.75],"tintindex":0,"rotation":0,"texture":"#0"},"south":{"uv":[0.0,5.4375,0.5,6.1875],"tintindex":0,"rotation":0,"texture":"#0"},"north":{"uv":[4.1875,5.375,4.6875,6.125],"tintindex":0,"rotation":0,"texture":"#0"},"west":{"uv":[3.8125,6.75,4.1875,7.5],"tintindex":0,"rotation":0,"texture":"#0"},"up":{"uv":[5.8125,5.1875,5.3125,4.8125],"tintindex":0,"rotation":0,"texture":"#0"},"down":{"uv":[7.5625,1.375,7.0625,1.75],"tintindex":0,"rotation":0,"texture":"#0"}}}],"display":{"head":{"rotation":[0.0,0.0,0.0]},"firstperson_righthand":{"rotation":[0.0,0.0,0.0]},"thirdperson_lefthand":{"rotation":[0.0,0.0,0.0]},"firstperson_lefthand":{"rotation":[0.0,0.0,0.0]},"fixed":{"rotation":[0.0,0.0,0.0]},"ground":{"rotation":[0.0,0.0,0.0]},"thirdperson_righthand":{"rotation":[0.0,0.0,0.0]},"gui":{"rotation":[-150.0,-45.0,180.0]}}}