{"textures":{"0":"modelengine:entity/goremane_virusg_gm","particle":"#0"},"elements":[{"from":[3.8249998,-4.0,5.0],"to":[11.825,8.0,11.0],"faces":{"east":{"uv":[6.875,5.3125,7.25,6.0625],"tintindex":0,"rotation":0,"texture":"#0"},"south":{"uv":[5.625,2.3125,6.125,3.0625],"tintindex":0,"rotation":0,"texture":"#0"},"north":{"uv":[1.4375,5.625,1.9375,6.375],"tintindex":0,"rotation":0,"texture":"#0"},"west":{"uv":[6.0625,6.875,6.4375,7.625],"tintindex":0,"rotation":0,"texture":"#0"},"up":{"uv":[7.6875,3.625,7.1875,3.25],"tintindex":0,"rotation":0,"texture":"#0"},"down":{"uv":[7.6875,3.625,7.1875,4.0],"tintindex":0,"rotation":0,"texture":"#0"}}},{"from":[3.8049994,-3.79,-1.4499998],"to":[6.325,-1.6900005,2.75],"faces":{"east":{"uv":[2.0,8.0625,2.25,8.1875],"tintindex":0,"rotation":0,"texture":"#0"},"south":{"uv":[5.375,8.1875,5.5625,8.3125],"tintindex":0,"rotation":0,"texture":"#0"},"north":{"uv":[8.1875,5.25,8.375,5.375],"tintindex":0,"rotation":0,"texture":"#0"},"west":{"uv":[2.25,8.0625,2.5,8.1875],"tintindex":0,"rotation":0,"texture":"#0"},"up":{"uv":[8.125,5.0,7.9375,4.75],"tintindex":0,"rotation":0,"texture":"#0"},"down":{"uv":[5.0625,7.9375,4.875,8.1875],"tintindex":0,"rotation":0,"texture":"#0"}},"rotation":{"origin":[2.2299995,-2.3199997,-0.39999962],"angle":-22.5,"axis":"x"}},{"from":[8.635,-3.79,-1.4499998],"to":[11.155,-1.6900005,2.75],"faces":{"east":{"uv":[2.5,8.0625,2.75,8.1875],"tintindex":0,"rotation":0,"texture":"#0"},"south":{"uv":[8.1875,5.5,8.375,5.625],"tintindex":0,"rotation":0,"texture":"#0"},"north":{"uv":[8.1875,5.375,8.375,5.5],"tintindex":0,"rotation":0,"texture":"#0"},"west":{"uv":[3.1875,8.0625,3.4375,8.1875],"tintindex":0,"rotation":0,"texture":"#0"},"up":{"uv":[6.125,8.1875,5.9375,7.9375],"tintindex":0,"rotation":0,"texture":"#0"},"down":{"uv":[8.125,6.0,7.9375,6.25],"tintindex":0,"rotation":0,"texture":"#0"}},"rotation":{"origin":[2.2299995,-2.3199997,-0.39999962],"angle":-22.5,"axis":"x"}},{"from":[3.3850002,-3.37,1.6999998],"to":[6.745,-1.2700005,5.9],"faces":{"east":{"uv":[8.0,5.75,8.25,5.875],"tintindex":0,"rotation":0,"texture":"#0"},"south":{"uv":[5.1875,8.1875,5.375,8.3125],"tintindex":0,"rotation":0,"texture":"#0"},"north":{"uv":[8.1875,5.125,8.375,5.25],"tintindex":0,"rotation":0,"texture":"#0"},"west":{"uv":[8.0,5.875,8.25,6.0],"tintindex":0,"rotation":0,"texture":"#0"},"up":{"uv":[4.6875,8.1875,4.5,7.9375],"tintindex":0,"rotation":0,"texture":"#0"},"down":{"uv":[4.875,7.9375,4.6875,8.1875],"tintindex":0,"rotation":0,"texture":"#0"}}},{"from":[8.215,-3.37,1.6999998],"to":[11.575,-1.2700005,5.9],"faces":{"east":{"uv":[8.0,3.5,8.25,3.625],"tintindex":0,"rotation":0,"texture":"#0"},"south":{"uv":[8.1875,5.0,8.375,5.125],"tintindex":0,"rotation":0,"texture":"#0"},"north":{"uv":[5.0,8.1875,5.1875,8.3125],"tintindex":0,"rotation":0,"texture":"#0"},"west":{"uv":[8.0,4.625,8.25,4.75],"tintindex":0,"rotation":0,"texture":"#0"},"up":{"uv":[3.1875,8.1875,3.0,7.9375],"tintindex":0,"rotation":0,"texture":"#0"},"down":{"uv":[8.125,4.0,7.9375,4.25],"tintindex":0,"rotation":0,"texture":"#0"}}}],"display":{"head":{"rotation":[0.0,0.0,0.0]},"firstperson_righthand":{"rotation":[0.0,0.0,0.0]},"thirdperson_lefthand":{"rotation":[0.0,0.0,0.0]},"firstperson_lefthand":{"rotation":[0.0,0.0,0.0]},"fixed":{"rotation":[0.0,0.0,0.0]},"ground":{"rotation":[0.0,0.0,0.0]},"thirdperson_righthand":{"rotation":[0.0,0.0,0.0]},"gui":{"rotation":[-150.0,-45.0,180.0]}}}