{"textures":{"0":"modelengine:entity/xenomorph_drone","particle":"#0"},"elements":[{"from":[6.268849,11.90661,3.8058553],"to":[7.268849,15.90661,8.805855],"faces":{"east":{"uv":[5.375,5.125,6.0,5.625],"tintindex":0,"rotation":0,"texture":"#0"},"south":{"uv":[2.25,8.125,2.375,8.625],"tintindex":0,"rotation":0,"texture":"#0"},"north":{"uv":[0.75,7.125,0.875,7.625],"tintindex":0,"rotation":0,"texture":"#0"},"west":{"uv":[5.5,0.0,6.125,0.5],"tintindex":0,"rotation":0,"texture":"#0"},"up":{"uv":[2.75,7.75,2.625,7.125],"tintindex":0,"rotation":0,"texture":"#0"},"down":{"uv":[5.875,8.0,5.75,8.625],"tintindex":0,"rotation":0,"texture":"#0"}}}],"display":{"head":{"rotation":[14.132723,5.078546,19.370056]},"firstperson_righthand":{"rotation":[14.132723,5.078546,19.370056]},"thirdperson_lefthand":{"rotation":[14.132723,-5.078546,-19.370056]},"firstperson_lefthand":{"rotation":[14.132723,-5.078546,-19.370056]},"fixed":{"rotation":[14.132723,5.078546,19.370056]},"ground":{"rotation":[14.132723,5.078546,19.370056]},"thirdperson_righthand":{"rotation":[14.132723,5.078546,19.370056]},"gui":{"rotation":[-171.40569,-48.21124,-175.64597]}}}