{"textures":{"0":"modelengine:entity/xenomorph_drone","particle":"#0"},"elements":[{"from":[8.731151,11.90661,3.8058553],"to":[9.731151,15.90661,8.805855],"faces":{"east":{"uv":[5.5,0.5,6.125,1.0],"tintindex":0,"rotation":0,"texture":"#0"},"south":{"uv":[5.375,8.25,5.5,8.75],"tintindex":0,"rotation":0,"texture":"#0"},"north":{"uv":[4.75,8.125,4.875,8.625],"tintindex":0,"rotation":0,"texture":"#0"},"west":{"uv":[5.5,1.0,6.125,1.5],"tintindex":0,"rotation":0,"texture":"#0"},"up":{"uv":[1.75,8.75,1.625,8.125],"tintindex":0,"rotation":0,"texture":"#0"},"down":{"uv":[2.0,8.125,1.875,8.75],"tintindex":0,"rotation":0,"texture":"#0"}}}],"display":{"head":{"rotation":[14.132723,-5.078546,-19.370056]},"firstperson_righthand":{"rotation":[14.132723,-5.078546,-19.370056]},"thirdperson_lefthand":{"rotation":[14.132723,5.078546,19.370056]},"firstperson_lefthand":{"rotation":[14.132723,5.078546,19.370056]},"fixed":{"rotation":[14.132723,-5.078546,-19.370056]},"ground":{"rotation":[14.132723,-5.078546,-19.370056]},"thirdperson_righthand":{"rotation":[14.132723,-5.078546,-19.370056]},"gui":{"rotation":[-168.06587,-38.346714,147.91238]}}}