{"textures":{"0":"modelengine:entity/thecrowknight","particle":"#0"},"elements":[{"from":[0.034985065,17.493835,5.206422],"to":[1.0349851,18.493835,10.206423],"faces":{"east":{"uv":[10.125,8.3125,10.75,8.4375],"tintindex":0,"rotation":0,"texture":"#0"},"south":{"uv":[8.875,6.0,9.0,6.125],"tintindex":0,"rotation":0,"texture":"#0"},"north":{"uv":[0.375,8.375,0.5,8.5],"tintindex":0,"rotation":0,"texture":"#0"},"west":{"uv":[10.1875,9.5,10.8125,9.625],"tintindex":0,"rotation":0,"texture":"#0"},"up":{"uv":[10.3125,10.75,10.1875,10.125],"tintindex":0,"rotation":0,"texture":"#0"},"down":{"uv":[4.0,10.25,3.875,10.875],"tintindex":0,"rotation":0,"texture":"#0"}}},{"from":[0.5423422,15.993836,-15.293577],"to":[0.5423422,19.993835,4.2064223],"faces":{"east":{"uv":[1.4375,0.0,3.875,0.5],"tintindex":0,"rotation":0,"texture":"#0"},"west":{"uv":[1.4375,0.5625,3.875,1.0625],"tintindex":0,"rotation":0,"texture":"#0"}}},{"from":[0.034985065,15.743836,3.7064223],"to":[1.0349851,20.243835,5.206422],"faces":{"east":{"uv":[3.9375,1.625,4.125,2.1875],"tintindex":0,"rotation":0,"texture":"#0"},"south":{"uv":[10.25,8.5,10.375,9.0625],"tintindex":0,"rotation":0,"texture":"#0"},"north":{"uv":[10.25,6.5,10.375,7.0625],"tintindex":0,"rotation":0,"texture":"#0"},"west":{"uv":[8.9375,9.6875,9.125,10.25],"tintindex":0,"rotation":0,"texture":"#0"},"up":{"uv":[2.8125,10.5625,2.6875,10.375],"tintindex":0,"rotation":0,"texture":"#0"},"down":{"uv":[3.0,10.375,2.875,10.5625],"tintindex":0,"rotation":0,"texture":"#0"}}}],"display":{"head":{"rotation":[0.0,0.0,0.0]},"firstperson_righthand":{"rotation":[0.0,0.0,0.0]},"thirdperson_lefthand":{"rotation":[0.0,0.0,0.0]},"firstperson_lefthand":{"rotation":[0.0,0.0,0.0]},"fixed":{"rotation":[0.0,0.0,0.0]},"ground":{"rotation":[0.0,0.0,0.0]},"thirdperson_righthand":{"rotation":[0.0,0.0,0.0]},"gui":{"rotation":[-150.0,-45.0,180.0]}}}