{"textures":{"0":"modelengine:entity/thecrowknight","particle":"#0"},"elements":[{"from":[11.128152,29.422626,1.1107717],"to":[11.128152,30.922626,8.110771],"faces":{"east":{"uv":[9.125,4.5,10.0,4.6875],"tintindex":0,"rotation":0,"texture":"#0"},"west":{"uv":[9.125,4.75,10.0,4.9375],"tintindex":0,"rotation":0,"texture":"#0"}}},{"from":[11.128152,29.422626,1.1107717],"to":[17.128153,30.922626,1.1107717],"faces":{"south":{"uv":[9.25,1.0,10.0,1.1875],"tintindex":0,"rotation":0,"texture":"#0"},"north":{"uv":[9.1875,2.5625,9.9375,2.75],"tintindex":0,"rotation":0,"texture":"#0"}}},{"from":[11.128152,29.422626,8.110771],"to":[15.628153,30.922626,8.110771],"faces":{"south":{"uv":[9.5,8.375,10.0625,8.5625],"tintindex":0,"rotation":0,"texture":"#0"},"north":{"uv":[9.4375,5.75,10.0,5.9375],"tintindex":0,"rotation":0,"texture":"#0"}}}],"display":{"head":{"rotation":[0.0,0.0,0.0]},"firstperson_righthand":{"rotation":[0.0,0.0,0.0]},"thirdperson_lefthand":{"rotation":[0.0,0.0,0.0]},"firstperson_lefthand":{"rotation":[0.0,0.0,0.0]},"fixed":{"rotation":[0.0,0.0,0.0]},"ground":{"rotation":[0.0,0.0,0.0]},"thirdperson_righthand":{"rotation":[0.0,0.0,0.0]},"gui":{"rotation":[-150.0,-45.0,180.0]}}}