{"textures":{"0":"modelengine:entity/thecrowknight","particle":"#0"},"elements":[{"from":[11.128153,29.422626,1.1107717],"to":[16.628153,30.922626,1.1107717],"faces":{"south":{"uv":[9.3125,7.0,10.0,7.1875],"tintindex":0,"rotation":0,"texture":"#0"},"north":{"uv":[4.1875,2.875,4.875,3.0625],"tintindex":0,"rotation":0,"texture":"#0"}}},{"from":[11.128153,29.422626,8.260772],"to":[15.628153,30.922626,8.260772],"faces":{"south":{"uv":[9.4375,0.0,10.0,0.1875],"tintindex":0,"rotation":0,"texture":"#0"},"north":{"uv":[7.9375,4.0,8.5,4.1875],"tintindex":0,"rotation":0,"texture":"#0"}}},{"from":[11.128153,29.422626,1.1107717],"to":[11.128153,30.922626,8.260772],"faces":{"east":{"uv":[4.9375,3.6875,5.8125,3.875],"tintindex":0,"rotation":0,"texture":"#0"},"west":{"uv":[8.5625,2.3125,9.4375,2.5],"tintindex":0,"rotation":0,"texture":"#0"}}}],"display":{"head":{"rotation":[0.0,0.0,0.0]},"firstperson_righthand":{"rotation":[0.0,0.0,0.0]},"thirdperson_lefthand":{"rotation":[0.0,0.0,0.0]},"firstperson_lefthand":{"rotation":[0.0,0.0,0.0]},"fixed":{"rotation":[0.0,0.0,0.0]},"ground":{"rotation":[0.0,0.0,0.0]},"thirdperson_righthand":{"rotation":[0.0,0.0,0.0]},"gui":{"rotation":[-150.0,-45.0,180.0]}}}