{"textures":{"0":"modelengine:entity/knight","particle":"#0"},"elements":[{"from":[12.450342,0.92749023,4.98757],"to":[13.700342,3.1774902,10.98757],"faces":{"east":{"uv":[11.25,4.375,12.0,4.625],"tintindex":0,"rotation":0,"texture":"#0"},"south":{"uv":[12.25,11.75,12.375,12.0],"tintindex":0,"rotation":0,"texture":"#0"},"north":{"uv":[5.5,12.25,5.625,12.5],"tintindex":0,"rotation":0,"texture":"#0"},"west":{"uv":[11.25,4.625,12.0,4.875],"tintindex":0,"rotation":0,"texture":"#0"},"up":{"uv":[5.875,13.625,5.75,12.875],"tintindex":0,"rotation":0,"texture":"#0"},"down":{"uv":[7.125,12.875,7.0,13.625],"tintindex":0,"rotation":0,"texture":"#0"}}},{"from":[12.011219,3.1880865,4.98757],"to":[13.261219,5.4380865,10.98757],"faces":{"east":{"uv":[11.25,7.875,12.0,8.125],"tintindex":0,"rotation":0,"texture":"#0"},"south":{"uv":[14.25,14.5,14.375,14.75],"tintindex":0,"rotation":0,"texture":"#0"},"north":{"uv":[14.5,13.875,14.625,14.125],"tintindex":0,"rotation":0,"texture":"#0"},"west":{"uv":[11.25,8.125,12.0,8.375],"tintindex":0,"rotation":0,"texture":"#0"},"up":{"uv":[1.25,13.875,1.125,13.125],"tintindex":0,"rotation":0,"texture":"#0"},"down":{"uv":[4.125,13.125,4.0,13.875],"tintindex":0,"rotation":0,"texture":"#0"}}},{"from":[8.967838,3.1880865,4.49212],"to":[11.967838,5.4380865,7.74212],"faces":{"east":{"uv":[13.125,10.375,13.5,10.625],"tintindex":0,"rotation":0,"texture":"#0"},"south":{"uv":[13.125,12.5,13.5,12.75],"tintindex":0,"rotation":0,"texture":"#0"},"north":{"uv":[13.125,10.125,13.5,10.375],"tintindex":0,"rotation":0,"texture":"#0"},"west":{"uv":[13.125,12.75,13.5,13.0],"tintindex":0,"rotation":0,"texture":"#0"},"up":{"uv":[2.75,12.5,2.375,12.125],"tintindex":0,"rotation":0,"texture":"#0"},"down":{"uv":[3.5,12.125,3.125,12.5],"tintindex":0,"rotation":0,"texture":"#0"}},"rotation":{"origin":[11.386218,4.3130865,7.98757],"angle":-22.5,"axis":"y"}},{"from":[8.29411,5.4138937,4.49212],"to":[11.29411,7.6638937,7.74212],"faces":{"east":{"uv":[13.25,3.75,13.625,4.0],"tintindex":0,"rotation":0,"texture":"#0"},"south":{"uv":[13.25,4.0,13.625,4.25],"tintindex":0,"rotation":0,"texture":"#0"},"north":{"uv":[13.25,2.5,13.625,2.75],"tintindex":0,"rotation":0,"texture":"#0"},"west":{"uv":[4.125,13.25,4.5,13.5],"tintindex":0,"rotation":0,"texture":"#0"},"up":{"uv":[3.875,12.5,3.5,12.125],"tintindex":0,"rotation":0,"texture":"#0"},"down":{"uv":[4.25,12.125,3.875,12.5],"tintindex":0,"rotation":0,"texture":"#0"}},"rotation":{"origin":[10.71249,6.5388937,7.98757],"angle":-22.5,"axis":"y"}},{"from":[8.29411,5.4138937,8.23302],"to":[11.29411,7.6638937,11.48302],"faces":{"east":{"uv":[13.25,12.25,13.625,12.5],"tintindex":0,"rotation":0,"texture":"#0"},"south":{"uv":[12.375,13.25,12.75,13.5],"tintindex":0,"rotation":0,"texture":"#0"},"north":{"uv":[13.25,12.0,13.625,12.25],"tintindex":0,"rotation":0,"texture":"#0"},"west":{"uv":[13.25,13.0,13.625,13.25],"tintindex":0,"rotation":0,"texture":"#0"},"up":{"uv":[2.125,12.625,1.75,12.25],"tintindex":0,"rotation":0,"texture":"#0"},"down":{"uv":[12.625,2.375,12.25,2.75],"tintindex":0,"rotation":0,"texture":"#0"}},"rotation":{"origin":[10.71249,6.5388937,7.98757],"angle":22.5,"axis":"y"}},{"from":[9.406961,0.92749023,4.49212],"to":[12.406961,3.1774902,7.74212],"faces":{"east":{"uv":[9.375,12.875,9.75,13.125],"tintindex":0,"rotation":0,"texture":"#0"},"south":{"uv":[5.875,13.0,6.25,13.25],"tintindex":0,"rotation":0,"texture":"#0"},"north":{"uv":[8.75,12.875,9.125,13.125],"tintindex":0,"rotation":0,"texture":"#0"},"west":{"uv":[6.25,13.0,6.625,13.25],"tintindex":0,"rotation":0,"texture":"#0"},"up":{"uv":[12.375,11.375,12.0,11.0],"tintindex":0,"rotation":0,"texture":"#0"},"down":{"uv":[12.0,12.0,11.625,12.375],"tintindex":0,"rotation":0,"texture":"#0"}},"rotation":{"origin":[11.825341,2.0524902,7.98757],"angle":-22.5,"axis":"y"}},{"from":[11.33749,5.4138937,4.98757],"to":[12.58749,7.6638937,10.98757],"faces":{"east":{"uv":[11.25,2.125,12.0,2.375],"tintindex":0,"rotation":0,"texture":"#0"},"south":{"uv":[1.75,11.75,1.875,12.0],"tintindex":0,"rotation":0,"texture":"#0"},"north":{"uv":[5.625,11.625,5.75,11.875],"tintindex":0,"rotation":0,"texture":"#0"},"west":{"uv":[11.25,3.125,12.0,3.375],"tintindex":0,"rotation":0,"texture":"#0"},"up":{"uv":[11.0,13.5,10.875,12.75],"tintindex":0,"rotation":0,"texture":"#0"},"down":{"uv":[12.375,12.75,12.25,13.5],"tintindex":0,"rotation":0,"texture":"#0"}}},{"from":[9.406961,0.92749023,8.23302],"to":[12.406961,3.1774902,11.48302],"faces":{"east":{"uv":[13.125,4.875,13.5,5.125],"tintindex":0,"rotation":0,"texture":"#0"},"south":{"uv":[13.125,5.25,13.5,5.5],"tintindex":0,"rotation":0,"texture":"#0"},"north":{"uv":[13.125,4.625,13.5,4.875],"tintindex":0,"rotation":0,"texture":"#0"},"west":{"uv":[13.125,5.5,13.5,5.75],"tintindex":0,"rotation":0,"texture":"#0"},"up":{"uv":[12.375,12.375,12.0,12.0],"tintindex":0,"rotation":0,"texture":"#0"},"down":{"uv":[12.5,0.0,12.125,0.375],"tintindex":0,"rotation":0,"texture":"#0"}},"rotation":{"origin":[11.825341,2.0524902,7.98757],"angle":22.5,"axis":"y"}},{"from":[8.967838,3.1880865,8.23302],"to":[11.967838,5.4380865,11.48302],"faces":{"east":{"uv":[13.125,9.375,13.5,9.625],"tintindex":0,"rotation":0,"texture":"#0"},"south":{"uv":[13.125,9.625,13.5,9.875],"tintindex":0,"rotation":0,"texture":"#0"},"north":{"uv":[9.375,13.125,9.75,13.375],"tintindex":0,"rotation":0,"texture":"#0"},"west":{"uv":[13.125,9.875,13.5,10.125],"tintindex":0,"rotation":0,"texture":"#0"},"up":{"uv":[1.75,12.5,1.375,12.125],"tintindex":0,"rotation":0,"texture":"#0"},"down":{"uv":[12.5,1.5,12.125,1.875],"tintindex":0,"rotation":0,"texture":"#0"}},"rotation":{"origin":[11.386218,4.3130865,7.98757],"angle":22.5,"axis":"y"}}],"display":{"head":{"rotation":[0.0,0.0,10.0]},"firstperson_righthand":{"rotation":[0.0,0.0,10.0]},"thirdperson_lefthand":{"rotation":[0.0,0.0,-10.0]},"firstperson_lefthand":{"rotation":[0.0,0.0,-10.0]},"fixed":{"rotation":[0.0,0.0,10.0]},"ground":{"rotation":[0.0,0.0,10.0]},"thirdperson_righthand":{"rotation":[0.0,0.0,10.0]},"gui":{"rotation":[-150.0,-45.0,-170.0]}}}