{"textures":{"0":"modelengine:entity/drone_rocketlauncher_texture","particle":"#0"},"elements":[{"from":[9.171905,-0.7709017,3.2656426],"to":[10.171905,0.22909832,15.965643],"faces":{"east":{"uv":[8.375,6.625,6.75,6.75],"tintindex":0,"rotation":0,"texture":"#0"},"south":{"uv":[9.0,1.0,8.875,1.125],"tintindex":0,"rotation":0,"texture":"#0"},"north":{"uv":[9.0,1.0,8.875,1.125],"tintindex":0,"rotation":0,"texture":"#0"},"west":{"uv":[8.375,6.5,6.75,6.625],"tintindex":0,"rotation":0,"texture":"#0"},"up":{"uv":[5.25,8.25,5.375,6.625],"tintindex":0,"rotation":0,"texture":"#0"},"down":{"uv":[5.25,6.625,5.375,8.25],"tintindex":0,"rotation":0,"texture":"#0"}},"rotation":{"origin":[5.7323904,4.2172403,8.565642],"angle":22.5,"axis":"z"}},{"from":[6.8554726,1.5332007,3.2656426],"to":[7.8554726,2.5332007,15.965643],"faces":{"east":{"uv":[2.75,6.75,1.125,6.875],"tintindex":0,"rotation":0,"texture":"#0"},"south":{"uv":[9.0,1.0,8.875,1.125],"tintindex":0,"rotation":0,"texture":"#0"},"north":{"uv":[9.0,1.0,8.875,1.125],"tintindex":0,"rotation":0,"texture":"#0"},"west":{"uv":[8.25,4.375,6.625,4.5],"tintindex":0,"rotation":0,"texture":"#0"},"up":{"uv":[5.25,8.25,5.375,6.625],"tintindex":0,"rotation":0,"texture":"#0"},"down":{"uv":[5.25,6.625,5.375,8.25],"tintindex":0,"rotation":0,"texture":"#0"}},"rotation":{"origin":[5.7323904,4.2172403,8.565642],"angle":-22.5,"axis":"z"}},{"from":[7.2428455,0.46284723,5.1060753],"to":[8.342846,1.3128471,5.956075],"faces":{"east":{"uv":[8.875,3.125,8.75,3.25],"tintindex":0,"rotation":0,"texture":"#0"},"south":{"uv":[8.875,3.0,8.75,3.125],"tintindex":0,"rotation":0,"texture":"#0"},"north":{"uv":[2.25,8.75,2.125,8.875],"tintindex":0,"rotation":0,"texture":"#0"},"west":{"uv":[8.875,2.875,8.75,3.0],"tintindex":0,"rotation":0,"texture":"#0"},"up":{"uv":[8.75,3.5,8.875,3.375],"tintindex":0,"rotation":0,"texture":"#0"},"down":{"uv":[8.75,3.5,8.875,3.625],"tintindex":0,"rotation":0,"texture":"#0"}},"rotation":{"origin":[5.7323904,4.2172403,8.565642],"angle":45.0,"axis":"x"}},{"from":[9.192845,3.4077263,4.0656424],"to":[10.392846,4.607726,10.065642],"faces":{"east":{"uv":[8.875,4.625,8.125,4.75],"tintindex":0,"rotation":0,"texture":"#0"},"south":{"uv":[9.0,0.375,8.875,0.5],"tintindex":0,"rotation":0,"texture":"#0"},"north":{"uv":[9.0,0.25,8.875,0.375],"tintindex":0,"rotation":0,"texture":"#0"},"west":{"uv":[8.125,4.625,8.875,4.75],"tintindex":0,"rotation":0,"texture":"#0"},"up":{"uv":[8.125,4.625,8.875,4.75],"tintindex":0,"rotation":90,"texture":"#0"},"down":{"uv":[8.875,4.625,8.125,4.75],"tintindex":0,"rotation":90,"texture":"#0"}}},{"from":[7.2428455,-0.45639133,6.025314],"to":[8.342846,0.39360857,6.8753138],"faces":{"east":{"uv":[8.875,3.125,8.75,3.25],"tintindex":0,"rotation":0,"texture":"#0"},"south":{"uv":[8.875,3.0,8.75,3.125],"tintindex":0,"rotation":0,"texture":"#0"},"north":{"uv":[2.25,8.75,2.125,8.875],"tintindex":0,"rotation":0,"texture":"#0"},"west":{"uv":[8.875,2.875,8.75,3.0],"tintindex":0,"rotation":0,"texture":"#0"},"up":{"uv":[8.75,3.5,8.875,3.375],"tintindex":0,"rotation":0,"texture":"#0"},"down":{"uv":[8.75,3.5,8.875,3.625],"tintindex":0,"rotation":0,"texture":"#0"}},"rotation":{"origin":[5.7323904,4.2172403,8.565642],"angle":45.0,"axis":"x"}},{"from":[5.7428455,1.3077264,3.0656424],"to":[6.7428455,5.307726,10.065642],"faces":{"east":{"uv":[0.875,5.125,0.0,5.625],"tintindex":0,"rotation":0,"texture":"#0"},"south":{"uv":[2.0,8.5,1.875,9.0],"tintindex":0,"rotation":0,"texture":"#0"},"north":{"uv":[1.875,8.5,1.75,9.0],"tintindex":0,"rotation":0,"texture":"#0"},"west":{"uv":[0.0,5.125,0.875,5.625],"tintindex":0,"rotation":0,"texture":"#0"},"up":{"uv":[4.75,8.375,4.875,7.5],"tintindex":0,"rotation":0,"texture":"#0"},"down":{"uv":[4.75,7.5,4.875,8.375],"tintindex":0,"rotation":0,"texture":"#0"}}},{"from":[6.6669664,0.9250426,3.1656427],"to":[10.818966,1.9250426,15.965643],"faces":{"east":{"uv":[8.25,2.375,6.625,2.5],"tintindex":0,"rotation":0,"texture":"#0"},"south":{"uv":[9.0,1.5,8.5,1.625],"tintindex":0,"rotation":0,"texture":"#0"},"north":{"uv":[9.0,1.5,8.5,1.625],"tintindex":0,"rotation":0,"texture":"#0"},"west":{"uv":[8.25,2.375,6.625,2.5],"tintindex":0,"rotation":0,"texture":"#0"},"up":{"uv":[0.0,3.625,0.5,2.0],"tintindex":0,"rotation":0,"texture":"#0"},"down":{"uv":[0.0,2.0,0.5,3.625],"tintindex":0,"rotation":0,"texture":"#0"}}},{"from":[7.192846,2.107726,4.0656424],"to":[8.392846,3.3077264,10.065642],"faces":{"east":{"uv":[8.875,4.625,8.125,4.75],"tintindex":0,"rotation":0,"texture":"#0"},"south":{"uv":[9.0,0.375,8.875,0.5],"tintindex":0,"rotation":0,"texture":"#0"},"north":{"uv":[9.0,0.25,8.875,0.375],"tintindex":0,"rotation":0,"texture":"#0"},"west":{"uv":[8.125,4.625,8.875,4.75],"tintindex":0,"rotation":0,"texture":"#0"},"up":{"uv":[8.125,4.625,8.875,4.75],"tintindex":0,"rotation":90,"texture":"#0"},"down":{"uv":[8.875,4.625,8.125,4.75],"tintindex":0,"rotation":90,"texture":"#0"}}},{"from":[5.7428455,1.3077264,10.065642],"to":[11.742846,5.307726,16.065643],"faces":{"east":{"uv":[4.0,5.625,3.25,6.125],"tintindex":0,"rotation":0,"texture":"#0"},"south":{"uv":[3.25,5.625,2.5,6.125],"tintindex":0,"rotation":0,"texture":"#0"},"north":{"uv":[3.25,5.625,2.5,6.125],"tintindex":0,"rotation":0,"texture":"#0"},"west":{"uv":[3.25,5.625,4.0,6.125],"tintindex":0,"rotation":0,"texture":"#0"},"up":{"uv":[0.0,5.125,0.75,4.375],"tintindex":0,"rotation":0,"texture":"#0"},"down":{"uv":[0.0,4.375,0.75,5.125],"tintindex":0,"rotation":0,"texture":"#0"}}},{"from":[6.159361,4.2207174,3.2656426],"to":[7.159361,5.2207174,15.965643],"faces":{"east":{"uv":[8.125,3.25,6.5,3.375],"tintindex":0,"rotation":0,"texture":"#0"},"south":{"uv":[9.0,0.75,8.875,0.875],"tintindex":0,"rotation":0,"texture":"#0"},"north":{"uv":[9.0,0.75,8.875,0.875],"tintindex":0,"rotation":0,"texture":"#0"},"west":{"uv":[7.75,3.875,6.125,4.0],"tintindex":0,"rotation":0,"texture":"#0"},"up":{"uv":[0.875,8.25,1.0,6.625],"tintindex":0,"rotation":0,"texture":"#0"},"down":{"uv":[5.25,6.625,5.375,8.25],"tintindex":0,"rotation":0,"texture":"#0"}},"rotation":{"origin":[5.7323904,4.2172403,8.565642],"angle":22.5,"axis":"z"}},{"from":[9.192845,2.107726,4.0656424],"to":[10.392846,3.3077264,10.065642],"faces":{"east":{"uv":[8.875,4.625,8.125,4.75],"tintindex":0,"rotation":0,"texture":"#0"},"south":{"uv":[9.0,0.375,8.875,0.5],"tintindex":0,"rotation":0,"texture":"#0"},"north":{"uv":[9.0,0.25,8.875,0.375],"tintindex":0,"rotation":0,"texture":"#0"},"west":{"uv":[8.125,4.625,8.875,4.75],"tintindex":0,"rotation":0,"texture":"#0"},"up":{"uv":[8.125,4.625,8.875,4.75],"tintindex":0,"rotation":90,"texture":"#0"},"down":{"uv":[8.875,4.625,8.125,4.75],"tintindex":0,"rotation":90,"texture":"#0"}}},{"from":[6.6669664,4.6904097,3.1656427],"to":[10.818966,5.6904097,15.965643],"faces":{"east":{"uv":[8.25,2.375,6.625,2.5],"tintindex":0,"rotation":0,"texture":"#0"},"south":{"uv":[9.0,1.5,8.5,1.625],"tintindex":0,"rotation":0,"texture":"#0"},"north":{"uv":[9.0,1.5,8.5,1.625],"tintindex":0,"rotation":0,"texture":"#0"},"west":{"uv":[8.25,2.375,6.625,2.5],"tintindex":0,"rotation":0,"texture":"#0"},"up":{"uv":[0.0,3.625,0.5,2.0],"tintindex":0,"rotation":0,"texture":"#0"},"down":{"uv":[0.0,2.0,0.5,3.625],"tintindex":0,"rotation":0,"texture":"#0"}}},{"from":[10.742846,1.3077264,3.0656424],"to":[11.742846,5.307726,10.065642],"faces":{"east":{"uv":[0.875,5.125,0.0,5.625],"tintindex":0,"rotation":0,"texture":"#0"},"south":{"uv":[1.75,8.5,1.625,9.0],"tintindex":0,"rotation":0,"texture":"#0"},"north":{"uv":[1.625,8.5,1.5,9.0],"tintindex":0,"rotation":0,"texture":"#0"},"west":{"uv":[0.0,5.125,0.875,5.625],"tintindex":0,"rotation":0,"texture":"#0"},"up":{"uv":[4.75,8.375,4.875,7.5],"tintindex":0,"rotation":0,"texture":"#0"},"down":{"uv":[4.75,7.5,4.875,8.375],"tintindex":0,"rotation":0,"texture":"#0"}}},{"from":[9.563475,3.4455,8.465643],"to":[10.563475,7.4455004,10.465643],"faces":{"east":{"uv":[7.625,5.25,7.375,5.75],"tintindex":0,"rotation":0,"texture":"#0"},"south":{"uv":[1.5,8.5,1.375,9.0],"tintindex":0,