{"textures":{"0":"modelengine:entity/drone_rocketlauncher_texture","particle":"#0"},"elements":[{"from":[9.2235775,6.0659914,-0.16997433],"to":[12.2235775,11.065991,0.83002615],"faces":{"east":{"uv":[8.5,3.375,8.375,4.0],"tintindex":0,"rotation":0,"texture":"#0"},"south":{"uv":[3.5,2.625,3.875,3.25],"tintindex":0,"rotation":0,"texture":"#0"},"north":{"uv":[3.875,2.625,3.5,3.25],"tintindex":0,"rotation":0,"texture":"#0"},"west":{"uv":[3.375,8.375,3.25,9.0],"tintindex":0,"rotation":0,"texture":"#0"},"up":{"uv":[8.5,7.75,8.875,7.625],"tintindex":0,"rotation":0,"texture":"#0"},"down":{"uv":[8.5,7.75,8.875,7.875],"tintindex":0,"rotation":0,"texture":"#0"}},"rotation":{"origin":[10.2826,9.065991,6.9437094],"angle":22.5,"axis":"y"}},{"from":[7.284818,7.0659914,6.4901724],"to":[9.284819,9.065991,9.490172],"faces":{"east":{"uv":[8.125,4.75,7.75,5.0],"tintindex":0,"rotation":0,"texture":"#0"},"south":{"uv":[0.875,8.5,0.625,8.75],"tintindex":0,"rotation":0,"texture":"#0"},"north":{"uv":[0.625,8.5,0.875,8.75],"tintindex":0,"rotation":0,"texture":"#0"},"west":{"uv":[8.125,4.5,7.75,4.75],"tintindex":0,"rotation":0,"texture":"#0"},"up":{"uv":[2.75,2.0,3.0,1.625],"tintindex":0,"rotation":0,"texture":"#0"},"down":{"uv":[2.75,1.625,3.0,2.0],"tintindex":0,"rotation":0,"texture":"#0"}}},{"from":[11.356579,11.454099,4.5901723],"to":[12.356579,13.454099,12.390173],"faces":{"east":{"uv":[7.25,6.0,6.25,6.25],"tintindex":0,"rotation":0,"texture":"#0"},"south":{"uv":[4.0,8.625,3.875,8.875],"tintindex":0,"rotation":0,"texture":"#0"},"north":{"uv":[3.875,8.625,3.75,8.875],"tintindex":0,"rotation":0,"texture":"#0"},"west":{"uv":[6.25,6.0,7.25,6.25],"tintindex":0,"rotation":0,"texture":"#0"},"up":{"uv":[6.375,8.375,6.5,7.375],"tintindex":0,"rotation":0,"texture":"#0"},"down":{"uv":[7.375,7.375,7.5,8.375],"tintindex":0,"rotation":0,"texture":"#0"}},"rotation":{"origin":[10.2826,9.065991,6.9437094],"angle":22.5,"axis":"z"}},{"from":[11.356579,4.677885,4.5901723],"to":[12.356579,6.677885,12.390173],"faces":{"east":{"uv":[7.125,3.625,6.125,3.875],"tintindex":0,"rotation":0,"texture":"#0"},"south":{"uv":[3.75,8.625,3.625,8.875],"tintindex":0,"rotation":0,"texture":"#0"},"north":{"uv":[3.75,8.625,3.625,8.875],"tintindex":0,"rotation":0,"texture":"#0"},"west":{"uv":[7.125,3.625,6.125,3.875],"tintindex":0,"rotation":0,"texture":"#0"},"up":{"uv":[0.5,8.0,0.625,7.0],"tintindex":0,"rotation":0,"texture":"#0"},"down":{"uv":[3.25,7.375,3.375,8.375],"tintindex":0,"rotation":0,"texture":"#0"}},"rotation":{"origin":[10.2826,9.065991,6.9437094],"angle":-22.5,"axis":"z"}},{"from":[11.2235775,5.0659914,0.83002615],"to":[12.2235775,12.065991,2.8300261],"faces":{"east":{"uv":[4.625,6.625,4.375,7.5],"tintindex":0,"rotation":0,"texture":"#0"},"south":{"uv":[5.125,7.5,5.0,8.375],"tintindex":0,"rotation":0,"texture":"#0"},"north":{"uv":[5.0,7.5,4.875,8.375],"tintindex":0,"rotation":0,"texture":"#0"},"west":{"uv":[4.375,6.625,4.625,7.5],"tintindex":0,"rotation":0,"texture":"#0"},"up":{"uv":[2.875,8.875,3.0,8.625],"tintindex":0,"rotation":0,"texture":"#0"},"down":{"uv":[8.625,2.875,8.75,3.125],"tintindex":0,"rotation":0,"texture":"#0"}},"rotation":{"origin":[10.2826,9.065991,6.9437094],"angle":22.5,"axis":"y"}},{"from":[6.842149,5.0659914,3.500122],"to":[13.84215,12.065991,4.500122],"faces":{"east":{"uv":[4.875,7.5,4.75,8.375],"tintindex":0,"rotation":0,"texture":"#0"},"south":{"uv":[3.25,0.0,4.125,0.875],"tintindex":0,"rotation":0,"texture":"#0"},"north":{"uv":[4.125,0.0,3.25,0.875],"tintindex":0,"rotation":0,"texture":"#0"},"west":{"uv":[4.75,7.5,4.625,8.375],"tintindex":0,"rotation":0,"texture":"#0"},"up":{"uv":[7.125,3.25,8.0,3.125],"tintindex":0,"rotation":0,"texture":"#0"},"down":{"uv":[7.125,3.625,8.0,3.75],"tintindex":0,"rotation":0,"texture":"#0"}},"rotation":{"origin":[10.2826,9.065991,6.9437094],"angle":-45.0,"axis":"y"}},{"from":[9.284819,6.0659914,4.4901724],"to":[11.284819,12.065991,12.490172],"faces":{"east":{"uv":[2.0,3.625,1.0,4.375],"tintindex":0,"rotation":0,"texture":"#0"},"south":{"uv":[6.75,6.875,6.5,7.625],"tintindex":0,"rotation":0,"texture":"#0"},"north":{"uv":[3.5,0.875,3.25,1.625],"tintindex":0,"rotation":0,"texture":"#0"},"west":{"uv":[1.0,3.625,2.0,4.375],"tintindex":0,"rotation":0,"texture":"#0"},"up":{"uv":[3.375,7.125,3.625,6.125],"tintindex":0,"rotation":0,"texture":"#0"},"down":{"uv":[3.375,6.125,3.625,7.125],"tintindex":0,"rotation":0,"texture":"#0"}}},{"from":[12.331068,6.165992,11.684441],"to":[13.331068,11.965991,13.684441],"faces":{"east":{"uv":[0.25,7.0,0.0,7.75],"tintindex":0,"rotation":0,"texture":"#0"},"south":{"uv":[4.25,7.875,4.125,8.625],"tintindex":0,"rotation":0,"texture":"#0"},"north":{"uv":[4.125,7.875,4.0,8.625],"tintindex":0,"rotation":0,"texture":"#0"},"west":{"uv":[0.0,7.0,0.25,7.75],"tintindex":0,"rotation":0,"texture":"#0"},"up":{"uv":[3.0,8.875,3.125,8.625],"tintindex":0,"rotation":0,"texture":"#0"},"down":{"uv":[3.375,8.625,3.5,8.875],"tintindex":0,"rotation":0,"texture":"#0"}},"rotation":{"origin":[10.2826,9.065991,6.9437094],"angle":-22.5,"axis":"y"}}],"display":{"head":{"rotation":[0.0,0.0,0.0]},"firstperson_righthand":{"rotation":[0.0,0.0,0.0]},"thirdperson_lefthand":{"rotation":[0.0,0.0,0.0]},"firstperson_lefthand":{"rotation":[0.0,0.0,0.0]},"fixed":{"rotation":[0.0,0.0,0.0]},"ground":{"rotation":[0.0,0.0,0.0]},"thirdperson_righthand":{"rotation":[0.0,0.0,0.0]},"gui":{"rotation":[-150.0,-45.0,180.0]}}}