{"textures":{"0":"modelengine:entity/drone_rocketlauncher_texture","particle":"#0"},"elements":[{"from":[2.6689315,6.165992,11.684441],"to":[3.6689315,11.965991,13.684441],"faces":{"east":{"uv":[0.25,7.0,0.0,7.75],"tintindex":0,"rotation":0,"texture":"#0"},"south":{"uv":[4.125,7.875,4.25,8.625],"tintindex":0,"rotation":0,"texture":"#0"},"north":{"uv":[4.0,7.875,4.125,8.625],"tintindex":0,"rotation":0,"texture":"#0"},"west":{"uv":[0.0,7.0,0.25,7.75],"tintindex":0,"rotation":0,"texture":"#0"},"up":{"uv":[3.125,8.875,3.0,8.625],"tintindex":0,"rotation":0,"texture":"#0"},"down":{"uv":[3.5,8.625,3.375,8.875],"tintindex":0,"rotation":0,"texture":"#0"}},"rotation":{"origin":[5.717399,9.065991,6.9437094],"angle":22.5,"axis":"y"}},{"from":[2.1578507,5.0659914,3.500122],"to":[9.157851,12.065991,4.500122],"faces":{"east":{"uv":[4.625,7.5,4.75,8.375],"tintindex":0,"rotation":0,"texture":"#0"},"south":{"uv":[4.125,0.0,3.25,0.875],"tintindex":0,"rotation":0,"texture":"#0"},"north":{"uv":[3.25,0.0,4.125,0.875],"tintindex":0,"rotation":0,"texture":"#0"},"west":{"uv":[4.75,7.5,4.875,8.375],"tintindex":0,"rotation":0,"texture":"#0"},"up":{"uv":[8.0,3.25,7.125,3.125],"tintindex":0,"rotation":0,"texture":"#0"},"down":{"uv":[8.0,3.625,7.125,3.75],"tintindex":0,"rotation":0,"texture":"#0"}},"rotation":{"origin":[5.717399,9.065991,6.9437094],"angle":45.0,"axis":"y"}},{"from":[3.776423,6.0659914,-0.16997433],"to":[6.7764225,11.065991,0.83002615],"faces":{"east":{"uv":[3.25,8.375,3.375,9.0],"tintindex":0,"rotation":0,"texture":"#0"},"south":{"uv":[3.875,2.625,3.5,3.25],"tintindex":0,"rotation":0,"texture":"#0"},"north":{"uv":[3.5,2.625,3.875,3.25],"tintindex":0,"rotation":0,"texture":"#0"},"west":{"uv":[8.375,3.375,8.5,4.0],"tintindex":0,"rotation":0,"texture":"#0"},"up":{"uv":[8.875,7.75,8.5,7.625],"tintindex":0,"rotation":0,"texture":"#0"},"down":{"uv":[8.875,7.75,8.5,7.875],"tintindex":0,"rotation":0,"texture":"#0"}},"rotation":{"origin":[5.717399,9.065991,6.9437094],"angle":-22.5,"axis":"y"}},{"from":[6.715182,7.0659914,6.4901724],"to":[8.715181,9.065991,9.490172],"faces":{"east":{"uv":[7.75,4.5,8.125,4.75],"tintindex":0,"rotation":0,"texture":"#0"},"south":{"uv":[0.625,8.5,0.875,8.75],"tintindex":0,"rotation":0,"texture":"#0"},"north":{"uv":[0.875,8.5,0.625,8.75],"tintindex":0,"rotation":0,"texture":"#0"},"west":{"uv":[7.75,4.75,8.125,5.0],"tintindex":0,"rotation":0,"texture":"#0"},"up":{"uv":[3.0,2.0,2.75,1.625],"tintindex":0,"rotation":0,"texture":"#0"},"down":{"uv":[3.0,1.625,2.75,2.0],"tintindex":0,"rotation":0,"texture":"#0"}}},{"from":[4.715182,6.0659914,4.4901724],"to":[6.715182,12.065991,12.490172],"faces":{"east":{"uv":[2.0,3.625,1.0,4.375],"tintindex":0,"rotation":0,"texture":"#0"},"south":{"uv":[6.5,6.875,6.75,7.625],"tintindex":0,"rotation":0,"texture":"#0"},"north":{"uv":[3.25,0.875,3.5,1.625],"tintindex":0,"rotation":0,"texture":"#0"},"west":{"uv":[1.0,3.625,2.0,4.375],"tintindex":0,"rotation":0,"texture":"#0"},"up":{"uv":[3.625,7.125,3.375,6.125],"tintindex":0,"rotation":0,"texture":"#0"},"down":{"uv":[3.625,6.125,3.375,7.125],"tintindex":0,"rotation":0,"texture":"#0"}}},{"from":[3.6434207,11.454099,4.5901723],"to":[4.6434207,13.454099,12.390173],"faces":{"east":{"uv":[7.25,6.0,6.25,6.25],"tintindex":0,"rotation":0,"texture":"#0"},"south":{"uv":[3.875,8.625,4.0,8.875],"tintindex":0,"rotation":0,"texture":"#0"},"north":{"uv":[3.75,8.625,3.875,8.875],"tintindex":0,"rotation":0,"texture":"#0"},"west":{"uv":[6.25,6.0,7.25,6.25],"tintindex":0,"rotation":0,"texture":"#0"},"up":{"uv":[6.5,8.375,6.375,7.375],"tintindex":0,"rotation":0,"texture":"#0"},"down":{"uv":[7.5,7.375,7.375,8.375],"tintindex":0,"rotation":0,"texture":"#0"}},"rotation":{"origin":[5.717399,9.065991,6.9437094],"angle":-22.5,"axis":"z"}},{"from":[3.776423,5.0659914,0.83002615],"to":[4.7764225,12.065991,2.8300261],"faces":{"east":{"uv":[4.625,6.625,4.375,7.5],"tintindex":0,"rotation":0,"texture":"#0"},"south":{"uv":[5.0,7.5,5.125,8.375],"tintindex":0,"rotation":0,"texture":"#0"},"north":{"uv":[4.875,7.5,5.0,8.375],"tintindex":0,"rotation":0,"texture":"#0"},"west":{"uv":[4.375,6.625,4.625,7.5],"tintindex":0,"rotation":0,"texture":"#0"},"up":{"uv":[3.0,8.875,2.875,8.625],"tintindex":0,"rotation":0,"texture":"#0"},"down":{"uv":[8.75,2.875,8.625,3.125],"tintindex":0,"rotation":0,"texture":"#0"}},"rotation":{"origin":[5.717399,9.065991,6.9437094],"angle":-22.5,"axis":"y"}},{"from":[3.6434207,4.677885,4.5901723],"to":[4.6434207,6.677885,12.390173],"faces":{"east":{"uv":[6.125,3.625,7.125,3.875],"tintindex":0,"rotation":0,"texture":"#0"},"south":{"uv":[3.625,8.625,3.75,8.875],"tintindex":0,"rotation":0,"texture":"#0"},"north":{"uv":[3.625,8.625,3.75,8.875],"tintindex":0,"rotation":0,"texture":"#0"},"west":{"uv":[6.125,3.625,7.125,3.875],"tintindex":0,"rotation":0,"texture":"#0"},"up":{"uv":[0.625,8.0,0.5,7.0],"tintindex":0,"rotation":0,"texture":"#0"},"down":{"uv":[3.375,7.375,3.25,8.375],"tintindex":0,"rotation":0,"texture":"#0"}},"rotation":{"origin":[5.717399,9.065991,6.9437094],"angle":22.5,"axis":"z"}}],"display":{"head":{"rotation":[0.0,0.0,0.0]},"firstperson_righthand":{"rotation":[0.0,0.0,0.0]},"thirdperson_lefthand":{"rotation":[0.0,0.0,0.0]},"firstperson_lefthand":{"rotation":[0.0,0.0,0.0]},"fixed":{"rotation":[0.0,0.0,0.0]},"ground":{"rotation":[0.0,0.0,0.0]},"thirdperson_righthand":{"rotation":[0.0,0.0,0.0]},"gui":{"rotation":[-150.0,-45.0,180.0]}}}