{"textures":{"0":"modelengine:entity/xenomorph_drone","particle":"#0"},"elements":[{"from":[7.323223,8.330521,4.9229646],"to":[8.323223,12.330521,9.922964],"faces":{"east":{"uv":[5.375,3.125,6.0,3.625],"tintindex":0,"rotation":0,"texture":"#0"},"south":{"uv":[2.375,6.625,2.5,7.125],"tintindex":0,"rotation":0,"texture":"#0"},"north":{"uv":[5.0,0.625,5.125,1.125],"tintindex":0,"rotation":0,"texture":"#0"},"west":{"uv":[5.375,3.625,6.0,4.125],"tintindex":0,"rotation":0,"texture":"#0"},"up":{"uv":[0.625,4.125,0.5,3.5],"tintindex":0,"rotation":0,"texture":"#0"},"down":{"uv":[3.375,4.75,3.25,5.375],"tintindex":0,"rotation":0,"texture":"#0"}}}],"display":{"head":{"rotation":[3.5400248,3.5332873,44.890778]},"firstperson_righthand":{"rotation":[3.5400248,3.5332873,44.890778]},"thirdperson_lefthand":{"rotation":[3.5400248,-3.5332873,-44.890778]},"firstperson_lefthand":{"rotation":[3.5400248,-3.5332873,-44.890778]},"fixed":{"rotation":[3.5400248,3.5332873,44.890778]},"ground":{"rotation":[3.5400248,3.5332873,44.890778]},"thirdperson_righthand":{"rotation":[3.5400248,3.5332873,44.890778]},"gui":{"rotation":[-155.32788,-48.4169,-138.88106]}}}