{"textures":{"0":"modelengine:entity/xenomorph_drone","particle":"#0"},"elements":[{"from":[7.676777,8.330521,4.9229646],"to":[8.676777,12.330521,9.922964],"faces":{"east":{"uv":[5.375,4.125,6.0,4.625],"tintindex":0,"rotation":0,"texture":"#0"},"south":{"uv":[1.875,6.75,2.0,7.25],"tintindex":0,"rotation":0,"texture":"#0"},"north":{"uv":[4.875,6.625,5.0,7.125],"tintindex":0,"rotation":0,"texture":"#0"},"west":{"uv":[5.375,4.625,6.0,5.125],"tintindex":0,"rotation":0,"texture":"#0"},"up":{"uv":[1.0,5.75,0.875,5.125],"tintindex":0,"rotation":0,"texture":"#0"},"down":{"uv":[2.875,5.125,2.75,5.75],"tintindex":0,"rotation":0,"texture":"#0"}}}],"display":{"head":{"rotation":[3.5400248,-3.5332873,-44.890778]},"firstperson_righthand":{"rotation":[3.5400248,-3.5332873,-44.890778]},"thirdperson_lefthand":{"rotation":[3.5400248,3.5332873,44.890778]},"firstperson_lefthand":{"rotation":[3.5400248,3.5332873,44.890778]},"fixed":{"rotation":[3.5400248,-3.5332873,-44.890778]},"ground":{"rotation":[3.5400248,-3.5332873,-44.890778]},"thirdperson_righthand":{"rotation":[3.5400248,-3.5332873,-44.890778]},"gui":{"rotation":[-154.71005,-41.363827,131.77425]}}}