{"textures":{"0":"modelengine:entity/gm_dragon_angeltexturedeath","particle":"#0"},"elements":[{"from":[2.8948498,3.202549,1.6086159],"to":[7.296788,11.4561825,6.0105534],"faces":{"east":{"uv":[7.8125,2.9375,7.9375,3.1875],"tintindex":0,"rotation":0,"texture":"#0"},"south":{"uv":[3.0625,7.8125,3.1875,8.0625],"tintindex":0,"rotation":0,"texture":"#0"},"north":{"uv":[2.75,7.8125,2.875,8.0625],"tintindex":0,"rotation":0,"texture":"#0"},"west":{"uv":[3.1875,7.8125,3.3125,8.0625],"tintindex":0,"rotation":0,"texture":"#0"},"up":{"uv":[3.0,8.0,2.875,7.875],"tintindex":0,"rotation":0,"texture":"#0"},"down":{"uv":[8.0,3.1875,7.875,3.3125],"tintindex":0,"rotation":0,"texture":"#0"}},"rotation":{"origin":[5.0958195,4.5850677,4.94631],"angle":45.0,"axis":"x"}},{"from":[2.8948498,-0.49419022,2.7571306],"to":[7.296788,7.07164,7.159068],"faces":{"east":{"uv":[7.1875,7.8125,7.3125,8.0],"tintindex":0,"rotation":0,"texture":"#0"},"south":{"uv":[7.8125,7.3125,7.9375,7.5],"tintindex":0,"rotation":0,"texture":"#0"},"north":{"uv":[7.8125,7.125,7.9375,7.3125],"tintindex":0,"rotation":0,"texture":"#0"},"west":{"uv":[7.75,7.8125,7.875,8.0],"tintindex":0,"rotation":0,"texture":"#0"},"up":{"uv":[8.0,2.75,7.875,2.625],"tintindex":0,"rotation":0,"texture":"#0"},"down":{"uv":[8.0,2.75,7.875,2.875],"tintindex":0,"rotation":0,"texture":"#0"}},"rotation":{"origin":[5.0958195,3.6326256,4.9580994],"angle":-22.5,"axis":"x"}},{"from":[5.2333794,-7.484106,3.5890398],"to":[5.2333794,2.145132,10.054386],"faces":{"east":{"uv":[7.5625,7.625,7.75,7.875],"tintindex":0,"rotation":0,"texture":"#0"},"west":{"uv":[7.6875,0.0,7.875,0.25],"tintindex":0,"rotation":0,"texture":"#0"}},"rotation":{"origin":[5.0958195,-3.3572903,7.8534174],"angle":-22.5,"axis":"x"}}],"display":{"head":{"rotation":[0.0,0.0,0.0]},"firstperson_righthand":{"rotation":[0.0,0.0,0.0]},"thirdperson_lefthand":{"rotation":[0.0,0.0,0.0]},"firstperson_lefthand":{"rotation":[0.0,0.0,0.0]},"fixed":{"rotation":[0.0,0.0,0.0]},"ground":{"rotation":[0.0,0.0,0.0]},"thirdperson_righthand":{"rotation":[0.0,0.0,0.0]},"gui":{"rotation":[-150.0,-45.0,180.0]}}}