{"textures":{"0":"modelengine:entity/gm_dragon_angeltexturedeath","particle":"#0"},"elements":[{"from":[5.020941,-10.134445,6.9246154],"to":[12.1740885,-1.8808117,6.9246154],"faces":{"south":{"uv":[7.6875,0.5,7.875,0.75],"tintindex":0,"rotation":0,"texture":"#0"},"north":{"uv":[7.6875,0.25,7.875,0.5],"tintindex":0,"rotation":0,"texture":"#0"}},"rotation":{"origin":[9.97312,-8.071037,6.787055],"angle":22.5,"axis":"z"}},{"from":[4.876833,-4.520136,5.273889],"to":[9.27877,3.0456944,8.3002205],"faces":{"east":{"uv":[5.3125,6.0,5.375,6.1875],"tintindex":0,"rotation":0,"texture":"#0"},"south":{"uv":[7.0625,7.8125,7.1875,8.0],"tintindex":0,"rotation":0,"texture":"#0"},"north":{"uv":[7.8125,6.9375,7.9375,7.125],"tintindex":0,"rotation":0,"texture":"#0"},"west":{"uv":[4.8125,6.0625,4.875,6.25],"tintindex":0,"rotation":0,"texture":"#0"},"up":{"uv":[6.5,1.25,6.375,1.1875],"tintindex":0,"rotation":0,"texture":"#0"},"down":{"uv":[6.625,1.1875,6.5,1.25],"tintindex":0,"rotation":0,"texture":"#0"}},"rotation":{"origin":[7.0778027,-1.0811214,6.787055],"angle":22.5,"axis":"z"}},{"from":[4.876833,0.7328758,4.5860863],"to":[9.27877,8.986509,8.988024],"faces":{"east":{"uv":[7.8125,1.75,7.9375,2.0],"tintindex":0,"rotation":0,"texture":"#0"},"south":{"uv":[7.8125,2.25,7.9375,2.5],"tintindex":0,"rotation":0,"texture":"#0"},"north":{"uv":[5.8125,7.75,5.9375,8.0],"tintindex":0,"rotation":0,"texture":"#0"},"west":{"uv":[2.625,7.8125,2.75,8.0625],"tintindex":0,"rotation":0,"texture":"#0"},"up":{"uv":[7.9375,7.625,7.8125,7.5],"tintindex":0,"rotation":0,"texture":"#0"},"down":{"uv":[8.0,2.5,7.875,2.625],"tintindex":0,"rotation":0,"texture":"#0"}},"rotation":{"origin":[7.0778027,4.8596916,6.787055],"angle":-22.5,"axis":"z"}}],"display":{"head":{"rotation":[0.0,0.0,0.0]},"firstperson_righthand":{"rotation":[0.0,0.0,0.0]},"thirdperson_lefthand":{"rotation":[0.0,0.0,0.0]},"firstperson_lefthand":{"rotation":[0.0,0.0,0.0]},"fixed":{"rotation":[0.0,0.0,0.0]},"ground":{"rotation":[0.0,0.0,0.0]},"thirdperson_righthand":{"rotation":[0.0,0.0,0.0]},"gui":{"rotation":[-150.0,-45.0,180.0]}}}