{"textures":{"0":"modelengine:entity/gm_dragon_angeltexturedeath","particle":"#0"},"elements":[{"from":[6.0334263,0.7328758,4.677793],"to":[10.435364,8.986509,9.079731],"faces":{"east":{"uv":[4.4375,7.8125,4.5625,8.0625],"tintindex":0,"rotation":0,"texture":"#0"},"south":{"uv":[7.8125,4.4375,7.9375,4.6875],"tintindex":0,"rotation":0,"texture":"#0"},"north":{"uv":[7.8125,4.1875,7.9375,4.4375],"tintindex":0,"rotation":0,"texture":"#0"},"west":{"uv":[7.8125,4.6875,7.9375,4.9375],"tintindex":0,"rotation":0,"texture":"#0"},"up":{"uv":[3.5625,8.0,3.4375,7.875],"tintindex":0,"rotation":0,"texture":"#0"},"down":{"uv":[3.6875,7.875,3.5625,8.0],"tintindex":0,"rotation":0,"texture":"#0"}},"rotation":{"origin":[8.234394,4.8596935,6.878762],"angle":22.5,"axis":"z"}},{"from":[6.0334263,-4.520134,5.365596],"to":[10.435364,3.0456963,8.391928],"faces":{"east":{"uv":[6.6875,2.6875,6.75,2.875],"tintindex":0,"rotation":0,"texture":"#0"},"south":{"uv":[7.875,0.5625,8.0,0.75],"tintindex":0,"rotation":0,"texture":"#0"},"north":{"uv":[7.875,0.375,8.0,0.5625],"tintindex":0,"rotation":0,"texture":"#0"},"west":{"uv":[7.0,2.5,7.0625,2.6875],"tintindex":0,"rotation":0,"texture":"#0"},"up":{"uv":[5.75,7.1875,5.625,7.125],"tintindex":0,"rotation":0,"texture":"#0"},"down":{"uv":[7.625,5.5,7.5,5.5625],"tintindex":0,"rotation":0,"texture":"#0"}},"rotation":{"origin":[8.234394,-1.0811214,6.878762],"angle":-22.5,"axis":"z"}},{"from":[3.1381083,-10.134445,6.7412014],"to":[10.291256,-1.8808117,6.7412014],"faces":{"south":{"uv":[7.6875,5.75,7.875,6.0],"tintindex":0,"rotation":0,"texture":"#0"},"north":{"uv":[7.6875,5.5,7.875,5.75],"tintindex":0,"rotation":0,"texture":"#0"}},"rotation":{"origin":[5.339077,-8.071037,6.878762],"angle":-22.5,"axis":"z"}}],"display":{"head":{"rotation":[0.0,0.0,0.0]},"firstperson_righthand":{"rotation":[0.0,0.0,0.0]},"thirdperson_lefthand":{"rotation":[0.0,0.0,0.0]},"firstperson_lefthand":{"rotation":[0.0,0.0,0.0]},"fixed":{"rotation":[0.0,0.0,0.0]},"ground":{"rotation":[0.0,0.0,0.0]},"thirdperson_righthand":{"rotation":[0.0,0.0,0.0]},"gui":{"rotation":[-150.0,-45.0,180.0]}}}