{"textures":{"0":"modelengine:entity/cerberus","particle":"#0"},"elements":[{"from":[-0.6048908,-2.2767563,16.066532],"to":[16.380491,14.323231,22.95312],"faces":{"east":{"uv":[2.0625,5.84375,2.28125,6.359375],"tintindex":0,"rotation":0,"texture":"#0"},"south":{"uv":[1.875,2.90625,2.40625,3.421875],"tintindex":0,"rotation":0,"texture":"#0"},"north":{"uv":[2.90625,0.84375,3.4375,1.359375],"tintindex":0,"rotation":0,"texture":"#0"},"west":{"uv":[2.28125,5.84375,2.5,6.359375],"tintindex":0,"rotation":0,"texture":"#0"},"up":{"uv":[6.28125,0.5625,5.75,0.34375],"tintindex":0,"rotation":0,"texture":"#0"},"down":{"uv":[1.40625,5.875,0.875,6.09375],"tintindex":0,"rotation":0,"texture":"#0"}},"rotation":{"origin":[24.497309,7.0,8.0],"angle":-45.0,"axis":"x"}},{"from":[-2.7438908,-1.527895,-11.610188],"to":[18.519491,17.392094,3.970399],"faces":{"east":{"uv":[1.375,2.5,1.859375,3.09375],"tintindex":0,"rotation":0,"texture":"#0"},"south":{"uv":[1.9375,0.0,2.609375,0.59375],"tintindex":0,"rotation":0,"texture":"#0"},"north":{"uv":[0.0,1.9375,0.671875,2.53125],"tintindex":0,"rotation":0,"texture":"#0"},"west":{"uv":[0.0,2.53125,0.484375,3.125],"tintindex":0,"rotation":0,"texture":"#0"},"up":{"uv":[2.890625,2.578125,2.21875,2.09375],"tintindex":0,"rotation":0,"texture":"#0"},"down":{"uv":[1.359375,2.5,0.6875,2.984375],"tintindex":0,"rotation":0,"texture":"#0"}}},{"from":[-0.5738907,1.5081062,2.0518122],"to":[16.349491,16.788094,19.0124],"faces":{"east":{"uv":[0.5,3.0,1.03125,3.484375],"tintindex":0,"rotation":0,"texture":"#0"},"south":{"uv":[1.03125,3.09375,1.5625,3.578125],"tintindex":0,"rotation":0,"texture":"#0"},"north":{"uv":[2.90625,2.09375,3.4375,2.578125],"tintindex":0,"rotation":0,"texture":"#0"},"west":{"uv":[2.40625,3.125,2.9375,3.609375],"tintindex":0,"rotation":0,"texture":"#0"},"up":{"uv":[3.375,3.125,2.84375,2.59375],"tintindex":0,"rotation":0,"texture":"#0"},"down":{"uv":[3.4375,0.3125,2.90625,0.84375],"tintindex":0,"rotation":0,"texture":"#0"}},"rotation":{"origin":[24.497309,7.0,8.0],"angle":-22.5,"axis":"x"}}],"display":{"head":{"rotation":[0.0,0.0,0.0]},"firstperson_righthand":{"rotation":[0.0,0.0,0.0]},"thirdperson_lefthand":{"rotation":[0.0,0.0,0.0]},"firstperson_lefthand":{"rotation":[0.0,0.0,0.0]},"fixed":{"rotation":[0.0,0.0,0.0]},"ground":{"rotation":[0.0,0.0,0.0]},"thirdperson_righthand":{"rotation":[0.0,0.0,0.0]},"gui":{"rotation":[-150.0,-45.0,180.0]}}}