{"textures":{"0":"modelengine:entity/cerberus","particle":"#0"},"elements":[{"from":[0.9267998,14.446362,-2.2518063],"to":[5.1247606,18.059605,4.421873],"faces":{"east":{"uv":[4.875,8.21875,5.078125,8.328125],"tintindex":0,"rotation":0,"texture":"#0"},"south":{"uv":[8.25,8.21875,8.375,8.328125],"tintindex":0,"rotation":0,"texture":"#0"},"north":{"uv":[8.25,8.09375,8.375,8.203125],"tintindex":0,"rotation":0,"texture":"#0"},"west":{"uv":[8.21875,4.96875,8.421875,5.078125],"tintindex":0,"rotation":0,"texture":"#0"},"up":{"uv":[0.125,8.421875,0.0,8.21875],"tintindex":0,"rotation":0,"texture":"#0"},"down":{"uv":[0.25,8.21875,0.125,8.421875],"tintindex":0,"rotation":0,"texture":"#0"}},"rotation":{"origin":[3.0257797,16.252983,1.0850315],"angle":-45.0,"axis":"x"}},{"from":[1.7942295,5.132805,4.951742],"to":[14.19077,10.290882,10.08688],"faces":{"east":{"uv":[0.65625,8.21875,0.8125,8.375],"tintindex":0,"rotation":0,"texture":"#0"},"south":{"uv":[6.125,7.28125,6.515625,7.4375],"tintindex":0,"rotation":0,"texture":"#0"},"north":{"uv":[5.71875,7.28125,6.109375,7.4375],"tintindex":0,"rotation":0,"texture":"#0"},"west":{"uv":[0.8125,8.21875,0.96875,8.375],"tintindex":0,"rotation":0,"texture":"#0"},"up":{"uv":[6.921875,7.4375,6.53125,7.28125],"tintindex":0,"rotation":0,"texture":"#0"},"down":{"uv":[0.390625,7.3125,0.0,7.46875],"tintindex":0,"rotation":0,"texture":"#0"}},"rotation":{"origin":[6.36893,4.5685387,4.8611164],"angle":45.0,"axis":"x"}},{"from":[1.8442307,2.1328049,6.4868793],"to":[14.14077,10.282806,14.622019],"faces":{"east":{"uv":[7.15625,2.0,7.40625,2.25],"tintindex":0,"rotation":0,"texture":"#0"},"south":{"uv":[6.375,4.5625,6.765625,4.8125],"tintindex":0,"rotation":0,"texture":"#0"},"north":{"uv":[2.3125,6.375,2.703125,6.625],"tintindex":0,"rotation":0,"texture":"#0"},"west":{"uv":[4.5,7.15625,4.75,7.40625],"tintindex":0,"rotation":0,"texture":"#0"},"up":{"uv":[6.765625,5.0625,6.375,4.8125],"tintindex":0,"rotation":0,"texture":"#0"},"down":{"uv":[1.484375,6.40625,1.09375,6.65625],"tintindex":0,"rotation":0,"texture":"#0"}},"rotation":{"origin":[6.36893,4.5685387,4.8611164],"angle":45.0,"axis":"x"}},{"from":[3.6689606,4.8667984,2.9700031],"to":[12.31604,11.648121,12.227043],"faces":{"east":{"uv":[7.03125,5.59375,7.328125,5.8125],"tintindex":0,"rotation":0,"texture":"#0"},"south":{"uv":[0.40625,7.40625,0.671875,7.625],"tintindex":0,"rotation":0,"texture":"#0"},"north":{"uv":[7.375,6.84375,7.640625,7.0625],"tintindex":0,"rotation":0,"texture":"#0"},"west":{"uv":[7.03125,5.8125,7.328125,6.03125],"tintindex":0,"rotation":0,"texture":"#0"},"up":{"uv":[7.046875,4.828125,6.78125,4.53125],"tintindex":0,"rotation":0,"texture":"#0"},"down":{"uv":[7.078125,6.3125,6.8125,6.609375],"tintindex":0,"rotation":0,"texture":"#0"}}},{"from":[5.1272793,8.440235,-8.728163],"to":[10.857721,13.316322,4.448736],"faces":{"east":{"uv":[5.34375,7.09375,5.75,7.25],"tintindex":0,"rotation":0,"texture":"#0"},"south":{"uv":[8.15625,4.46875,8.328125,4.625],"tintindex":0,"rotation":0,"texture":"#0"},"north":{"uv":[8.15625,2.0625,8.328125,2.21875],"tintindex":0,"rotation":0,"texture":"#0"},"west":{"uv":[7.09375,6.25,7.5,6.40625],"tintindex":0,"rotation":0,"texture":"#0"},"up":{"uv":[7.109375,3.03125,6.9375,2.625],"tintindex":0,"rotation":0,"texture":"#0"},"down":{"uv":[5.328125,6.9375,5.15625,7.34375],"tintindex":0,"rotation":0,"texture":"#0"}}},{"from":[1.034441,16.732521,2.1670628],"to":[5.0171204,19.889957,5.6115437],"faces":{"east":{"uv":[8.28125,3.4375,8.390625,3.53125],"tintindex":0,"rotation":0,"texture":"#0"},"south":{"uv":[8.28125,1.3125,8.40625,1.40625],"tintindex":0,"rotation":0,"texture":"#0"},"north":{"uv":[8.25,7.125,8.375,7.21875],"tintindex":0,"rotation":0,"texture":"#0"},"west":{"uv":[8.28125,3.53125,8.390625,3.625],"tintindex":0,"rotation":0,"texture":"#0"},"up":{"uv":[8.40625,0.796875,8.28125,0.6875],"tintindex":0,"rotation":0,"texture":"#0"},"down":{"uv":[8.40625,0.8125,8.28125,0.921875],"tintindex":0,"rotation":0,"texture":"#0"}}},{"from":[10.86024,14.446362,-2.2518063],"to":[15.058201,18.059605,4.421873],"faces":{"east":{"uv":[5.09375,8.21875,5.296875,8.328125],"tintindex":0,"rotation":0,"texture":"#0"},"south":{"uv":[8.28125,1.1875,8.40625,1.296875],"tintindex":0,"rotation":0,"texture":"#0"},"north":{"uv":[1.09375,8.28125,1.21875,8.390625],"tintindex":0,"rotation":0,"texture":"#0"},"west":{"uv":[8.21875,5.09375,8.421875,5.203125],"tintindex":0,"rotation":0,"texture":"#0"},"up":{"uv":[0.375,8.421875,0.25,8.21875],"tintindex":0,"rotation":0,"texture":"#0"},"down":{"uv":[0.5,8.21875,0.375,8.421875],"tintindex":0,"rotation":0,"texture":"#0"}},"rotation":{"origin":[12.959221,16.252983,1.0850315],"angle":-45.0,"axis":"x"}},{"from":[2.756096,8.389454,-8.2387295],"to":[6.119399,12.156849,2.6834393],"faces":{"east":{"uv":[2.75,7.8125,3.09375,7.9375],"tintindex":0,"rotation":0,"texture":"#0"},"south":{"uv":[7.71875,8.25,7.828125,8.375],"tintindex":0,"rotation":0,"texture":"#0"},"north":{"uv":[8.25,7.0,8.359375,7.125],"tintindex":0,"rotation":0,"texture":"#0"},"west":{"uv":[3.09375,7.8125,3.4375,7.9375],"tintindex":0,"rotation":0,"texture":"#0"},"up":{"uv":[6.609375,8.21875,6.5,7.875],"tintindex":0,"rotation":0,"texture":"#0"},"down":{"uv":[6.734375,7.875,6.625,8.21875],"tintindex":0,"rotation":0,"texture":"#0"}},"rotation":{"origin":[4.437747,10.273151,-2.777647],"angle":22.5,"axis":"z"}},{"from":[0.8387718,15.425823,5.591463],"to":[1.2839317,24.427067,10.471142],"faces":{"east":{"uv":[3.65625,7.75,3.8125,8.03125],"tintindex":0,"rotation":0,"texture":"#0"},"south":{"uv":[5.75,6.125,5.765625,6.40625],"tintindex":0,"rotation":0,"texture":"#0"},"north":{"uv":[5.71875,6.125,5.734375,6.40625],"tintindex":0,"rotation":0,"texture":"#0"},"west":{"uv":[7.78125,1.84375,7.9375,2.125],"tintindex":0,"rotation":0,"texture":"#0"},"up":{"uv":[2.578125,4.625,2.5625,4.46875],"tintindex":0,"rotation":0,"texture":"#0"},"down":{"uv":[2.609375,4.46875,2.59375,4.625],"tintindex":0,"rotation":0,"texture":"#0"}},"rotation":{"origin":[1.0613518,19.926441,8.0313015],"angle":22.5,"axis":"z"}},{"from":[4.1272793,5.0641365,-7.728163],"to":[11.857721,8.440224,4.448736],"faces":{"east":{"uv":[7.84375,5.375,8.21875,5.484375],"tintindex":0,"rotation":0,"texture":"#0"},"south":{"uv":[3.125,8.1875,3.359375,8.296875],"tintindex":0,"rotation":0,"texture":"#0"},"north":{"uv":[2.875,8.1875,3.109375,8.296875],"tintindex":0,"rotation":0,"texture":"#0"},"west":{"uv":[7.84375,5.5,8.21875,5.609375],"tintindex":0,"rotation":0,"texture":"#0"},"up":{"uv":[1.734375,6.96875,1.5,6.59375],"tintindex":0,"rotation":0,"texture":"#0"},"down":{"uv":[6.828125,1.5,6.59375,1.875],"tintindex":0,"rotation":0,"texture":"#0"}}},{"from":[2.1620007,10.883163,12.335014],"to":[13.823,18.453846,17.080454],"faces":{"east":{"uv":[8.0,4.375,8.140625,4.609375],"tintindex":0,"rotation":0,"texture":"#0"},"south":{"uv":[6.6875,3.65625,7.046875,3.890625],"tintindex":0,"rotation":0,"texture":"#0"},"north":{"uv":[6.6875,3.40625,7.046875,3.640625],"tintindex":0,"rotation":0,"texture":"#0"},"west":{"uv":[1.09375,8.03125,1.234375,8.265625],"tintindex":0,"rotation":0,"texture":"#0"},"up":{"uv":[4.765625,7.578125,4.40625,7.4375],"tintindex":0,"rotation":0,"texture":"#0"},"down":{"uv":[5.140625,7.4375,4.78125,7.578125],"tintindex":0,"rotation":0,"texture":"#0"}}},{"from":[2.1620007,10.883163,5.589575],"to":[13.823,18.453846,12.335014],"faces":{"east":{"uv":[6.5625,7.625,6.765625,7.859375],"tintindex":0,"rotation":0,"texture":"#0"},"south":{"uv":[6.6875,0.25,7.046875,0.484375],"tintindex":0,"rotation":0,"texture":"#0"},"north":{"uv":[3.75,6.65625,4.109375,6.890625],"tintindex":0,"rotation":0,"texture":"#0"},"west":{"uv":[7.0625,7.625,7.265625,7.859375],"tintindex":0,"rotation":0,"texture":"#0"},"up":{"uv":[3.796875,7.109375,3.4375,6.90625],"tintindex":0,"rotation":0,"texture":"#0"},"down":{"uv":[7.296875,2.40625,6.9375,2.609375],"tintindex":0,"rotation":0,"texture":"#0"}}},{"from":[10.96788,16.732521,2.1670628],"to":[14.95056,19.889957,5.6115437],