{"textures":{"0":"modelengine:entity/cerberus","particle":"#0"},"elements":[{"from":[2.1619997,10.883163,12.335014],"to":[13.823,18.453846,17.080454],"faces":{"east":{"uv":[5.09375,7.96875,5.234375,8.203125],"tintindex":0,"rotation":0,"texture":"#0"},"south":{"uv":[1.75,6.625,2.109375,6.859375],"tintindex":0,"rotation":0,"texture":"#0"},"north":{"uv":[6.625,0.875,6.984375,1.109375],"tintindex":0,"rotation":0,"texture":"#0"},"west":{"uv":[5.25,7.96875,5.390625,8.203125],"tintindex":0,"rotation":0,"texture":"#0"},"up":{"uv":[5.828125,1.640625,5.46875,1.5],"tintindex":0,"rotation":0,"texture":"#0"},"down":{"uv":[7.765625,1.96875,7.40625,2.109375],"tintindex":0,"rotation":0,"texture":"#0"}}},{"from":[2.756095,8.389454,-8.2387295],"to":[6.119398,12.156849,2.6834393],"faces":{"east":{"uv":[7.78125,2.75,8.125,2.875],"tintindex":0,"rotation":0,"texture":"#0"},"south":{"uv":[7.40625,2.125,7.515625,2.25],"tintindex":0,"rotation":0,"texture":"#0"},"north":{"uv":[7.28125,3.1875,7.390625,3.3125],"tintindex":0,"rotation":0,"texture":"#0"},"west":{"uv":[7.78125,2.875,8.125,3.0],"tintindex":0,"rotation":0,"texture":"#0"},"up":{"uv":[5.734375,8.15625,5.625,7.8125],"tintindex":0,"rotation":0,"texture":"#0"},"down":{"uv":[5.859375,7.8125,5.75,8.15625],"tintindex":0,"rotation":0,"texture":"#0"}},"rotation":{"origin":[4.437747,10.273151,-2.777647],"angle":22.5,"axis":"z"}},{"from":[10.96788,16.732521,2.1670628],"to":[14.95056,19.889957,5.6115437],"faces":{"east":{"uv":[8.28125,2.875,8.390625,2.96875],"tintindex":0,"rotation":0,"texture":"#0"},"south":{"uv":[7.65625,2.75,7.78125,2.84375],"tintindex":0,"rotation":0,"texture":"#0"},"north":{"uv":[7.5,5.9375,7.625,6.03125],"tintindex":0,"rotation":0,"texture":"#0"},"west":{"uv":[8.28125,2.96875,8.390625,3.0625],"tintindex":0,"rotation":0,"texture":"#0"},"up":{"uv":[1.375,8.140625,1.25,8.03125],"tintindex":0,"rotation":0,"texture":"#0"},"down":{"uv":[2.75,8.03125,2.625,8.140625],"tintindex":0,"rotation":0,"texture":"#0"}}},{"from":[2.0723,8.950047,-0.52124596],"to":[13.9127,17.238327,7.479994],"faces":{"east":{"uv":[7.0,3.90625,7.25,4.171875],"tintindex":0,"rotation":0,"texture":"#0"},"south":{"uv":[6.21875,1.3125,6.59375,1.578125],"tintindex":0,"rotation":0,"texture":"#0"},"north":{"uv":[6.1875,5.53125,6.5625,5.796875],"tintindex":0,"rotation":0,"texture":"#0"},"west":{"uv":[6.375,7.0,6.625,7.265625],"tintindex":0,"rotation":0,"texture":"#0"},"up":{"uv":[0.375,4.90625,0.0,4.65625],"tintindex":0,"rotation":0,"texture":"#0"},"down":{"uv":[1.53125,4.875,1.15625,5.125],"tintindex":0,"rotation":0,"texture":"#0"}},"rotation":{"origin":[7.9925,13.094185,3.4793758],"angle":-22.5,"axis":"x"}},{"from":[1.79423,2.3325272,6.3958263],"to":[14.190769,7.4906006,11.530966],"faces":{"east":{"uv":[0.375,5.53125,0.53125,5.6875],"tintindex":0,"rotation":0,"texture":"#0"},"south":{"uv":[7.15625,2.25,7.546875,2.40625],"tintindex":0,"rotation":0,"texture":"#0"},"north":{"uv":[7.125,2.875,7.515625,3.03125],"tintindex":0,"rotation":0,"texture":"#0"},"west":{"uv":[1.59375,6.96875,1.75,7.125],"tintindex":0,"rotation":0,"texture":"#0"},"up":{"uv":[7.671875,1.28125,7.28125,1.125],"tintindex":0,"rotation":0,"texture":"#0"},"down":{"uv":[7.671875,1.28125,7.28125,1.4375],"tintindex":0,"rotation":0,"texture":"#0"}},"rotation":{"origin":[7.9925,4.911564,8.963396],"angle":45.0,"axis":"x"}},{"from":[1.03444,16.732521,2.1670628],"to":[5.0171204,19.889957,5.6115437],"faces":{"east":{"uv":[8.28125,2.6875,8.390625,2.78125],"tintindex":0,"rotation":0,"texture":"#0"},"south":{"uv":[5.03125,7.1875,5.15625,7.28125],"tintindex":0,"rotation":0,"texture":"#0"},"north":{"uv":[6.875,0.78125,7.0,0.875],"tintindex":0,"rotation":0,"texture":"#0"},"west":{"uv":[8.28125,2.78125,8.390625,2.875],"tintindex":0,"rotation":0,"texture":"#0"},"up":{"uv":[7.625,4.140625,7.5,4.03125],"tintindex":0,"rotation":0,"texture":"#0"},"down":{"uv":[0.90625,7.625,0.78125,7.734375],"tintindex":0,"rotation":0,"texture":"#0"}}},{"from":[3.6689596,4.8667984,2.9700031],"to":[12.31604,11.648121,12.227043],"faces":{"east":{"uv":[3.65625,1.625,3.953125,1.84375],"tintindex":0,"rotation":0,"texture":"#0"},"south":{"uv":[2.75,7.375,3.015625,7.59375],"tintindex":0,"rotation":0,"texture":"#0"},"north":{"uv":[7.375,2.625,7.640625,2.84375],"tintindex":0,"rotation":0,"texture":"#0"},"west":{"uv":[3.90625,1.0,4.203125,1.21875],"tintindex":0,"rotation":0,"texture":"#0"},"up":{"uv":[6.984375,4.203125,6.71875,3.90625],"tintindex":0,"rotation":0,"texture":"#0"},"down":{"uv":[7.015625,4.21875,6.75,4.515625],"tintindex":0,"rotation":0,"texture":"#0"}}},{"from":[5.1272793,8.440235,-8.728163],"to":[10.857721,13.316322,4.448736],"faces":{"east":{"uv":[7.0,0.96875,7.40625,1.125],"tintindex":0,"rotation":0,"texture":"#0"},"south":{"uv":[2.5,6.625,2.671875,6.78125],"tintindex":0,"rotation":0,"texture":"#0"},"north":{"uv":[0.53125,4.90625,0.703125,5.0625],"tintindex":0,"rotation":0,"texture":"#0"},"west":{"uv":[7.0625,4.40625,7.46875,4.5625],"tintindex":0,"rotation":0,"texture":"#0"},"up":{"uv":[2.484375,7.28125,2.3125,6.875],"tintindex":0,"rotation":0,"texture":"#0"},"down":{"uv":[6.109375,6.875,5.9375,7.28125],"tintindex":0,"rotation":0,"texture":"#0"}}},{"from":[4.1272793,5.0641365,-7.728163],"to":[11.857721,8.440224,4.448736],"faces":{"east":{"uv":[7.28125,7.8125,7.65625,7.921875],"tintindex":0,"rotation":0,"texture":"#0"},"south":{"uv":[1.40625,8.1875,1.640625,8.296875],"tintindex":0,"rotation":0,"texture":"#0"},"north":{"uv":[8.03125,4.84375,8.265625,4.953125],"tintindex":0,"rotation":0,"texture":"#0"},"west":{"uv":[0.0,7.84375,0.375,7.953125],"tintindex":0,"rotation":0,"texture":"#0"},"up":{"uv":[4.828125,6.875,4.59375,6.5],"tintindex":0,"rotation":0,"texture":"#0"},"down":{"uv":[3.359375,6.53125,3.125,6.90625],"tintindex":0,"rotation":0,"texture":"#0"}}},{"from":[1.7135,1.2348442,1.0330906],"to":[14.2715,8.550777,8.97151],"faces":{"east":{"uv":[1.34375,7.28125,1.59375,7.515625],"tintindex":0,"rotation":0,"texture":"#0"},"south":{"uv":[6.53125,2.65625,6.921875,2.890625],"tintindex":0,"rotation":0,"texture":"#0"},"north":{"uv":[6.53125,2.40625,6.921875,2.640625],"tintindex":0,"rotation":0,"texture":"#0"},"west":{"uv":[7.34375,5.4375,7.59375,5.671875],"tintindex":0,"rotation":0,"texture":"#0"},"up":{"uv":[6.671875,3.8125,6.28125,3.5625],"tintindex":0,"rotation":0,"texture":"#0"},"down":{"uv":[6.671875,3.8125,6.28125,4.0625],"tintindex":0,"rotation":0,"texture":"#0"}}},{"from":[0.9267998,14.446362,-2.2518063],"to":[5.12476,18.059605,4.421873],"faces":{"east":{"uv":[3.4375,1.25,3.640625,1.359375],"tintindex":0,"rotation":0,"texture":"#0"},"south":{"uv":[7.46875,6.46875,7.59375,6.578125],"tintindex":0,"rotation":0,"texture":"#0"},"north":{"uv":[0.28125,7.46875,0.40625,7.578125],"tintindex":0,"rotation":0,"texture":"#0"},"west":{"uv":[7.15625,0.65625,7.359375,0.765625],"tintindex":0,"rotation":0,"texture":"#0"},"up":{"uv":[4.375,6.609375,4.25,6.40625],"tintindex":0,"rotation":0,"texture":"#0"},"down":{"uv":[5.15625,6.96875,5.03125,7.171875],"tintindex":0,"rotation":0,"texture":"#0"}},"rotation":{"origin":[3.0257797,16.252983,1.0850315],"angle":-45.0,"axis":"x"}},{"from":[10.86024,14.446362,-2.2518063],"to":[15.0582,18.059605,4.421873],"faces":{"east":{"uv":[2.09375,7.15625,2.296875,7.265625],"tintindex":0,"rotation":0,"texture":"#0"},"south":{"uv":[8.21875,6.5,8.34375,6.609375],"tintindex":0,"rotation":0,"texture":"#0"},"north":{"uv":[6.5,8.21875,6.625,8.328125],"tintindex":0,"rotation":0,"texture":"#0"},"west":{"uv":[8.21875,1.65625,8.421875,1.765625],"tintindex":0,"rotation":0,"texture":"#0"},"up":{"uv":[4.0625,8.328125,3.9375,8.125],"tintindex":0,"rotation":0,"texture":"#0"},"down":{"uv":[6.875,8.1875,6.75,8.390625],"tintindex":0,"rotation":0,"texture":"#0"}},"rotation":{"origin":[12.95922,16.252983,1.0850315],"angle":-45.0,"axis":"x"}},{"from":[9.865602,8.389454,-8.2387295],"to":[13.228905,12.156849,2.6834393],"faces":{"east":{"uv":[4.9375,1.65625,5.28125,1.78125],"tintindex":0,"rotation":0,"texture":"#0"},