{"textures":{"0":"modelengine:entity/cerberus","particle":"#0"},"elements":[{"from":[2.1620002,10.883163,5.589575],"to":[13.823,18.453846,12.335014],"faces":{"east":{"uv":[6.125,7.625,6.328125,7.859375],"tintindex":0,"rotation":0,"texture":"#0"},"south":{"uv":[0.96875,6.65625,1.328125,6.890625],"tintindex":0,"rotation":0,"texture":"#0"},"north":{"uv":[2.125,6.625,2.484375,6.859375],"tintindex":0,"rotation":0,"texture":"#0"},"west":{"uv":[6.34375,7.625,6.546875,7.859375],"tintindex":0,"rotation":0,"texture":"#0"},"up":{"uv":[1.140625,7.109375,0.78125,6.90625],"tintindex":0,"rotation":0,"texture":"#0"},"down":{"uv":[3.421875,6.90625,3.0625,7.109375],"tintindex":0,"rotation":0,"texture":"#0"}}},{"from":[2.0723004,8.950047,-0.52124596],"to":[13.912701,17.238327,7.479994],"faces":{"east":{"uv":[6.625,7.0,6.875,7.265625],"tintindex":0,"rotation":0,"texture":"#0"},"south":{"uv":[6.21875,1.875,6.59375,2.140625],"tintindex":0,"rotation":0,"texture":"#0"},"north":{"uv":[6.21875,1.59375,6.59375,1.859375],"tintindex":0,"rotation":0,"texture":"#0"},"west":{"uv":[6.875,7.0,7.125,7.265625],"tintindex":0,"rotation":0,"texture":"#0"},"up":{"uv":[5.3125,6.6875,4.9375,6.4375],"tintindex":0,"rotation":0,"texture":"#0"},"down":{"uv":[0.59375,6.46875,0.21875,6.71875],"tintindex":0,"rotation":0,"texture":"#0"}},"rotation":{"origin":[7.9925003,13.094185,3.4793758],"angle":-22.5,"axis":"x"}},{"from":[0.83877134,15.425823,5.591463],"to":[1.2839317,24.427067,10.471142],"faces":{"east":{"uv":[7.75,1.5625,7.90625,1.84375],"tintindex":0,"rotation":0,"texture":"#0"},"south":{"uv":[5.03125,4.09375,5.046875,4.375],"tintindex":0,"rotation":0,"texture":"#0"},"north":{"uv":[5.0,0.625,5.015625,0.90625],"tintindex":0,"rotation":0,"texture":"#0"},"west":{"uv":[2.4375,7.75,2.59375,8.03125],"tintindex":0,"rotation":0,"texture":"#0"},"up":{"uv":[3.765625,4.28125,3.75,4.125],"tintindex":0,"rotation":0,"texture":"#0"},"down":{"uv":[4.390625,2.0625,4.375,2.21875],"tintindex":0,"rotation":0,"texture":"#0"}},"rotation":{"origin":[1.0613513,19.926441,8.0313015],"angle":22.5,"axis":"z"}},{"from":[10.86024,14.446362,-2.2518063],"to":[15.058201,18.059605,4.421873],"faces":{"east":{"uv":[4.4375,8.21875,4.640625,8.328125],"tintindex":0,"rotation":0,"texture":"#0"},"south":{"uv":[3.46875,8.25,3.59375,8.359375],"tintindex":0,"rotation":0,"texture":"#0"},"north":{"uv":[2.5,8.25,2.625,8.359375],"tintindex":0,"rotation":0,"texture":"#0"},"west":{"uv":[4.65625,8.21875,4.859375,8.328125],"tintindex":0,"rotation":0,"texture":"#0"},"up":{"uv":[7.53125,8.390625,7.40625,8.1875],"tintindex":0,"rotation":0,"texture":"#0"},"down":{"uv":[8.3125,7.875,8.1875,8.078125],"tintindex":0,"rotation":0,"texture":"#0"}},"rotation":{"origin":[12.959221,16.252983,1.0850315],"angle":-45.0,"axis":"x"}},{"from":[1.7942305,5.132805,4.951742],"to":[14.190771,10.290882,10.08688],"faces":{"east":{"uv":[3.65625,7.125,3.8125,7.28125],"tintindex":0,"rotation":0,"texture":"#0"},"south":{"uv":[2.09375,7.28125,2.484375,7.4375],"tintindex":0,"rotation":0,"texture":"#0"},"north":{"uv":[7.28125,1.4375,7.671875,1.59375],"tintindex":0,"rotation":0,"texture":"#0"},"west":{"uv":[0.5,8.21875,0.65625,8.375],"tintindex":0,"rotation":0,"texture":"#0"},"up":{"uv":[7.671875,3.1875,7.28125,3.03125],"tintindex":0,"rotation":0,"texture":"#0"},"down":{"uv":[5.140625,7.28125,4.75,7.4375],"tintindex":0,"rotation":0,"texture":"#0"}},"rotation":{"origin":[6.36893,4.5685387,4.8611164],"angle":45.0,"axis":"x"}},{"from":[2.1620002,10.883163,12.335014],"to":[13.823,18.453846,17.080454],"faces":{"east":{"uv":[5.40625,7.96875,5.546875,8.203125],"tintindex":0,"rotation":0,"texture":"#0"},"south":{"uv":[3.375,6.65625,3.734375,6.890625],"tintindex":0,"rotation":0,"texture":"#0"},"north":{"uv":[6.65625,3.15625,7.015625,3.390625],"tintindex":0,"rotation":0,"texture":"#0"},"west":{"uv":[8.0,4.125,8.140625,4.359375],"tintindex":0,"rotation":0,"texture":"#0"},"up":{"uv":[7.796875,3.328125,7.4375,3.1875],"tintindex":0,"rotation":0,"texture":"#0"},"down":{"uv":[7.796875,3.34375,7.4375,3.484375],"tintindex":0,"rotation":0,"texture":"#0"}}},{"from":[2.7560954,8.389454,-8.2387295],"to":[6.119399,12.156849,2.6834393],"faces":{"east":{"uv":[7.8125,0.1875,8.15625,0.3125],"tintindex":0,"rotation":0,"texture":"#0"},"south":{"uv":[8.21875,6.875,8.328125,7.0],"tintindex":0,"rotation":0,"texture":"#0"},"north":{"uv":[8.21875,6.75,8.328125,6.875],"tintindex":0,"rotation":0,"texture":"#0"},"west":{"uv":[1.375,7.8125,1.71875,7.9375],"tintindex":0,"rotation":0,"texture":"#0"},"up":{"uv":[6.109375,8.21875,6.0,7.875],"tintindex":0,"rotation":0,"texture":"#0"},"down":{"uv":[6.234375,7.875,6.125,8.21875],"tintindex":0,"rotation":0,"texture":"#0"}},"rotation":{"origin":[4.437747,10.273151,-2.777647],"angle":22.5,"axis":"z"}},{"from":[1.8442302,2.1328049,6.4868793],"to":[14.14077,10.282806,14.622019],"faces":{"east":{"uv":[1.59375,7.15625,1.84375,7.40625],"tintindex":0,"rotation":0,"texture":"#0"},"south":{"uv":[6.3125,4.0625,6.703125,4.3125],"tintindex":0,"rotation":0,"texture":"#0"},"north":{"uv":[6.28125,5.125,6.671875,5.375],"tintindex":0,"rotation":0,"texture":"#0"},"west":{"uv":[1.84375,7.15625,2.09375,7.40625],"tintindex":0,"rotation":0,"texture":"#0"},"up":{"uv":[6.734375,4.5625,6.34375,4.3125],"tintindex":0,"rotation":0,"texture":"#0"},"down":{"uv":[6.546875,6.34375,6.15625,6.59375],"tintindex":0,"rotation":0,"texture":"#0"}},"rotation":{"origin":[6.36893,4.5685387,4.8611164],"angle":45.0,"axis":"x"}},{"from":[4.1272793,5.0641365,-7.728163],"to":[11.857721,8.440224,4.448736],"faces":{"east":{"uv":[0.375,7.84375,0.75,7.953125],"tintindex":0,"rotation":0,"texture":"#0"},"south":{"uv":[2.625,8.1875,2.859375,8.296875],"tintindex":0,"rotation":0,"texture":"#0"},"north":{"uv":[1.65625,8.1875,1.890625,8.296875],"tintindex":0,"rotation":0,"texture":"#0"},"west":{"uv":[2.0625,7.84375,2.4375,7.953125],"tintindex":0,"rotation":0,"texture":"#0"},"up":{"uv":[6.796875,6.6875,6.5625,6.3125],"tintindex":0,"rotation":0,"texture":"#0"},"down":{"uv":[6.828125,1.125,6.59375,1.5],"tintindex":0,"rotation":0,"texture":"#0"}}},{"from":[0.92680025,14.446362,-2.2518063],"to":[5.1247606,18.059605,4.421873],"faces":{"east":{"uv":[1.90625,8.21875,2.109375,8.328125],"tintindex":0,"rotation":0,"texture":"#0"},"south":{"uv":[8.25,0.5625,8.375,0.671875],"tintindex":0,"rotation":0,"texture":"#0"},"north":{"uv":[8.25,0.4375,8.375,0.546875],"tintindex":0,"rotation":0,"texture":"#0"},"west":{"uv":[4.21875,8.21875,4.421875,8.328125],"tintindex":0,"rotation":0,"texture":"#0"},"up":{"uv":[7.28125,8.390625,7.15625,8.1875],"tintindex":0,"rotation":0,"texture":"#0"},"down":{"uv":[7.40625,8.1875,7.28125,8.390625],"tintindex":0,"rotation":0,"texture":"#0"}},"rotation":{"origin":[3.0257802,16.252983,1.0850315],"angle":-45.0,"axis":"x"}},{"from":[1.7135005,1.2348442,1.0330906],"to":[14.2715,8.550777,8.97151],"faces":{"east":{"uv":[7.34375,5.6875,7.59375,5.921875],"tintindex":0,"rotation":0,"texture":"#0"},"south":{"uv":[6.53125,2.90625,6.921875,3.140625],"tintindex":0,"rotation":0,"texture":"#0"},"north":{"uv":[2.71875,6.53125,3.109375,6.765625],"tintindex":0,"rotation":0,"texture":"#0"},"west":{"uv":[7.34375,6.59375,7.59375,6.828125],"tintindex":0,"rotation":0,"texture":"#0"},"up":{"uv":[1.078125,6.625,0.6875,6.375],"tintindex":0,"rotation":0,"texture":"#0"},"down":{"uv":[2.296875,6.375,1.90625,6.625],"tintindex":0,"rotation":0,"texture":"#0"}}},{"from":[1.0344405,16.732521,2.1670628],"to":[5.0171204,19.889957,5.6115437],"faces":{"east":{"uv":[8.28125,3.0625,8.390625,3.15625],"tintindex":0,"rotation":0,"texture":"#0"},"south":{"uv":[8.0,7.53125,8.125,7.625],"tintindex":0,"rotation":0,"texture":"#0"},"north":{"uv":[7.875,7.53125,8.0,7.625],"tintindex":0,"rotation":0,"texture":"#0"},"west":{"uv":[8.28125,3.15625,8.390625,3.25],"tintindex":0,"rotation":0,"texture":"#0"},"up":{"uv":[8.375,1.890625,8.25,1.78125],"tintindex":0,"rotation":0,"texture":"#0"},"down":{"uv":[8.375,1.90625,8.25,2.015625],"tintindex":0,"rotation":0,