{"textures":{"0":"modelengine:entity/cerberus","particle":"#0"},"elements":[{"from":[0.67915916,10.839933,-3.1706285],"to":[12.368841,16.551329,10.617901],"faces":{"east":{"uv":[6.78125,4.84375,7.21875,5.015625],"tintindex":0,"rotation":0,"texture":"#0"},"south":{"uv":[7.28125,0.0,7.640625,0.171875],"tintindex":0,"rotation":0,"texture":"#0"},"north":{"uv":[7.125,7.25,7.484375,7.421875],"tintindex":0,"rotation":0,"texture":"#0"},"west":{"uv":[6.84375,1.125,7.28125,1.296875],"tintindex":0,"rotation":0,"texture":"#0"},"up":{"uv":[5.921875,1.5,5.5625,1.0625],"tintindex":0,"rotation":0,"texture":"#0"},"down":{"uv":[2.859375,5.5625,2.5,6.0],"tintindex":0,"rotation":0,"texture":"#0"}},"rotation":{"origin":[20.461674,7.4665985,4.3503227],"angle":45.0,"axis":"x"}},{"from":[0.7291498,-7.962723,-5.873122],"to":[12.31885,2.590561,4.6801605],"faces":{"east":{"uv":[6.03125,4.78125,6.359375,5.109375],"tintindex":0,"rotation":0,"texture":"#0"},"south":{"uv":[5.8125,5.71875,6.171875,6.046875],"tintindex":0,"rotation":0,"texture":"#0"},"north":{"uv":[5.78125,2.96875,6.140625,3.296875],"tintindex":0,"rotation":0,"texture":"#0"},"west":{"uv":[5.8125,6.0625,6.140625,6.390625],"tintindex":0,"rotation":0,"texture":"#0"},"up":{"uv":[6.203125,1.828125,5.84375,1.5],"tintindex":0,"rotation":0,"texture":"#0"},"down":{"uv":[6.203125,1.84375,5.84375,2.171875],"tintindex":0,"rotation":0,"texture":"#0"}},"rotation":{"origin":[20.411684,4.6687946,-0.11828804],"angle":-22.5,"axis":"x"}},{"from":[0.6073065,-2.367113,-1.3072109],"to":[12.440694,13.461298,13.617384],"faces":{"east":{"uv":[3.1875,1.375,3.65625,1.875],"tintindex":0,"rotation":0,"texture":"#0"},"south":{"uv":[1.40625,3.90625,1.78125,4.40625],"tintindex":0,"rotation":0,"texture":"#0"},"north":{"uv":[3.90625,0.5,4.28125,1.0],"tintindex":0,"rotation":0,"texture":"#0"},"west":{"uv":[3.375,2.59375,3.84375,3.09375],"tintindex":0,"rotation":0,"texture":"#0"},"up":{"uv":[4.78125,2.53125,4.40625,2.0625],"tintindex":0,"rotation":0,"texture":"#0"},"down":{"uv":[0.75,4.4375,0.375,4.90625],"tintindex":0,"rotation":0,"texture":"#0"}},"rotation":{"origin":[20.52782,7.4665985,4.3503227],"angle":22.5,"axis":"x"}}],"display":{"head":{"rotation":[0.0,0.0,0.0]},"firstperson_righthand":{"rotation":[0.0,0.0,0.0]},"thirdperson_lefthand":{"rotation":[0.0,0.0,0.0]},"firstperson_lefthand":{"rotation":[0.0,0.0,0.0]},"fixed":{"rotation":[0.0,0.0,0.0]},"ground":{"rotation":[0.0,0.0,0.0]},"thirdperson_righthand":{"rotation":[0.0,0.0,0.0]},"gui":{"rotation":[-150.0,-45.0,180.0]}}}