{"textures":{"0":"modelengine:entity/cerberus","particle":"#0"},"elements":[{"from":[6.0481596,6.977952,19.470884],"to":[9.8718405,12.377837,24.975145],"faces":{"east":{"uv":[5.96875,5.53125,6.140625,5.703125],"tintindex":0,"rotation":0,"texture":"#0"},"south":{"uv":[0.96875,8.21875,1.09375,8.390625],"tintindex":0,"rotation":0,"texture":"#0"},"north":{"uv":[8.0,3.0,8.125,3.171875],"tintindex":0,"rotation":0,"texture":"#0"},"west":{"uv":[0.6875,6.1875,0.859375,6.359375],"tintindex":0,"rotation":0,"texture":"#0"},"up":{"uv":[2.25,8.390625,2.125,8.21875],"tintindex":0,"rotation":0,"texture":"#0"},"down":{"uv":[8.34375,5.21875,8.21875,5.390625],"tintindex":0,"rotation":0,"texture":"#0"}},"rotation":{"origin":[20.197422,28.474598,5.3923225],"angle":22.5,"axis":"x"}},{"from":[3.5439997,-1.6679993,6.555294],"to":[12.375999,3.8520007,15.111292],"faces":{"east":{"uv":[7.6875,1.0,7.953125,1.171875],"tintindex":0,"rotation":0,"texture":"#0"},"south":{"uv":[7.0625,7.4375,7.34375,7.609375],"tintindex":0,"rotation":0,"texture":"#0"},"north":{"uv":[6.46875,7.4375,6.75,7.609375],"tintindex":0,"rotation":0,"texture":"#0"},"west":{"uv":[7.6875,1.1875,7.953125,1.359375],"tintindex":0,"rotation":0,"texture":"#0"},"up":{"uv":[0.78125,7.140625,0.5,6.875],"tintindex":0,"rotation":0,"texture":"#0"},"down":{"uv":[7.15625,0.5,6.875,0.765625],"tintindex":0,"rotation":0,"texture":"#0"}},"rotation":{"origin":[5.3380003,-4.289999,5.0372925],"angle":-45.0,"axis":"x"}},{"from":[2.0921593,-4.2560377,-15.775448],"to":[2.207841,5.833847,1.3848114],"faces":{"east":{"uv":[5.0625,4.09375,5.59375,4.40625],"tintindex":0,"rotation":0,"texture":"#0"},"south":{"uv":[2.8125,8.3125,2.828125,8.625],"tintindex":0,"rotation":0,"texture":"#0"},"north":{"uv":[2.78125,8.3125,2.796875,8.625],"tintindex":0,"rotation":0,"texture":"#0"},"west":{"uv":[5.0625,4.40625,5.59375,4.71875],"tintindex":0,"rotation":0,"texture":"#0"},"up":{"uv":[6.921875,8.8125,6.90625,8.28125],"tintindex":0,"rotation":0,"texture":"#0"},"down":{"uv":[6.953125,8.28125,6.9375,8.8125],"tintindex":0,"rotation":0,"texture":"#0"}}},{"from":[9.792159,-2.6560373,2.2245502],"to":[9.907841,7.4338474,19.384813],"faces":{"east":{"uv":[5.03125,3.78125,5.5625,4.09375],"tintindex":0,"rotation":0,"texture":"#0"},"south":{"uv":[2.6875,8.3125,2.703125,8.625],"tintindex":0,"rotation":0,"texture":"#0"},"north":{"uv":[8.3125,0.0,8.328125,0.3125],"tintindex":0,"rotation":0,"texture":"#0"},"west":{"uv":[4.0625,5.03125,4.59375,5.34375],"tintindex":0,"rotation":0,"texture":"#0"},"up":{"uv":[4.109375,8.8125,4.09375,8.28125],"tintindex":0,"rotation":0,"texture":"#0"},"down":{"uv":[4.140625,8.28125,4.125,8.8125],"tintindex":0,"rotation":0,"texture":"#0"}},"rotation":{"origin":[46.59142,-11.302799,27.253374],"angle":-22.5,"axis":"y"}},{"from":[0.74800014,1.3680005,-2.2767067],"to":[5.4399996,7.7160006,5.3132935],"faces":{"east":{"uv":[2.5,7.53125,2.734375,7.734375],"tintindex":0,"rotation":0,"texture":"#0"},"south":{"uv":[8.125,0.78125,8.265625,0.984375],"tintindex":0,"rotation":0,"texture":"#0"},"north":{"uv":[8.09375,8.09375,8.234375,8.296875],"tintindex":0,"rotation":0,"texture":"#0"},"west":{"uv":[3.59375,7.53125,3.828125,7.734375],"tintindex":0,"rotation":0,"texture":"#0"},"up":{"uv":[2.890625,8.171875,2.75,7.9375],"tintindex":0,"rotation":0,"texture":"#0"},"down":{"uv":[3.046875,7.9375,2.90625,8.171875],"tintindex":0,"rotation":0,"texture":"#0"}},"rotation":{"origin":[-8.891998,-0.14999962,4.347294],"angle":-45.0,"axis":"x"}},{"from":[-0.11027241,-2.3579998,4.924652],"to":[8.08651,3.8520007,13.121435],"faces":{"east":{"uv":[7.53125,7.625,7.78125,7.8125],"tintindex":0,"rotation":0,"texture":"#0"},"south":{"uv":[0.0,7.65625,0.25,7.84375],"tintindex":0,"rotation":0,"texture":"#0"},"north":{"uv":[7.625,7.4375,7.875,7.625],"tintindex":0,"rotation":0,"texture":"#0"},"west":{"uv":[7.65625,0.0,7.90625,0.1875],"tintindex":0,"rotation":0,"texture":"#0"},"up":{"uv":[1.03125,7.375,0.78125,7.125],"tintindex":0,"rotation":0,"texture":"#0"},"down":{"uv":[7.375,2.625,7.125,2.875],"tintindex":0,"rotation":0,"texture":"#0"}},"rotation":{"origin":[7.12051,-5.669999,13.342653],"angle":-45.0,"axis":"y"}},{"from":[2.1640005,-2.3579998,-0.75870705],"to":[13.7560005,3.8520007,8.073294],"faces":{"east":{"uv":[5.9375,1.3125,6.21875,1.5],"tintindex":0,"rotation":0,"texture":"#0"},"south":{"uv":[6.96875,5.21875,7.328125,5.40625],"tintindex":0,"rotation":0,"texture":"#0"},"north":{"uv":[6.96875,5.03125,7.328125,5.21875],"tintindex":0,"rotation":0,"texture":"#0"},"west":{"uv":[6.25,1.125,6.53125,1.3125],"tintindex":0,"rotation":0,"texture":"#0"},"up":{"uv":[6.515625,2.75,6.15625,2.46875],"tintindex":0,"rotation":0,"texture":"#0"},"down":{"uv":[6.515625,2.75,6.15625,3.03125],"tintindex":0,"rotation":0,"texture":"#0"}}},{"from":[7.0921593,-2.9560375,-15.87545],"to":[7.207841,7.133847,1.2848129],"faces":{"east":{"uv":[4.59375,5.03125,5.125,5.34375],"tintindex":0,"rotation":0,"texture":"#0"},"south":{"uv":[2.75,8.3125,2.765625,8.625],"tintindex":0,"rotation":0,"texture":"#0"},"north":{"uv":[2.71875,8.3125,2.734375,8.625],"tintindex":0,"rotation":0,"texture":"#0"},"west":{"uv":[0.53125,5.0625,1.0625,5.375],"tintindex":0,"rotation":0,"texture":"#0"},"up":{"uv":[4.171875,8.8125,4.15625,8.28125],"tintindex":0,"rotation":0,"texture":"#0"},"down":{"uv":[4.203125,8.28125,4.1875,8.8125],"tintindex":0,"rotation":0,"texture":"#0"}}},{"from":[7.96,0.5680008,-0.22770691],"to":[12.652,6.9160004,7.3622932],"faces":{"east":{"uv":[1.9375,7.59375,2.171875,7.796875],"tintindex":0,"rotation":0,"texture":"#0"},"south":{"uv":[8.125,3.15625,8.265625,3.359375],"tintindex":0,"rotation":0,"texture":"#0"},"north":{"uv":[8.125,2.9375,8.265625,3.140625],"tintindex":0,"rotation":0,"texture":"#0"},"west":{"uv":[2.75,7.59375,2.984375,7.796875],"tintindex":0,"rotation":0,"texture":"#0"},"up":{"uv":[7.546875,8.171875,7.40625,7.9375],"tintindex":0,"rotation":0,"texture":"#0"},"down":{"uv":[0.140625,7.96875,0.0,8.203125],"tintindex":0,"rotation":0,"texture":"#0"}},"rotation":{"origin":[7.7200003,-0.14999962,15.738295],"angle":-22.5,"axis":"y"}},{"from":[10.96,1.3680005,-2.2767067],"to":[15.652,7.7160006,5.3132935],"faces":{"east":{"uv":[1.4375,7.59375,1.671875,7.796875],"tintindex":0,"rotation":0,"texture":"#0"},"south":{"uv":[8.125,2.71875,8.265625,2.921875],"tintindex":0,"rotation":0,"texture":"#0"},"north":{"uv":[8.125,2.25,8.265625,2.453125],"tintindex":0,"rotation":0,"texture":"#0"},"west":{"uv":[1.6875,7.59375,1.921875,7.796875],"tintindex":0,"rotation":0,"texture":"#0"},"up":{"uv":[6.890625,8.171875,6.75,7.9375],"tintindex":0,"rotation":0,"texture":"#0"},"down":{"uv":[7.390625,7.9375,7.25,8.171875],"tintindex":0,"rotation":0,"texture":"#0"}},"rotation":{"origin":[-3.6799994,-0.14999962,4.347294],"angle":-45.0,"axis":"x"}},{"from":[12.592159,-4.2560377,-15.775448],"to":[12.707841,5.833847,1.3848114],"faces":{"east":{"uv":[5.03125,0.625,5.5625,0.9375],"tintindex":0,"rotation":0,"texture":"#0"},"south":{"uv":[8.28125,5.875,8.296875,6.1875],"tintindex":0,"rotation":0,"texture":"#0"},"north":{"uv":[8.28125,4.625,8.296875,4.9375],"tintindex":0,"rotation":0,"texture":"#0"},"west":{"uv":[5.03125,0.9375,5.5625,1.25],"tintindex":0,"rotation":0,"texture":"#0"},"up":{"uv":[3.453125,8.8125,3.4375,8.28125],"tintindex":0,"rotation":0,"texture":"#0"},"down":{"uv":[4.078125,8.28125,4.0625,8.8125],"tintindex":0,"rotation":0,"texture":"#0"}}},{"from":[5.948,2.9680004,-1.2767067],"to":[10.639999,9.316001,6.3132935],"faces":{"east":{"uv":[7.5625,2.125,7.796875,2.328125],"tintindex":0,"rotation":0,"texture":"#0"},"south":{"uv":[8.125,1.21875,8.265625,1.421875],"tintindex":0,"rotation":0,"texture":"#0"},"north":{"uv":[8.125,1.0,8.265625,1.203125],"tintindex":0,"rotation":0,"texture":"#0"},"west":{"uv":[3.84375,7.5625,4.078125,7.765625],"tintindex":0,"rotation":0,"texture":"#0"},"up":{"uv":[3.203125,8.171875,3.0625,7.9375],"tintindex":0,"rotation":0,"texture":"#0"},"down":{"uv":[3.359375,7.9375,3.21875,8.171875],"tintindex":0,