{"textures":{"0":"modelengine:entity/cerberus","particle":"#0"},"elements":[{"from":[3.6981583,6.632553,8.667935],"to":[13.04184,13.274439,12.930197],"faces":{"east":{"uv":[8.125,3.375,8.265625,3.578125],"tintindex":0,"rotation":0,"texture":"#0"},"south":{"uv":[7.34375,4.15625,7.640625,4.359375],"tintindex":0,"rotation":0,"texture":"#0"},"north":{"uv":[3.96875,7.34375,4.265625,7.546875],"tintindex":0,"rotation":0,"texture":"#0"},"west":{"uv":[8.125,3.59375,8.265625,3.796875],"tintindex":0,"rotation":0,"texture":"#0"},"up":{"uv":[4.671875,7.953125,4.375,7.8125],"tintindex":0,"rotation":0,"texture":"#0"},"down":{"uv":[4.984375,7.8125,4.6875,7.953125],"tintindex":0,"rotation":0,"texture":"#0"}}},{"from":[6.4581585,-4.4660482,15.770884],"to":[10.281839,0.93383694,21.275145],"faces":{"east":{"uv":[1.5,6.40625,1.671875,6.578125],"tintindex":0,"rotation":0,"texture":"#0"},"south":{"uv":[8.21875,5.40625,8.34375,5.578125],"tintindex":0,"rotation":0,"texture":"#0"},"north":{"uv":[5.3125,8.21875,5.4375,8.390625],"tintindex":0,"rotation":0,"texture":"#0"},"west":{"uv":[5.75,7.09375,5.921875,7.265625],"tintindex":0,"rotation":0,"texture":"#0"},"up":{"uv":[5.5625,8.390625,5.4375,8.21875],"tintindex":0,"rotation":0,"texture":"#0"},"down":{"uv":[8.34375,5.59375,8.21875,5.765625],"tintindex":0,"rotation":0,"texture":"#0"}},"rotation":{"origin":[-3.867422,17.030598,1.6923218],"angle":22.5,"axis":"x"}},{"from":[5.009159,-3.5000477,9.560884],"to":[11.730841,11.697836,16.583145],"faces":{"east":{"uv":[4.71875,6.03125,4.9375,6.5],"tintindex":0,"rotation":0,"texture":"#0"},"south":{"uv":[4.375,6.375,4.578125,6.84375],"tintindex":0,"rotation":0,"texture":"#0"},"north":{"uv":[0.0,6.34375,0.203125,6.8125],"tintindex":0,"rotation":0,"texture":"#0"},"west":{"uv":[2.8125,6.0625,3.03125,6.53125],"tintindex":0,"rotation":0,"texture":"#0"},"up":{"uv":[7.921875,4.8125,7.71875,4.59375],"tintindex":0,"rotation":0,"texture":"#0"},"down":{"uv":[6.984375,7.71875,6.78125,7.9375],"tintindex":0,"rotation":0,"texture":"#0"}},"rotation":{"origin":[-4.074421,17.030598,1.6923218],"angle":22.5,"axis":"x"}},{"from":[7.5621586,2.2165537,6.3219357],"to":[7.677841,12.306438,23.482197],"faces":{"east":{"uv":[2.0625,5.09375,2.59375,5.40625],"tintindex":0,"rotation":0,"texture":"#0"},"south":{"uv":[2.875,8.3125,2.890625,8.625],"tintindex":0,"rotation":0,"texture":"#0"},"north":{"uv":[2.84375,8.3125,2.859375,8.625],"tintindex":0,"rotation":0,"texture":"#0"},"west":{"uv":[5.09375,4.71875,5.625,5.03125],"tintindex":0,"rotation":0,"texture":"#0"},"up":{"uv":[6.984375,8.8125,6.96875,8.28125],"tintindex":0,"rotation":0,"texture":"#0"},"down":{"uv":[8.296875,7.21875,8.28125,7.75],"tintindex":0,"rotation":0,"texture":"#0"}},"rotation":{"origin":[-29.121422,20.9532,-1.546627],"angle":-22.5,"axis":"x"}}],"display":{"head":{"rotation":[0.0,0.0,0.0]},"firstperson_righthand":{"rotation":[0.0,0.0,0.0]},"thirdperson_lefthand":{"rotation":[0.0,0.0,0.0]},"firstperson_lefthand":{"rotation":[0.0,0.0,0.0]},"fixed":{"rotation":[0.0,0.0,0.0]},"ground":{"rotation":[0.0,0.0,0.0]},"thirdperson_righthand":{"rotation":[0.0,0.0,0.0]},"gui":{"rotation":[-150.0,-45.0,180.0]}}}