{"textures":{"0":"modelengine:entity/cerberus","particle":"#0"},"elements":[{"from":[2.1280003,2.340001,1.0722923],"to":[6.8199997,8.688001,8.6622925],"faces":{"east":{"uv":[5.40625,7.59375,5.640625,7.796875],"tintindex":0,"rotation":0,"texture":"#0"},"south":{"uv":[8.15625,0.0,8.296875,0.203125],"tintindex":0,"rotation":0,"texture":"#0"},"north":{"uv":[8.125,7.65625,8.265625,7.859375],"tintindex":0,"rotation":0,"texture":"#0"},"west":{"uv":[7.59375,5.4375,7.828125,5.640625],"tintindex":0,"rotation":0,"texture":"#0"},"up":{"uv":[1.078125,8.203125,0.9375,7.96875],"tintindex":0,"rotation":0,"texture":"#0"},"down":{"uv":[8.109375,1.03125,7.96875,1.265625],"tintindex":0,"rotation":0,"texture":"#0"}},"rotation":{"origin":[7.0600014,1.6220007,17.038292],"angle":22.5,"axis":"y"}},{"from":[10.34,3.1400008,-0.97670746],"to":[15.032,9.488001,6.6132927],"faces":{"east":{"uv":[3.0,7.59375,3.234375,7.796875],"tintindex":0,"rotation":0,"texture":"#0"},"south":{"uv":[8.125,4.625,8.265625,4.828125],"tintindex":0,"rotation":0,"texture":"#0"},"north":{"uv":[3.78125,8.125,3.921875,8.328125],"tintindex":0,"rotation":0,"texture":"#0"},"west":{"uv":[3.25,7.59375,3.484375,7.796875],"tintindex":0,"rotation":0,"texture":"#0"},"up":{"uv":[0.296875,8.203125,0.15625,7.96875],"tintindex":0,"rotation":0,"texture":"#0"},"down":{"uv":[0.453125,7.96875,0.3125,8.203125],"tintindex":0,"rotation":0,"texture":"#0"}},"rotation":{"origin":[12.272001,1.6220007,5.647292],"angle":-45.0,"axis":"x"}},{"from":[12.77216,-3.4840374,-15.4754505],"to":[12.887842,6.6058474,1.6848106],"faces":{"east":{"uv":[3.46875,5.15625,4.0,5.46875],"tintindex":0,"rotation":0,"texture":"#0"},"south":{"uv":[3.0,8.3125,3.015625,8.625],"tintindex":0,"rotation":0,"texture":"#0"},"north":{"uv":[2.96875,8.3125,2.984375,8.625],"tintindex":0,"rotation":0,"texture":"#0"},"west":{"uv":[0.0,5.21875,0.53125,5.53125],"tintindex":0,"rotation":0,"texture":"#0"},"up":{"uv":[1.484375,8.84375,1.46875,8.3125],"tintindex":0,"rotation":0,"texture":"#0"},"down":{"uv":[1.515625,8.3125,1.5,8.84375],"tintindex":0,"rotation":0,"texture":"#0"}}},{"from":[7.7721596,-2.1840372,-15.575449],"to":[7.887842,7.9058475,1.5848122],"faces":{"east":{"uv":[1.0625,5.125,1.59375,5.4375],"tintindex":0,"rotation":0,"texture":"#0"},"south":{"uv":[2.9375,8.3125,2.953125,8.625],"tintindex":0,"rotation":0,"texture":"#0"},"north":{"uv":[2.90625,8.3125,2.921875,8.625],"tintindex":0,"rotation":0,"texture":"#0"},"west":{"uv":[5.125,5.03125,5.65625,5.34375],"tintindex":0,"rotation":0,"texture":"#0"},"up":{"uv":[1.421875,8.84375,1.40625,8.3125],"tintindex":0,"rotation":0,"texture":"#0"},"down":{"uv":[1.453125,8.3125,1.4375,8.84375],"tintindex":0,"rotation":0,"texture":"#0"}}},{"from":[1.7840004,-0.5859995,0.5412922],"to":[13.376001,5.624001,9.373292],"faces":{"east":{"uv":[7.375,7.0625,7.65625,7.25],"tintindex":0,"rotation":0,"texture":"#0"},"south":{"uv":[6.96875,6.625,7.328125,6.8125],"tintindex":0,"rotation":0,"texture":"#0"},"north":{"uv":[6.96875,5.40625,7.328125,5.59375],"tintindex":0,"rotation":0,"texture":"#0"},"west":{"uv":[7.40625,0.40625,7.6875,0.59375],"tintindex":0,"rotation":0,"texture":"#0"},"up":{"uv":[6.515625,3.3125,6.15625,3.03125],"tintindex":0,"rotation":0,"texture":"#0"},"down":{"uv":[5.296875,6.15625,4.9375,6.4375],"tintindex":0,"rotation":0,"texture":"#0"}}},{"from":[0.12800026,3.1400008,-0.97670746],"to":[4.8200006,9.488001,6.6132927],"faces":{"east":{"uv":[4.90625,7.59375,5.140625,7.796875],"tintindex":0,"rotation":0,"texture":"#0"},"south":{"uv":[8.125,7.4375,8.265625,7.640625],"tintindex":0,"rotation":0,"texture":"#0"},"north":{"uv":[8.125,7.21875,8.265625,7.421875],"tintindex":0,"rotation":0,"texture":"#0"},"west":{"uv":[5.15625,7.59375,5.390625,7.796875],"tintindex":0,"rotation":0,"texture":"#0"},"up":{"uv":[0.921875,8.203125,0.78125,7.96875],"tintindex":0,"rotation":0,"texture":"#0"},"down":{"uv":[8.109375,0.78125,7.96875,1.015625],"tintindex":0,"rotation":0,"texture":"#0"}},"rotation":{"origin":[7.0600014,1.6220007,5.647292],"angle":-45.0,"axis":"x"}},{"from":[2.2721596,-3.4840374,-15.4754505],"to":[2.3878412,6.6058474,1.6848106],"faces":{"east":{"uv":[5.21875,0.3125,5.75,0.625],"tintindex":0,"rotation":0,"texture":"#0"},"south":{"uv":[3.0625,8.3125,3.078125,8.625],"tintindex":0,"rotation":0,"texture":"#0"},"north":{"uv":[3.03125,8.3125,3.046875,8.625],"tintindex":0,"rotation":0,"texture":"#0"},"west":{"uv":[5.21875,2.40625,5.75,2.71875],"tintindex":0,"rotation":0,"texture":"#0"},"up":{"uv":[1.546875,8.84375,1.53125,8.3125],"tintindex":0,"rotation":0,"texture":"#0"},"down":{"uv":[1.578125,8.3125,1.5625,8.84375],"tintindex":0,"rotation":0,"texture":"#0"}}},{"from":[5.34,4.7400007,0.023292542],"to":[10.032,11.088001,7.6132927],"faces":{"east":{"uv":[4.40625,7.59375,4.640625,7.796875],"tintindex":0,"rotation":0,"texture":"#0"},"south":{"uv":[8.125,6.09375,8.265625,6.296875],"tintindex":0,"rotation":0,"texture":"#0"},"north":{"uv":[8.125,5.875,8.265625,6.078125],"tintindex":0,"rotation":0,"texture":"#0"},"west":{"uv":[4.65625,7.59375,4.890625,7.796875],"tintindex":0,"rotation":0,"texture":"#0"},"up":{"uv":[0.609375,8.203125,0.46875,7.96875],"tintindex":0,"rotation":0,"texture":"#0"},"down":{"uv":[0.765625,7.96875,0.625,8.203125],"tintindex":0,"rotation":0,"texture":"#0"}},"rotation":{"origin":[12.272001,1.6220007,5.647292],"angle":-45.0,"axis":"x"}},{"from":[3.1640005,0.104001045,7.8552923],"to":[11.996,5.624001,16.411293],"faces":{"east":{"uv":[7.6875,1.375,7.953125,1.546875],"tintindex":0,"rotation":0,"texture":"#0"},"south":{"uv":[0.0,7.46875,0.28125,7.640625],"tintindex":0,"rotation":0,"texture":"#0"},"north":{"uv":[7.34375,7.4375,7.625,7.609375],"tintindex":0,"rotation":0,"texture":"#0"},"west":{"uv":[4.09375,7.71875,4.359375,7.890625],"tintindex":0,"rotation":0,"texture":"#0"},"up":{"uv":[2.03125,7.140625,1.75,6.875],"tintindex":0,"rotation":0,"texture":"#0"},"down":{"uv":[2.3125,6.875,2.03125,7.140625],"tintindex":0,"rotation":0,"texture":"#0"}},"rotation":{"origin":[10.202,-2.5179987,6.3372927],"angle":-45.0,"axis":"x"}},{"from":[7.453491,-0.5859995,6.2246523],"to":[15.650272,5.624001,14.421434],"faces":{"east":{"uv":[7.65625,2.5625,7.90625,2.75],"tintindex":0,"rotation":0,"texture":"#0"},"south":{"uv":[7.65625,4.03125,7.90625,4.21875],"tintindex":0,"rotation":0,"texture":"#0"},"north":{"uv":[2.1875,7.65625,2.4375,7.84375],"tintindex":0,"rotation":0,"texture":"#0"},"west":{"uv":[7.65625,5.0,7.90625,5.1875],"tintindex":0,"rotation":0,"texture":"#0"},"up":{"uv":[3.15625,7.375,2.90625,7.125],"tintindex":0,"rotation":0,"texture":"#0"},"down":{"uv":[3.40625,7.125,3.15625,7.375],"tintindex":0,"rotation":0,"texture":"#0"}},"rotation":{"origin":[8.419491,-3.8979988,14.6426525],"angle":45.0,"axis":"y"}},{"from":[5.07216,-1.884037,2.5245504],"to":[5.1878414,8.205848,19.68481],"faces":{"east":{"uv":[5.25,0.0,5.78125,0.3125],"tintindex":0,"rotation":0,"texture":"#0"},"south":{"uv":[3.125,8.3125,3.140625,8.625],"tintindex":0,"rotation":0,"texture":"#0"},"north":{"uv":[3.09375,8.3125,3.109375,8.625],"tintindex":0,"rotation":0,"texture":"#0"},"west":{"uv":[2.59375,5.25,3.125,5.5625],"tintindex":0,"rotation":0,"texture":"#0"},"up":{"uv":[1.609375,8.84375,1.59375,8.3125],"tintindex":0,"rotation":0,"texture":"#0"},"down":{"uv":[1.640625,8.3125,1.625,8.84375],"tintindex":0,"rotation":0,"texture":"#0"}},"rotation":{"origin":[-31.61142,-10.5308,27.553373],"angle":22.5,"axis":"y"}}],"display":{"head":{"rotation":[0.0,0.0,0.0]},"firstperson_righthand":{"rotation":[0.0,0.0,0.0]},"thirdperson_lefthand":{"rotation":[0.0,0.0,0.0]},"firstperson_lefthand":{"rotation":[0.0,0.0,0.0]},"fixed":{"rotation":[0.0,0.0,0.0]},"ground":{"rotation":[0.0,0.0,0.0]},"thirdperson_righthand":{"rotation":[0.0,0.0,0.0]},"gui":{"rotation":[-150.0,-45.0,180.0]}}}