{"textures":{"0":"modelengine:entity/cerberus","particle":"#0"},"elements":[{"from":[5.1041594,-6.361738,15.822133],"to":[17.207842,7.426792,21.533527],"faces":{"east":{"uv":[0.5,2.53125,0.671875,2.96875],"tintindex":0,"rotation":0,"texture":"#0"},"south":{"uv":[1.0625,5.4375,1.4375,5.875],"tintindex":0,"rotation":0,"texture":"#0"},"north":{"uv":[2.125,5.40625,2.5,5.84375],"tintindex":0,"rotation":0,"texture":"#0"},"west":{"uv":[5.3125,6.15625,5.484375,6.59375],"tintindex":0,"rotation":0,"texture":"#0"},"up":{"uv":[7.4375,0.390625,7.0625,0.21875],"tintindex":0,"rotation":0,"texture":"#0"},"down":{"uv":[7.4375,3.3125,7.0625,3.484375],"tintindex":0,"rotation":0,"texture":"#0"}},"rotation":{"origin":[10.823099,1.8405151,15.003008],"angle":22.5,"axis":"x"}},{"from":[4.9633064,-5.423914,4.4502373],"to":[17.348694,9.500683,18.898647],"faces":{"east":{"uv":[3.40625,3.09375,3.859375,3.5625],"tintindex":0,"rotation":0,"texture":"#0"},"south":{"uv":[3.34375,4.125,3.734375,4.59375],"tintindex":0,"rotation":0,"texture":"#0"},"north":{"uv":[2.21875,4.0,2.609375,4.46875],"tintindex":0,"rotation":0,"texture":"#0"},"west":{"uv":[3.4375,0.3125,3.890625,0.78125],"tintindex":0,"rotation":0,"texture":"#0"},"up":{"uv":[4.671875,0.890625,4.28125,0.4375],"tintindex":0,"rotation":0,"texture":"#0"},"down":{"uv":[4.703125,3.0625,4.3125,3.515625],"tintindex":0,"rotation":0,"texture":"#0"}},"rotation":{"origin":[10.823099,1.8405151,15.003008],"angle":45.0,"axis":"x"}},{"from":[4.601307,2.0674286,0.57354355],"to":[17.710693,15.855957,14.284939],"faces":{"east":{"uv":[3.875,3.125,4.296875,3.5625],"tintindex":0,"rotation":0,"texture":"#0"},"south":{"uv":[4.21875,3.9375,4.625,4.375],"tintindex":0,"rotation":0,"texture":"#0"},"north":{"uv":[4.21875,1.0,4.625,1.4375],"tintindex":0,"rotation":0,"texture":"#0"},"west":{"uv":[3.78125,3.9375,4.203125,4.375],"tintindex":0,"rotation":0,"texture":"#0"},"up":{"uv":[1.15625,5.046875,0.75,4.625],"tintindex":0,"rotation":0,"texture":"#0"},"down":{"uv":[5.03125,0.90625,4.625,1.328125],"tintindex":0,"rotation":0,"texture":"#0"}}}],"display":{"head":{"rotation":[0.0,0.0,0.0]},"firstperson_righthand":{"rotation":[0.0,0.0,0.0]},"thirdperson_lefthand":{"rotation":[0.0,0.0,0.0]},"firstperson_lefthand":{"rotation":[0.0,0.0,0.0]},"fixed":{"rotation":[0.0,0.0,0.0]},"ground":{"rotation":[0.0,0.0,0.0]},"thirdperson_righthand":{"rotation":[0.0,0.0,0.0]},"gui":{"rotation":[-150.0,-45.0,180.0]}}}