{"textures":{"0":"modelengine:entity/cerberus","particle":"#0"},"elements":[{"from":[3.6981592,2.460555,13.967936],"to":[13.041841,9.10244,18.230198],"faces":{"east":{"uv":[8.09375,7.0,8.234375,7.203125],"tintindex":0,"rotation":0,"texture":"#0"},"south":{"uv":[7.3125,6.03125,7.609375,6.234375],"tintindex":0,"rotation":0,"texture":"#0"},"north":{"uv":[3.65625,7.3125,3.953125,7.515625],"tintindex":0,"rotation":0,"texture":"#0"},"west":{"uv":[7.9375,8.09375,8.078125,8.296875],"tintindex":0,"rotation":0,"texture":"#0"},"up":{"uv":[8.109375,3.640625,7.8125,3.5],"tintindex":0,"rotation":0,"texture":"#0"},"down":{"uv":[8.109375,3.65625,7.8125,3.796875],"tintindex":0,"rotation":0,"texture":"#0"}}},{"from":[8.312159,-1.9554443,11.621937],"to":[8.427841,8.134439,28.782196],"faces":{"east":{"uv":[4.9375,1.34375,5.46875,1.65625],"tintindex":0,"rotation":0,"texture":"#0"},"south":{"uv":[5.96875,4.0625,5.984375,4.375],"tintindex":0,"rotation":0,"texture":"#0"},"north":{"uv":[5.9375,3.6875,5.953125,4.0],"tintindex":0,"rotation":0,"texture":"#0"},"west":{"uv":[2.9375,4.9375,3.46875,5.25],"tintindex":0,"rotation":0,"texture":"#0"},"up":{"uv":[3.390625,8.8125,3.375,8.28125],"tintindex":0,"rotation":0,"texture":"#0"},"down":{"uv":[3.421875,8.28125,3.40625,8.8125],"tintindex":0,"rotation":0,"texture":"#0"}},"rotation":{"origin":[45.11142,16.781202,3.753374],"angle":-22.5,"axis":"x"}},{"from":[3.2841587,9.785162,8.263084],"to":[13.455841,18.049423,20.56297],"faces":{"east":{"uv":[0.875,6.09375,1.265625,6.359375],"tintindex":0,"rotation":0,"texture":"#0"},"south":{"uv":[4.84375,6.6875,5.15625,6.953125],"tintindex":0,"rotation":0,"texture":"#0"},"north":{"uv":[4.6875,0.625,5.0,0.890625],"tintindex":0,"rotation":0,"texture":"#0"},"west":{"uv":[1.28125,6.125,1.671875,6.390625],"tintindex":0,"rotation":0,"texture":"#0"},"up":{"uv":[2.0625,6.109375,1.75,5.71875],"tintindex":0,"rotation":0,"texture":"#0"},"down":{"uv":[5.8125,5.71875,5.5,6.109375],"tintindex":0,"rotation":0,"texture":"#0"}},"rotation":{"origin":[21.84942,14.958599,4.310322],"angle":45.0,"axis":"x"}},{"from":[4.5261593,-3.640047,9.280884],"to":[12.2138405,5.8998375,17.545147],"faces":{"east":{"uv":[6.6875,6.6875,6.953125,6.984375],"tintindex":0,"rotation":0,"texture":"#0"},"south":{"uv":[4.78125,6.96875,5.015625,7.265625],"tintindex":0,"rotation":0,"texture":"#0"},"north":{"uv":[6.96875,1.6875,7.203125,1.984375],"tintindex":0,"rotation":0,"texture":"#0"},"west":{"uv":[0.21875,6.71875,0.484375,7.015625],"tintindex":0,"rotation":0,"texture":"#0"},"up":{"uv":[2.734375,7.515625,2.5,7.25],"tintindex":0,"rotation":0,"texture":"#0"},"down":{"uv":[7.484375,3.875,7.25,4.140625],"tintindex":0,"rotation":0,"texture":"#0"}}}],"display":{"head":{"rotation":[0.0,0.0,0.0]},"firstperson_righthand":{"rotation":[0.0,0.0,0.0]},"thirdperson_lefthand":{"rotation":[0.0,0.0,0.0]},"firstperson_lefthand":{"rotation":[0.0,0.0,0.0]},"fixed":{"rotation":[0.0,0.0,0.0]},"ground":{"rotation":[0.0,0.0,0.0]},"thirdperson_righthand":{"rotation":[0.0,0.0,0.0]},"gui":{"rotation":[-150.0,-45.0,180.0]}}}