{"textures":{"0":"modelengine:entity/cerberus","particle":"#0"},"elements":[{"from":[0.36712742,24.098999,9.617313],"to":[15.713364,28.73761,18.650362],"faces":{"east":{"uv":[4.65625,2.53125,5.21875,2.828125],"tintindex":0,"rotation":0,"texture":"#0"},"south":{"uv":[2.625,0.0,3.578125,0.296875],"tintindex":0,"rotation":0,"texture":"#0"},"north":{"uv":[1.875,2.59375,2.828125,2.890625],"tintindex":0,"rotation":0,"texture":"#0"},"west":{"uv":[4.6875,0.0,5.25,0.296875],"tintindex":0,"rotation":0,"texture":"#0"},"up":{"uv":[1.921875,1.8125,0.96875,1.25],"tintindex":0,"rotation":0,"texture":"#0"},"down":{"uv":[0.953125,1.375,0.0,1.9375],"tintindex":0,"rotation":0,"texture":"#0"}},"rotation":{"origin":[17.404362,44.955997,-25.251],"angle":22.5,"axis":"x"}},{"from":[0.3553548,1.339015,-1.018506],"to":[15.725136,12.343119,8.758795],"faces":{"east":{"uv":[0.96875,1.8125,1.578125,2.5],"tintindex":0,"rotation":0,"texture":"#0"},"south":{"uv":[0.0,0.6875,0.953125,1.375],"tintindex":0,"rotation":0,"texture":"#0"},"north":{"uv":[0.0,0.0,0.953125,0.6875],"tintindex":0,"rotation":0,"texture":"#0"},"west":{"uv":[1.59375,1.8125,2.203125,2.5],"tintindex":0,"rotation":0,"texture":"#0"},"up":{"uv":[1.921875,0.609375,0.96875,0.0],"tintindex":0,"rotation":0,"texture":"#0"},"down":{"uv":[1.921875,0.625,0.96875,1.234375],"tintindex":0,"rotation":0,"texture":"#0"}}},{"from":[0.37890005,17.918873,24.64799],"to":[15.7015915,23.930748,30.659863],"faces":{"east":{"uv":[5.5625,3.65625,5.9375,4.03125],"tintindex":0,"rotation":0,"texture":"#0"},"south":{"uv":[1.9375,0.96875,2.890625,1.34375],"tintindex":0,"rotation":0,"texture":"#0"},"north":{"uv":[1.9375,0.59375,2.890625,0.96875],"tintindex":0,"rotation":0,"texture":"#0"},"west":{"uv":[5.59375,4.03125,5.96875,4.40625],"tintindex":0,"rotation":0,"texture":"#0"},"up":{"uv":[2.890625,1.71875,1.9375,1.34375],"tintindex":0,"rotation":0,"texture":"#0"},"down":{"uv":[3.171875,1.71875,2.21875,2.09375],"tintindex":0,"rotation":0,"texture":"#0"}},"rotation":{"origin":[17.39259,49.119133,-2.1727638],"angle":45.0,"axis":"x"}}],"display":{"head":{"rotation":[0.0,0.0,0.0]},"firstperson_righthand":{"rotation":[0.0,0.0,0.0]},"thirdperson_lefthand":{"rotation":[0.0,0.0,0.0]},"firstperson_lefthand":{"rotation":[0.0,0.0,0.0]},"fixed":{"rotation":[0.0,0.0,0.0]},"ground":{"rotation":[0.0,0.0,0.0]},"thirdperson_righthand":{"rotation":[0.0,0.0,0.0]},"gui":{"rotation":[-150.0,-45.0,180.0]}}}