{"textures":{"0":"modelengine:entity/cerberus","particle":"#0"},"elements":[{"from":[3.9929318,-1.2143135,-2.34243],"to":[12.024334,1.5739021,1.9173546],"faces":{"east":{"uv":[4.84375,3.78125,4.984375,3.875],"tintindex":0,"rotation":0,"texture":"#0"},"south":{"uv":[1.78125,3.90625,2.03125,4.0],"tintindex":0,"rotation":0,"texture":"#0"},"north":{"uv":[1.9375,1.71875,2.1875,1.8125],"tintindex":0,"rotation":0,"texture":"#0"},"west":{"uv":[6.59375,5.96875,6.734375,6.0625],"tintindex":0,"rotation":0,"texture":"#0"},"up":{"uv":[8.125,2.546875,7.875,2.40625],"tintindex":0,"rotation":0,"texture":"#0"},"down":{"uv":[8.125,5.875,7.875,6.015625],"tintindex":0,"rotation":0,"texture":"#0"}},"rotation":{"origin":[8.008633,0.17979431,-0.21253967],"angle":22.5,"axis":"x"}},{"from":[3.9929318,1.399723,-1.4667664],"to":[12.024334,3.1879387,2.7930183],"faces":{"east":{"uv":[4.875,4.3125,5.015625,4.375],"tintindex":0,"rotation":0,"texture":"#0"},"south":{"uv":[4.34375,3.875,4.59375,3.9375],"tintindex":0,"rotation":0,"texture":"#0"},"north":{"uv":[0.6875,2.4375,0.9375,2.5],"tintindex":0,"rotation":0,"texture":"#0"},"west":{"uv":[5.75,0.5625,5.890625,0.625],"tintindex":0,"rotation":0,"texture":"#0"},"up":{"uv":[6.53125,5.515625,6.28125,5.375],"tintindex":0,"rotation":0,"texture":"#0"},"down":{"uv":[8.125,2.25,7.875,2.390625],"tintindex":0,"rotation":0,"texture":"#0"}},"rotation":{"origin":[8.008633,2.2938309,0.6631241],"angle":22.5,"axis":"x"}},{"from":[3.0982518,5.7283974,-1.6467934],"to":[12.919014,10.1739235,10.059025],"faces":{"east":{"uv":[7.4375,0.1875,7.796875,0.328125],"tintindex":0,"rotation":0,"texture":"#0"},"south":{"uv":[7.625,6.09375,7.9375,6.234375],"tintindex":0,"rotation":0,"texture":"#0"},"north":{"uv":[2.59375,5.09375,2.90625,5.234375],"tintindex":0,"rotation":0,"texture":"#0"},"west":{"uv":[1.875,7.4375,2.234375,7.578125],"tintindex":0,"rotation":0,"texture":"#0"},"up":{"uv":[6.25,0.921875,5.9375,0.5625],"tintindex":0,"rotation":0,"texture":"#0"},"down":{"uv":[6.25,0.9375,5.9375,1.296875],"tintindex":0,"rotation":0,"texture":"#0"}}},{"from":[3.0982518,2.2828636,-1.6467934],"to":[12.919014,5.7283936,10.059025],"faces":{"east":{"uv":[7.84375,5.625,8.203125,5.734375],"tintindex":0,"rotation":0,"texture":"#0"},"south":{"uv":[7.90625,1.71875,8.21875,1.828125],"tintindex":0,"rotation":0,"texture":"#0"},"north":{"uv":[3.4375,6.28125,3.75,6.390625],"tintindex":0,"rotation":0,"texture":"#0"},"west":{"uv":[7.84375,5.75,8.203125,5.859375],"tintindex":0,"rotation":0,"texture":"#0"},"up":{"uv":[3.4375,6.265625,3.125,5.90625],"tintindex":0,"rotation":0,"texture":"#0"},"down":{"uv":[3.75,5.90625,3.4375,6.265625],"tintindex":0,"rotation":0,"texture":"#0"}}}],"display":{"head":{"rotation":[0.0,0.0,0.0]},"firstperson_righthand":{"rotation":[0.0,0.0,0.0]},"thirdperson_lefthand":{"rotation":[0.0,0.0,0.0]},"firstperson_lefthand":{"rotation":[0.0,0.0,0.0]},"fixed":{"rotation":[0.0,0.0,0.0]},"ground":{"rotation":[0.0,0.0,0.0]},"thirdperson_righthand":{"rotation":[0.0,0.0,0.0]},"gui":{"rotation":[-150.0,-45.0,180.0]}}}