{"textures":{"0":"modelengine:entity/cerberus","particle":"#0"},"elements":[{"from":[3.9929318,1.399723,-1.4667664],"to":[12.024334,3.1879387,2.7930183],"faces":{"east":{"uv":[6.8125,6.625,6.953125,6.6875],"tintindex":0,"rotation":0,"texture":"#0"},"south":{"uv":[5.28125,1.25,5.53125,1.3125],"tintindex":0,"rotation":0,"texture":"#0"},"north":{"uv":[4.625,4.3125,4.875,4.375],"tintindex":0,"rotation":0,"texture":"#0"},"west":{"uv":[6.9375,6.25,7.078125,6.3125],"tintindex":0,"rotation":0,"texture":"#0"},"up":{"uv":[7.25,8.015625,7.0,7.875],"tintindex":0,"rotation":0,"texture":"#0"},"down":{"uv":[8.125,7.375,7.875,7.515625],"tintindex":0,"rotation":0,"texture":"#0"}},"rotation":{"origin":[8.008633,2.2938309,0.6631241],"angle":22.5,"axis":"x"}},{"from":[3.0982518,2.2828636,-1.6467934],"to":[12.919014,5.7283936,10.059025],"faces":{"east":{"uv":[7.84375,6.40625,8.203125,6.515625],"tintindex":0,"rotation":0,"texture":"#0"},"south":{"uv":[7.90625,5.09375,8.21875,5.203125],"tintindex":0,"rotation":0,"texture":"#0"},"north":{"uv":[7.90625,4.96875,8.21875,5.078125],"tintindex":0,"rotation":0,"texture":"#0"},"west":{"uv":[7.84375,6.53125,8.203125,6.640625],"tintindex":0,"rotation":0,"texture":"#0"},"up":{"uv":[6.25,3.671875,5.9375,3.3125],"tintindex":0,"rotation":0,"texture":"#0"},"down":{"uv":[0.3125,5.96875,0.0,6.328125],"tintindex":0,"rotation":0,"texture":"#0"}}},{"from":[3.9929318,-1.2143135,-2.34243],"to":[12.024334,1.5739021,1.9173546],"faces":{"east":{"uv":[6.40625,6.59375,6.546875,6.6875],"tintindex":0,"rotation":0,"texture":"#0"},"south":{"uv":[4.40625,2.53125,4.65625,2.625],"tintindex":0,"rotation":0,"texture":"#0"},"north":{"uv":[4.28125,0.90625,4.53125,1.0],"tintindex":0,"rotation":0,"texture":"#0"},"west":{"uv":[7.28125,1.59375,7.421875,1.6875],"tintindex":0,"rotation":0,"texture":"#0"},"up":{"uv":[8.03125,8.015625,7.78125,7.875],"tintindex":0,"rotation":0,"texture":"#0"},"down":{"uv":[8.15625,0.0,7.90625,0.140625],"tintindex":0,"rotation":0,"texture":"#0"}},"rotation":{"origin":[8.008633,0.17979431,-0.21253967],"angle":22.5,"axis":"x"}},{"from":[3.0982518,5.7283974,-1.6467934],"to":[12.919014,10.1739235,10.059025],"faces":{"east":{"uv":[7.4375,3.5,7.796875,3.640625],"tintindex":0,"rotation":0,"texture":"#0"},"south":{"uv":[7.71875,4.8125,8.03125,4.953125],"tintindex":0,"rotation":0,"texture":"#0"},"north":{"uv":[7.6875,3.03125,8.0,3.171875],"tintindex":0,"rotation":0,"texture":"#0"},"west":{"uv":[7.4375,3.65625,7.796875,3.796875],"tintindex":0,"rotation":0,"texture":"#0"},"up":{"uv":[6.28125,4.046875,5.96875,3.6875],"tintindex":0,"rotation":0,"texture":"#0"},"down":{"uv":[6.28125,5.15625,5.96875,5.515625],"tintindex":0,"rotation":0,"texture":"#0"}}}],"display":{"head":{"rotation":[0.0,0.0,0.0]},"firstperson_righthand":{"rotation":[0.0,0.0,0.0]},"thirdperson_lefthand":{"rotation":[0.0,0.0,0.0]},"firstperson_lefthand":{"rotation":[0.0,0.0,0.0]},"fixed":{"rotation":[0.0,0.0,0.0]},"ground":{"rotation":[0.0,0.0,0.0]},"thirdperson_righthand":{"rotation":[0.0,0.0,0.0]},"gui":{"rotation":[-150.0,-45.0,180.0]}}}