{"textures":{"0":"modelengine:entity/cerberus","particle":"#0"},"elements":[{"from":[3.9929314,-1.2143135,-2.34243],"to":[12.024334,1.5739021,1.9173546],"faces":{"east":{"uv":[5.15625,7.34375,5.296875,7.4375],"tintindex":0,"rotation":0,"texture":"#0"},"south":{"uv":[5.03125,1.25,5.28125,1.34375],"tintindex":0,"rotation":0,"texture":"#0"},"north":{"uv":[4.625,1.34375,4.875,1.4375],"tintindex":0,"rotation":0,"texture":"#0"},"west":{"uv":[7.34375,5.9375,7.484375,6.03125],"tintindex":0,"rotation":0,"texture":"#0"},"up":{"uv":[8.15625,4.109375,7.90625,3.96875],"tintindex":0,"rotation":0,"texture":"#0"},"down":{"uv":[4.3125,7.90625,4.0625,8.046875],"tintindex":0,"rotation":0,"texture":"#0"}},"rotation":{"origin":[8.008633,0.17979431,-0.21253967],"angle":22.5,"axis":"x"}},{"from":[3.0982513,5.7283974,-1.6467934],"to":[12.919014,10.1739235,10.059025],"faces":{"east":{"uv":[5.15625,7.4375,5.515625,7.578125],"tintindex":0,"rotation":0,"texture":"#0"},"south":{"uv":[7.75,6.25,8.0625,6.390625],"tintindex":0,"rotation":0,"texture":"#0"},"north":{"uv":[7.75,3.8125,8.0625,3.953125],"tintindex":0,"rotation":0,"texture":"#0"},"west":{"uv":[5.53125,7.4375,5.890625,7.578125],"tintindex":0,"rotation":0,"texture":"#0"},"up":{"uv":[4.0625,6.390625,3.75,6.03125],"tintindex":0,"rotation":0,"texture":"#0"},"down":{"uv":[4.375,6.03125,4.0625,6.390625],"tintindex":0,"rotation":0,"texture":"#0"}}},{"from":[3.0982513,2.2828636,-1.6467934],"to":[12.919014,5.7283936,10.059025],"faces":{"east":{"uv":[7.875,0.53125,8.234375,0.640625],"tintindex":0,"rotation":0,"texture":"#0"},"south":{"uv":[7.90625,6.65625,8.21875,6.765625],"tintindex":0,"rotation":0,"texture":"#0"},"north":{"uv":[7.90625,5.21875,8.21875,5.328125],"tintindex":0,"rotation":0,"texture":"#0"},"west":{"uv":[7.875,0.65625,8.234375,0.765625],"tintindex":0,"rotation":0,"texture":"#0"},"up":{"uv":[2.8125,6.359375,2.5,6.0],"tintindex":0,"rotation":0,"texture":"#0"},"down":{"uv":[6.3125,4.0625,6.0,4.421875],"tintindex":0,"rotation":0,"texture":"#0"}}},{"from":[3.9929314,1.399723,-1.4667664],"to":[12.024334,3.1879387,2.7930183],"faces":{"east":{"uv":[0.0,7.25,0.140625,7.3125],"tintindex":0,"rotation":0,"texture":"#0"},"south":{"uv":[6.375,5.0625,6.625,5.125],"tintindex":0,"rotation":0,"texture":"#0"},"north":{"uv":[5.84375,2.1875,6.09375,2.25],"tintindex":0,"rotation":0,"texture":"#0"},"west":{"uv":[7.40625,0.59375,7.546875,0.65625],"tintindex":0,"rotation":0,"texture":"#0"},"up":{"uv":[8.15625,1.703125,7.90625,1.5625],"tintindex":0,"rotation":0,"texture":"#0"},"down":{"uv":[8.15625,2.5625,7.90625,2.703125],"tintindex":0,"rotation":0,"texture":"#0"}},"rotation":{"origin":[8.008633,2.2938309,0.6631241],"angle":22.5,"axis":"x"}}],"display":{"head":{"rotation":[0.0,0.0,0.0]},"firstperson_righthand":{"rotation":[0.0,0.0,0.0]},"thirdperson_lefthand":{"rotation":[0.0,0.0,0.0]},"firstperson_lefthand":{"rotation":[0.0,0.0,0.0]},"fixed":{"rotation":[0.0,0.0,0.0]},"ground":{"rotation":[0.0,0.0,0.0]},"thirdperson_righthand":{"rotation":[0.0,0.0,0.0]},"gui":{"rotation":[-150.0,-45.0,180.0]}}}