{"textures":{"0":"modelengine:entity/cerberus","particle":"#0"},"elements":[{"from":[2.9635,3.644371,-2.394556],"to":[15.02784,15.852112,15.527519],"faces":{"east":{"uv":[3.4375,1.875,4.0,2.25],"tintindex":0,"rotation":0,"texture":"#0"},"south":{"uv":[5.625,4.40625,6.0,4.78125],"tintindex":0,"rotation":0,"texture":"#0"},"north":{"uv":[5.59375,5.34375,5.96875,5.71875],"tintindex":0,"rotation":0,"texture":"#0"},"west":{"uv":[0.46875,3.5,1.03125,3.875],"tintindex":0,"rotation":0,"texture":"#0"},"up":{"uv":[2.40625,4.0,2.03125,3.4375],"tintindex":0,"rotation":0,"texture":"#0"},"down":{"uv":[3.78125,3.5625,3.40625,4.125],"tintindex":0,"rotation":0,"texture":"#0"}},"rotation":{"origin":[8.99567,9.748241,6.5664825],"angle":-22.5,"axis":"x"}},{"from":[4.9635,11.353161,-5.4584713],"to":[13.02784,22.560902,10.463604],"faces":{"east":{"uv":[4.34375,3.53125,4.84375,3.875],"tintindex":0,"rotation":0,"texture":"#0"},"south":{"uv":[1.5625,3.09375,1.8125,3.4375],"tintindex":0,"rotation":0,"texture":"#0"},"north":{"uv":[2.90625,1.375,3.15625,1.71875],"tintindex":0,"rotation":0,"texture":"#0"},"west":{"uv":[4.4375,1.4375,4.9375,1.78125],"tintindex":0,"rotation":0,"texture":"#0"},"up":{"uv":[0.9375,2.4375,0.6875,1.9375],"tintindex":0,"rotation":0,"texture":"#0"},"down":{"uv":[3.125,5.5625,2.875,6.0625],"tintindex":0,"rotation":0,"texture":"#0"}},"rotation":{"origin":[8.99567,16.957031,2.5025673],"angle":-45.0,"axis":"x"}}],"display":{"head":{"rotation":[0.0,0.0,0.0]},"firstperson_righthand":{"rotation":[0.0,0.0,0.0]},"thirdperson_lefthand":{"rotation":[0.0,0.0,0.0]},"firstperson_lefthand":{"rotation":[0.0,0.0,0.0]},"fixed":{"rotation":[0.0,0.0,0.0]},"ground":{"rotation":[0.0,0.0,0.0]},"thirdperson_righthand":{"rotation":[0.0,0.0,0.0]},"gui":{"rotation":[-150.0,-45.0,180.0]}}}