{"textures":{"0":"modelengine:entity/cerberus","particle":"#0"},"elements":[{"from":[4.963501,11.353161,-5.4584713],"to":[13.02784,22.560902,10.463604],"faces":{"east":{"uv":[4.5625,4.375,5.0625,4.71875],"tintindex":0,"rotation":0,"texture":"#0"},"south":{"uv":[6.625,0.53125,6.875,0.875],"tintindex":0,"rotation":0,"texture":"#0"},"north":{"uv":[6.15625,6.59375,6.40625,6.9375],"tintindex":0,"rotation":0,"texture":"#0"},"west":{"uv":[3.03125,4.59375,3.53125,4.9375],"tintindex":0,"rotation":0,"texture":"#0"},"up":{"uv":[0.625,6.1875,0.375,5.6875],"tintindex":0,"rotation":0,"texture":"#0"},"down":{"uv":[0.875,5.6875,0.625,6.1875],"tintindex":0,"rotation":0,"texture":"#0"}},"rotation":{"origin":[8.99567,16.957031,2.5025673],"angle":-45.0,"axis":"x"}},{"from":[2.963501,3.644371,-2.394556],"to":[15.02784,15.852112,15.527519],"faces":{"east":{"uv":[3.78125,3.5625,4.34375,3.9375],"tintindex":0,"rotation":0,"texture":"#0"},"south":{"uv":[5.65625,4.78125,6.03125,5.15625],"tintindex":0,"rotation":0,"texture":"#0"},"north":{"uv":[4.625,5.65625,5.0,6.03125],"tintindex":0,"rotation":0,"texture":"#0"},"west":{"uv":[3.84375,2.25,4.40625,2.625],"tintindex":0,"rotation":0,"texture":"#0"},"up":{"uv":[3.34375,4.1875,2.96875,3.625],"tintindex":0,"rotation":0,"texture":"#0"},"down":{"uv":[0.75,3.875,0.375,4.4375],"tintindex":0,"rotation":0,"texture":"#0"}},"rotation":{"origin":[8.99567,9.748241,6.5664825],"angle":-22.5,"axis":"x"}}],"display":{"head":{"rotation":[0.0,0.0,0.0]},"firstperson_righthand":{"rotation":[0.0,0.0,0.0]},"thirdperson_lefthand":{"rotation":[0.0,0.0,0.0]},"firstperson_lefthand":{"rotation":[0.0,0.0,0.0]},"fixed":{"rotation":[0.0,0.0,0.0]},"ground":{"rotation":[0.0,0.0,0.0]},"thirdperson_righthand":{"rotation":[0.0,0.0,0.0]},"gui":{"rotation":[-150.0,-45.0,180.0]}}}