{"textures":{"0":"modelengine:entity/cerberus","particle":"#0"},"elements":[{"from":[2.9635005,3.644371,-2.394556],"to":[15.02784,15.852112,15.527519],"faces":{"east":{"uv":[2.40625,3.625,2.96875,4.0],"tintindex":0,"rotation":0,"texture":"#0"},"south":{"uv":[4.25,5.65625,4.625,6.03125],"tintindex":0,"rotation":0,"texture":"#0"},"north":{"uv":[3.875,5.65625,4.25,6.03125],"tintindex":0,"rotation":0,"texture":"#0"},"west":{"uv":[3.65625,1.25,4.21875,1.625],"tintindex":0,"rotation":0,"texture":"#0"},"up":{"uv":[1.40625,4.15625,1.03125,3.59375],"tintindex":0,"rotation":0,"texture":"#0"},"down":{"uv":[0.375,3.625,0.0,4.1875],"tintindex":0,"rotation":0,"texture":"#0"}},"rotation":{"origin":[8.99567,9.748241,6.5664825],"angle":-22.5,"axis":"x"}},{"from":[4.9635005,11.353161,-5.4584713],"to":[13.02784,22.560902,10.463604],"faces":{"east":{"uv":[1.53125,4.4375,2.03125,4.78125],"tintindex":0,"rotation":0,"texture":"#0"},"south":{"uv":[6.59375,5.625,6.84375,5.96875],"tintindex":0,"rotation":0,"texture":"#0"},"north":{"uv":[5.3125,6.59375,5.5625,6.9375],"tintindex":0,"rotation":0,"texture":"#0"},"west":{"uv":[2.03125,4.46875,2.53125,4.8125],"tintindex":0,"rotation":0,"texture":"#0"},"up":{"uv":[5.25,6.15625,5.0,5.65625],"tintindex":0,"rotation":0,"texture":"#0"},"down":{"uv":[5.5,5.65625,5.25,6.15625],"tintindex":0,"rotation":0,"texture":"#0"}},"rotation":{"origin":[8.99567,16.957031,2.5025673],"angle":-45.0,"axis":"x"}}],"display":{"head":{"rotation":[0.0,0.0,0.0]},"firstperson_righthand":{"rotation":[0.0,0.0,0.0]},"thirdperson_lefthand":{"rotation":[0.0,0.0,0.0]},"firstperson_lefthand":{"rotation":[0.0,0.0,0.0]},"fixed":{"rotation":[0.0,0.0,0.0]},"ground":{"rotation":[0.0,0.0,0.0]},"thirdperson_righthand":{"rotation":[0.0,0.0,0.0]},"gui":{"rotation":[-150.0,-45.0,180.0]}}}