{"textures":{"0":"modelengine:entity/cerberus","particle":"#0"},"elements":[{"from":[5.9680004,4.7400007,0.023292542],"to":[10.66,11.088001,7.6132927],"faces":{"east":{"uv":[7.59375,6.46875,7.828125,6.671875],"tintindex":0,"rotation":0,"texture":"#0"},"south":{"uv":[8.15625,4.25,8.296875,4.453125],"tintindex":0,"rotation":0,"texture":"#0"},"north":{"uv":[8.15625,4.03125,8.296875,4.234375],"tintindex":0,"rotation":0,"texture":"#0"},"west":{"uv":[0.28125,7.625,0.515625,7.828125],"tintindex":0,"rotation":0,"texture":"#0"},"up":{"uv":[2.296875,8.203125,2.15625,7.96875],"tintindex":0,"rotation":0,"texture":"#0"},"down":{"uv":[4.453125,7.96875,4.3125,8.203125],"tintindex":0,"rotation":0,"texture":"#0"}},"rotation":{"origin":[3.7279987,1.6220007,5.647292],"angle":-45.0,"axis":"x"}},{"from":[9.18,2.340001,1.0722923],"to":[13.872,8.688001,8.6622925],"faces":{"east":{"uv":[7.625,2.34375,7.859375,2.546875],"tintindex":0,"rotation":0,"texture":"#0"},"south":{"uv":[1.25,8.1875,1.390625,8.390625],"tintindex":0,"rotation":0,"texture":"#0"},"north":{"uv":[7.5625,8.15625,7.703125,8.359375],"tintindex":0,"rotation":0,"texture":"#0"},"west":{"uv":[7.625,5.875,7.859375,6.078125],"tintindex":0,"rotation":0,"texture":"#0"},"up":{"uv":[4.921875,8.203125,4.78125,7.96875],"tintindex":0,"rotation":0,"texture":"#0"},"down":{"uv":[5.078125,7.96875,4.9375,8.203125],"tintindex":0,"rotation":0,"texture":"#0"}},"rotation":{"origin":[8.939999,1.6220007,17.038292],"angle":-22.5,"axis":"y"}},{"from":[0.34972763,-0.5859995,6.2246523],"to":[8.546509,5.624001,14.421434],"faces":{"east":{"uv":[7.65625,6.6875,7.90625,6.875],"tintindex":0,"rotation":0,"texture":"#0"},"south":{"uv":[7.65625,6.875,7.90625,7.0625],"tintindex":0,"rotation":0,"texture":"#0"},"north":{"uv":[7.65625,5.1875,7.90625,5.375],"tintindex":0,"rotation":0,"texture":"#0"},"west":{"uv":[7.65625,7.0625,7.90625,7.25],"tintindex":0,"rotation":0,"texture":"#0"},"up":{"uv":[3.65625,7.375,3.40625,7.125],"tintindex":0,"rotation":0,"texture":"#0"},"down":{"uv":[7.375,7.0,7.125,7.25],"tintindex":0,"rotation":0,"texture":"#0"}},"rotation":{"origin":[7.580509,-3.8979988,14.6426525],"angle":-45.0,"axis":"y"}},{"from":[4.0039997,0.104001045,7.8552923],"to":[12.8359995,5.624001,16.411293],"faces":{"east":{"uv":[7.71875,4.21875,7.984375,4.390625],"tintindex":0,"rotation":0,"texture":"#0"},"south":{"uv":[7.46875,1.78125,7.75,1.953125],"tintindex":0,"rotation":0,"texture":"#0"},"north":{"uv":[7.46875,1.59375,7.75,1.765625],"tintindex":0,"rotation":0,"texture":"#0"},"west":{"uv":[7.71875,4.40625,7.984375,4.578125],"tintindex":0,"rotation":0,"texture":"#0"},"up":{"uv":[7.15625,2.390625,6.875,2.125],"tintindex":0,"rotation":0,"texture":"#0"},"down":{"uv":[4.78125,6.875,4.5,7.140625],"tintindex":0,"rotation":0,"texture":"#0"}},"rotation":{"origin":[5.7980003,-2.5179987,6.3372927],"angle":-45.0,"axis":"x"}},{"from":[3.1121578,-3.4840374,-15.4754505],"to":[3.2278404,6.6058474,1.6848106],"faces":{"east":{"uv":[5.375,3.34375,5.90625,3.65625],"tintindex":0,"rotation":0,"texture":"#0"},"south":{"uv":[8.3125,4.625,8.328125,4.9375],"tintindex":0,"rotation":0,"texture":"#0"},"north":{"uv":[8.3125,4.125,8.328125,4.4375],"tintindex":0,"rotation":0,"texture":"#0"},"west":{"uv":[1.59375,5.40625,2.125,5.71875],"tintindex":0,"rotation":0,"texture":"#0"},"up":{"uv":[2.640625,8.84375,2.625,8.3125],"tintindex":0,"rotation":0,"texture":"#0"},"down":{"uv":[2.671875,8.3125,2.65625,8.84375],"tintindex":0,"rotation":0,"texture":"#0"}}},{"from":[11.179999,3.1400008,-0.97670746],"to":[15.872,9.488001,6.6132927],"faces":{"east":{"uv":[0.53125,7.625,0.765625,7.828125],"tintindex":0,"rotation":0,"texture":"#0"},"south":{"uv":[5.71875,8.15625,5.859375,8.359375],"tintindex":0,"rotation":0,"texture":"#0"},"north":{"uv":[5.5625,8.15625,5.703125,8.359375],"tintindex":0,"rotation":0,"texture":"#0"},"west":{"uv":[7.625,0.59375,7.859375,0.796875],"tintindex":0,"rotation":0,"texture":"#0"},"up":{"uv":[4.609375,8.203125,4.46875,7.96875],"tintindex":0,"rotation":0,"texture":"#0"},"down":{"uv":[4.765625,7.96875,4.625,8.203125],"tintindex":0,"rotation":0,"texture":"#0"}},"rotation":{"origin":[8.939999,1.6220007,5.647292],"angle":-45.0,"axis":"x"}},{"from":[0.9680004,3.1400008,-0.97670746],"to":[5.66,9.488001,6.6132927],"faces":{"east":{"uv":[5.65625,7.59375,5.890625,7.796875],"tintindex":0,"rotation":0,"texture":"#0"},"south":{"uv":[8.15625,3.8125,8.296875,4.015625],"tintindex":0,"rotation":0,"texture":"#0"},"north":{"uv":[8.15625,2.46875,8.296875,2.671875],"tintindex":0,"rotation":0,"texture":"#0"},"west":{"uv":[7.59375,5.65625,7.828125,5.859375],"tintindex":0,"rotation":0,"texture":"#0"},"up":{"uv":[8.109375,1.515625,7.96875,1.28125],"tintindex":0,"rotation":0,"texture":"#0"},"down":{"uv":[2.140625,7.96875,2.0,8.203125],"tintindex":0,"rotation":0,"texture":"#0"}},"rotation":{"origin":[3.7279987,1.6220007,5.647292],"angle":-45.0,"axis":"x"}},{"from":[2.6239986,-0.5859995,0.5412922],"to":[14.216,5.624001,9.373292],"faces":{"east":{"uv":[7.40625,0.90625,7.6875,1.09375],"tintindex":0,"rotation":0,"texture":"#0"},"south":{"uv":[7.0,0.78125,7.359375,0.96875],"tintindex":0,"rotation":0,"texture":"#0"},"north":{"uv":[6.96875,6.8125,7.328125,7.0],"tintindex":0,"rotation":0,"texture":"#0"},"west":{"uv":[1.59375,7.40625,1.875,7.59375],"tintindex":0,"rotation":0,"texture":"#0"},"up":{"uv":[6.515625,6.34375,6.15625,6.0625],"tintindex":0,"rotation":0,"texture":"#0"},"down":{"uv":[0.671875,6.1875,0.3125,6.46875],"tintindex":0,"rotation":0,"texture":"#0"}}},{"from":[10.812159,-1.884037,2.5245504],"to":[10.92784,8.205848,19.68481],"faces":{"east":{"uv":[5.3125,1.65625,5.84375,1.96875],"tintindex":0,"rotation":0,"texture":"#0"},"south":{"uv":[3.25,8.3125,3.265625,8.625],"tintindex":0,"rotation":0,"texture":"#0"},"north":{"uv":[3.21875,8.3125,3.234375,8.625],"tintindex":0,"rotation":0,"texture":"#0"},"west":{"uv":[5.3125,1.96875,5.84375,2.28125],"tintindex":0,"rotation":0,"texture":"#0"},"up":{"uv":[1.734375,8.84375,1.71875,8.3125],"tintindex":0,"rotation":0,"texture":"#0"},"down":{"uv":[1.765625,8.3125,1.75,8.84375],"tintindex":0,"rotation":0,"texture":"#0"}},"rotation":{"origin":[47.61142,-10.5308,27.553373],"angle":-22.5,"axis":"y"}},{"from":[13.612159,-3.4840374,-15.4754505],"to":[13.72784,6.6058474,1.6848106],"faces":{"east":{"uv":[4.0,5.34375,4.53125,5.65625],"tintindex":0,"rotation":0,"texture":"#0"},"south":{"uv":[3.3125,8.3125,3.328125,8.625],"tintindex":0,"rotation":0,"texture":"#0"},"north":{"uv":[3.28125,8.3125,3.296875,8.625],"tintindex":0,"rotation":0,"texture":"#0"},"west":{"uv":[4.53125,5.34375,5.0625,5.65625],"tintindex":0,"rotation":0,"texture":"#0"},"up":{"uv":[1.796875,8.84375,1.78125,8.3125],"tintindex":0,"rotation":0,"texture":"#0"},"down":{"uv":[1.828125,8.3125,1.8125,8.84375],"tintindex":0,"rotation":0,"texture":"#0"}}},{"from":[8.112158,-2.1840372,-15.575449],"to":[8.22784,7.9058475,1.5848122],"faces":{"east":{"uv":[5.0625,5.34375,5.59375,5.65625],"tintindex":0,"rotation":0,"texture":"#0"},"south":{"uv":[8.3125,3.8125,8.328125,4.125],"tintindex":0,"rotation":0,"texture":"#0"},"north":{"uv":[3.34375,8.3125,3.359375,8.625],"tintindex":0,"rotation":0,"texture":"#0"},"west":{"uv":[0.53125,5.375,1.0625,5.6875],"tintindex":0,"rotation":0,"texture":"#0"},"up":{"uv":[1.859375,8.84375,1.84375,8.3125],"tintindex":0,"rotation":0,"texture":"#0"},"down":{"uv":[1.890625,8.3125,1.875,8.84375],"tintindex":0,"rotation":0,"texture":"#0"}}}],"display":{"head":{"rotation":[0.0,0.0,0.0]},"firstperson_righthand":{"rotation":[0.0,0.0,0.0]},"thirdperson_lefthand":{"rotation":[0.0,0.0,0.0]},"firstperson_lefthand":{"rotation":[0.0,0.0,0.0]},"fixed":{"rotation":[0.0,0.0,0.0]},"ground":{"rotation":[0.0,0.0,0.0]},"thirdperson_righthand":{"rotation":[0.0,0.0,0.0]},"gui":{"rotation":[-150.0,-45.0,180.0]}}}