{"textures":{"0":"modelengine:entity/cerberus","particle":"#0"},"elements":[{"from":[13.792159,-4.2560377,-15.775448],"to":[13.907841,5.833847,1.3848114],"faces":{"east":{"uv":[3.53125,4.84375,4.0625,5.15625],"tintindex":0,"rotation":0,"texture":"#0"},"south":{"uv":[5.90625,3.3125,5.921875,3.625],"tintindex":0,"rotation":0,"texture":"#0"},"north":{"uv":[5.59375,4.40625,5.609375,4.71875],"tintindex":0,"rotation":0,"texture":"#0"},"west":{"uv":[0.0,4.90625,0.53125,5.21875],"tintindex":0,"rotation":0,"texture":"#0"},"up":{"uv":[7.921875,8.78125,7.90625,8.25],"tintindex":0,"rotation":0,"texture":"#0"},"down":{"uv":[1.234375,8.28125,1.21875,8.8125],"tintindex":0,"rotation":0,"texture":"#0"}}},{"from":[6.1281595,6.977952,19.470884],"to":[9.95184,12.377837,24.975145],"faces":{"east":{"uv":[4.21875,1.4375,4.390625,1.609375],"tintindex":0,"rotation":0,"texture":"#0"},"south":{"uv":[6.84375,1.6875,6.96875,1.859375],"tintindex":0,"rotation":0,"texture":"#0"},"north":{"uv":[3.875,5.46875,4.0,5.640625],"tintindex":0,"rotation":0,"texture":"#0"},"west":{"uv":[0.875,5.6875,1.046875,5.859375],"tintindex":0,"rotation":0,"texture":"#0"},"up":{"uv":[4.125,7.078125,4.0,6.90625],"tintindex":0,"rotation":0,"texture":"#0"},"down":{"uv":[1.15625,7.125,1.03125,7.296875],"tintindex":0,"rotation":0,"texture":"#0"}},"rotation":{"origin":[-4.197421,28.474598,5.3923225],"angle":22.5,"axis":"x"}},{"from":[3.624,-1.6679993,6.555294],"to":[12.456,3.8520007,15.111292],"faces":{"east":{"uv":[7.6875,0.34375,7.953125,0.515625],"tintindex":0,"rotation":0,"texture":"#0"},"south":{"uv":[6.1875,7.4375,6.46875,7.609375],"tintindex":0,"rotation":0,"texture":"#0"},"north":{"uv":[5.90625,7.4375,6.1875,7.609375],"tintindex":0,"rotation":0,"texture":"#0"},"west":{"uv":[7.6875,0.8125,7.953125,0.984375],"tintindex":0,"rotation":0,"texture":"#0"},"up":{"uv":[2.90625,0.578125,2.625,0.3125],"tintindex":0,"rotation":0,"texture":"#0"},"down":{"uv":[1.03125,3.875,0.75,4.140625],"tintindex":0,"rotation":0,"texture":"#0"}},"rotation":{"origin":[10.662,-4.289999,5.0372925],"angle":-45.0,"axis":"x"}},{"from":[10.56,1.3680005,-2.2767067],"to":[15.252,7.7160006,5.3132935],"faces":{"east":{"uv":[3.1875,1.875,3.421875,2.078125],"tintindex":0,"rotation":0,"texture":"#0"},"south":{"uv":[3.625,8.03125,3.765625,8.234375],"tintindex":0,"rotation":0,"texture":"#0"},"north":{"uv":[3.46875,8.03125,3.609375,8.234375],"tintindex":0,"rotation":0,"texture":"#0"},"west":{"uv":[2.25,7.4375,2.484375,7.640625],"tintindex":0,"rotation":0,"texture":"#0"},"up":{"uv":[2.046875,6.359375,1.90625,6.125],"tintindex":0,"rotation":0,"texture":"#0"},"down":{"uv":[5.296875,6.6875,5.15625,6.921875],"tintindex":0,"rotation":0,"texture":"#0"}},"rotation":{"origin":[24.891998,-0.14999962,4.347294],"angle":-45.0,"axis":"x"}},{"from":[3.348,0.5680008,-0.22770691],"to":[8.04,6.9160004,7.3622932],"faces":{"east":{"uv":[0.9375,7.53125,1.171875,7.734375],"tintindex":0,"rotation":0,"texture":"#0"},"south":{"uv":[8.09375,1.84375,8.234375,2.046875],"tintindex":0,"rotation":0,"texture":"#0"},"north":{"uv":[8.0625,6.78125,8.203125,6.984375],"tintindex":0,"rotation":0,"texture":"#0"},"west":{"uv":[1.1875,7.53125,1.421875,7.734375],"tintindex":0,"rotation":0,"texture":"#0"},"up":{"uv":[1.984375,8.171875,1.84375,7.9375],"tintindex":0,"rotation":0,"texture":"#0"},"down":{"uv":[8.078125,1.84375,7.9375,2.078125],"tintindex":0,"rotation":0,"texture":"#0"}},"rotation":{"origin":[8.28,-0.14999962,15.738295],"angle":22.5,"axis":"y"}},{"from":[7.9134903,-2.3579998,4.924652],"to":[16.110271,3.8520007,13.121435],"faces":{"east":{"uv":[7.5,7.25,7.75,7.4375],"tintindex":0,"rotation":0,"texture":"#0"},"south":{"uv":[7.53125,2.84375,7.78125,3.03125],"tintindex":0,"rotation":0,"texture":"#0"},"north":{"uv":[7.46875,4.8125,7.71875,5.0],"tintindex":0,"rotation":0,"texture":"#0"},"west":{"uv":[7.28125,7.625,7.53125,7.8125],"tintindex":0,"rotation":0,"texture":"#0"},"up":{"uv":[1.40625,4.40625,1.15625,4.15625],"tintindex":0,"rotation":0,"texture":"#0"},"down":{"uv":[4.25,7.09375,4.0,7.34375],"tintindex":0,"rotation":0,"texture":"#0"}},"rotation":{"origin":[8.87949,-5.669999,13.342653],"angle":45.0,"axis":"y"}},{"from":[8.792159,-2.9560375,-15.87545],"to":[8.907841,7.133847,1.2848129],"faces":{"east":{"uv":[1.53125,4.8125,2.0625,5.125],"tintindex":0,"rotation":0,"texture":"#0"},"south":{"uv":[3.84375,2.625,3.859375,2.9375],"tintindex":0,"rotation":0,"texture":"#0"},"north":{"uv":[3.8125,2.25,3.828125,2.5625],"tintindex":0,"rotation":0,"texture":"#0"},"west":{"uv":[4.84375,3.46875,5.375,3.78125],"tintindex":0,"rotation":0,"texture":"#0"},"up":{"uv":[7.859375,8.78125,7.84375,8.25],"tintindex":0,"rotation":0,"texture":"#0"},"down":{"uv":[7.890625,8.25,7.875,8.78125],"tintindex":0,"rotation":0,"texture":"#0"}}},{"from":[5.36,2.9680004,-1.2767067],"to":[10.052,9.316001,6.3132935],"faces":{"east":{"uv":[7.46875,4.375,7.703125,4.578125],"tintindex":0,"rotation":0,"texture":"#0"},"south":{"uv":[7.78125,8.03125,7.921875,8.234375],"tintindex":0,"rotation":0,"texture":"#0"},"north":{"uv":[7.0,8.03125,7.140625,8.234375],"tintindex":0,"rotation":0,"texture":"#0"},"west":{"uv":[7.46875,4.59375,7.703125,4.796875],"tintindex":0,"rotation":0,"texture":"#0"},"up":{"uv":[8.046875,7.015625,7.90625,6.78125],"tintindex":0,"rotation":0,"texture":"#0"},"down":{"uv":[1.515625,7.9375,1.375,8.171875],"tintindex":0,"rotation":0,"texture":"#0"}},"rotation":{"origin":[24.891998,-0.14999962,4.347294],"angle":-45.0,"axis":"x"}},{"from":[6.0921593,-2.6560373,2.2245502],"to":[6.207841,7.4338474,19.384813],"faces":{"east":{"uv":[4.78125,1.78125,5.3125,2.09375],"tintindex":0,"rotation":0,"texture":"#0"},"south":{"uv":[3.375,3.625,3.390625,3.9375],"tintindex":0,"rotation":0,"texture":"#0"},"north":{"uv":[3.34375,3.625,3.359375,3.9375],"tintindex":0,"rotation":0,"texture":"#0"},"west":{"uv":[4.78125,2.09375,5.3125,2.40625],"tintindex":0,"rotation":0,"texture":"#0"},"up":{"uv":[3.765625,8.78125,3.75,8.25],"tintindex":0,"rotation":0,"texture":"#0"},"down":{"uv":[7.140625,8.25,7.125,8.78125],"tintindex":0,"rotation":0,"texture":"#0"}},"rotation":{"origin":[-30.59142,-11.302799,27.253374],"angle":22.5,"axis":"y"}},{"from":[3.292159,-4.2560377,-15.775448],"to":[3.4078407,5.833847,1.3848114],"faces":{"east":{"uv":[4.71875,3.15625,5.25,3.46875],"tintindex":0,"rotation":0,"texture":"#0"},"south":{"uv":[3.15625,1.375,3.171875,1.6875],"tintindex":0,"rotation":0,"texture":"#0"},"north":{"uv":[0.46875,3.125,0.484375,3.4375],"tintindex":0,"rotation":0,"texture":"#0"},"west":{"uv":[4.5625,4.71875,5.09375,5.03125],"tintindex":0,"rotation":0,"texture":"#0"},"up":{"uv":[7.546875,8.71875,7.53125,8.1875],"tintindex":0,"rotation":0,"texture":"#0"},"down":{"uv":[3.734375,8.25,3.71875,8.78125],"tintindex":0,"rotation":0,"texture":"#0"}}},{"from":[2.244,-2.3579998,-0.75870705],"to":[13.8359995,3.8520007,8.073294],"faces":{"east":{"uv":[2.625,4.0,2.90625,4.1875],"tintindex":0,"rotation":0,"texture":"#0"},"south":{"uv":[6.9375,6.0625,7.296875,6.25],"tintindex":0,"rotation":0,"texture":"#0"},"north":{"uv":[4.0,2.0625,4.359375,2.25],"tintindex":0,"rotation":0,"texture":"#0"},"west":{"uv":[5.65625,5.15625,5.9375,5.34375],"tintindex":0,"rotation":0,"texture":"#0"},"up":{"uv":[6.484375,2.46875,6.125,2.1875],"tintindex":0,"rotation":0,"texture":"#0"},"down":{"uv":[6.515625,0.0,6.15625,0.28125],"tintindex":0,"rotation":0,"texture":"#0"}}},{"from":[0.34800005,1.3680005,-2.2767067],"to":[5.04,7.7160006,5.3132935],"faces":{"east":{"uv":[7.5,3.8125,7.734375,4.015625],"tintindex":0,"rotation":0,"texture":"#0"},"south":{"uv":[4.0625,8.0625,4.203125,8.265625],"tintindex":0,"rotation":0,"texture":"#0"},"north":{"uv":[8.03125,7.875,8.171875,8.078125],"tintindex":0,"rotation":0,"texture":"#0"},"west":{"uv":[7.5,6.25,7.734375,6.453125],"tintindex":0,"rotation":0,"texture":"#0"},"up":{"uv":[1.671875,8.171875,1.53125,7.9375],"tintindex":0,"rotation":0,"texture":"#0"},"down":{"uv":[1.828125,7.9375,1.6875,8.171875],"tintindex":0,"rotation":0,