{"textures":{"0":"modelengine:entity/cerberus","particle":"#0"},"elements":[{"from":[-1.2078419,-6.361738,15.822133],"to":[10.895841,7.426792,21.533527],"faces":{"east":{"uv":[4.125,6.65625,4.296875,7.09375],"tintindex":0,"rotation":0,"texture":"#0"},"south":{"uv":[3.5,5.46875,3.875,5.90625],"tintindex":0,"rotation":0,"texture":"#0"},"north":{"uv":[3.125,5.46875,3.5,5.90625],"tintindex":0,"rotation":0,"texture":"#0"},"west":{"uv":[0.0,6.8125,0.171875,7.25],"tintindex":0,"rotation":0,"texture":"#0"},"up":{"uv":[7.4375,3.671875,7.0625,3.5],"tintindex":0,"rotation":0,"texture":"#0"},"down":{"uv":[7.4375,3.6875,7.0625,3.859375],"tintindex":0,"rotation":0,"texture":"#0"}},"rotation":{"origin":[5.176901,1.8405151,15.003008],"angle":22.5,"axis":"x"}},{"from":[-1.7106934,2.0674286,0.57354355],"to":[11.398693,15.855957,14.284939],"faces":{"east":{"uv":[4.0,1.625,4.421875,2.0625],"tintindex":0,"rotation":0,"texture":"#0"},"south":{"uv":[4.28125,0.0,4.6875,0.4375],"tintindex":0,"rotation":0,"texture":"#0"},"north":{"uv":[4.25,2.625,4.65625,3.0625],"tintindex":0,"rotation":0,"texture":"#0"},"west":{"uv":[1.78125,4.0,2.203125,4.4375],"tintindex":0,"rotation":0,"texture":"#0"},"up":{"uv":[5.03125,4.296875,4.625,3.875],"tintindex":0,"rotation":0,"texture":"#0"},"down":{"uv":[2.9375,4.65625,2.53125,5.078125],"tintindex":0,"rotation":0,"texture":"#0"}}},{"from":[-1.3486938,-5.423914,4.4502373],"to":[11.036694,9.500683,18.898647],"faces":{"east":{"uv":[3.4375,0.78125,3.890625,1.25],"tintindex":0,"rotation":0,"texture":"#0"},"south":{"uv":[2.625,4.1875,3.015625,4.65625],"tintindex":0,"rotation":0,"texture":"#0"},"north":{"uv":[0.75,4.15625,1.140625,4.625],"tintindex":0,"rotation":0,"texture":"#0"},"west":{"uv":[1.5625,3.4375,2.015625,3.90625],"tintindex":0,"rotation":0,"texture":"#0"},"up":{"uv":[4.140625,4.828125,3.75,4.375],"tintindex":0,"rotation":0,"texture":"#0"},"down":{"uv":[4.546875,4.375,4.15625,4.828125],"tintindex":0,"rotation":0,"texture":"#0"}},"rotation":{"origin":[5.176901,1.8405151,15.003008],"angle":45.0,"axis":"x"}}],"display":{"head":{"rotation":[0.0,0.0,0.0]},"firstperson_righthand":{"rotation":[0.0,0.0,0.0]},"thirdperson_lefthand":{"rotation":[0.0,0.0,0.0]},"firstperson_lefthand":{"rotation":[0.0,0.0,0.0]},"fixed":{"rotation":[0.0,0.0,0.0]},"ground":{"rotation":[0.0,0.0,0.0]},"thirdperson_righthand":{"rotation":[0.0,0.0,0.0]},"gui":{"rotation":[-150.0,-45.0,180.0]}}}