{"textures":{"0":"modelengine:entity/cerberus","particle":"#0"},"elements":[{"from":[7.572159,-1.9554443,11.621937],"to":[7.6878414,8.134439,28.782196],"faces":{"east":{"uv":[4.6875,0.3125,5.21875,0.625],"tintindex":0,"rotation":0,"texture":"#0"},"south":{"uv":[1.84375,3.09375,1.859375,3.40625],"tintindex":0,"rotation":0,"texture":"#0"},"north":{"uv":[1.8125,3.09375,1.828125,3.40625],"tintindex":0,"rotation":0,"texture":"#0"},"west":{"uv":[4.71875,2.84375,5.25,3.15625],"tintindex":0,"rotation":0,"texture":"#0"},"up":{"uv":[0.953125,2.46875,0.9375,1.9375],"tintindex":0,"rotation":0,"texture":"#0"},"down":{"uv":[6.890625,8.1875,6.875,8.71875],"tintindex":0,"rotation":0,"texture":"#0"}},"rotation":{"origin":[-29.11142,16.781202,3.753374],"angle":-22.5,"axis":"x"}},{"from":[2.5441594,9.785162,8.263084],"to":[12.715841,18.049423,20.56297],"faces":{"east":{"uv":[2.0625,4.8125,2.453125,5.078125],"tintindex":0,"rotation":0,"texture":"#0"},"south":{"uv":[4.4375,1.78125,4.75,2.046875],"tintindex":0,"rotation":0,"texture":"#0"},"north":{"uv":[3.59375,0.0,3.90625,0.265625],"tintindex":0,"rotation":0,"texture":"#0"},"west":{"uv":[1.59375,5.125,1.984375,5.390625],"tintindex":0,"rotation":0,"texture":"#0"},"up":{"uv":[3.34375,4.578125,3.03125,4.1875],"tintindex":0,"rotation":0,"texture":"#0"},"down":{"uv":[1.75,5.71875,1.4375,6.109375],"tintindex":0,"rotation":0,"texture":"#0"}},"rotation":{"origin":[-5.8494205,14.958599,4.310322],"angle":45.0,"axis":"x"}},{"from":[3.7861595,-3.640047,9.280884],"to":[11.473841,5.8998375,17.545147],"faces":{"east":{"uv":[6.6875,5.0625,6.953125,5.359375],"tintindex":0,"rotation":0,"texture":"#0"},"south":{"uv":[1.34375,6.96875,1.578125,7.265625],"tintindex":0,"rotation":0,"texture":"#0"},"north":{"uv":[6.125,6.9375,6.359375,7.234375],"tintindex":0,"rotation":0,"texture":"#0"},"west":{"uv":[6.40625,6.6875,6.671875,6.984375],"tintindex":0,"rotation":0,"texture":"#0"},"up":{"uv":[7.453125,1.953125,7.21875,1.6875],"tintindex":0,"rotation":0,"texture":"#0"},"down":{"uv":[7.453125,4.71875,7.21875,4.984375],"tintindex":0,"rotation":0,"texture":"#0"}}},{"from":[2.9581594,2.460555,13.967936],"to":[12.301841,9.10244,18.230198],"faces":{"east":{"uv":[2.3125,8.03125,2.453125,8.234375],"tintindex":0,"rotation":0,"texture":"#0"},"south":{"uv":[7.3125,2.40625,7.609375,2.609375],"tintindex":0,"rotation":0,"texture":"#0"},"north":{"uv":[1.03125,7.3125,1.328125,7.515625],"tintindex":0,"rotation":0,"texture":"#0"},"west":{"uv":[2.46875,8.03125,2.609375,8.234375],"tintindex":0,"rotation":0,"texture":"#0"},"up":{"uv":[8.109375,3.328125,7.8125,3.1875],"tintindex":0,"rotation":0,"texture":"#0"},"down":{"uv":[8.109375,3.34375,7.8125,3.484375],"tintindex":0,"rotation":0,"texture":"#0"}}}],"display":{"head":{"rotation":[0.0,0.0,0.0]},"firstperson_righthand":{"rotation":[0.0,0.0,0.0]},"thirdperson_lefthand":{"rotation":[0.0,0.0,0.0]},"firstperson_lefthand":{"rotation":[0.0,0.0,0.0]},"fixed":{"rotation":[0.0,0.0,0.0]},"ground":{"rotation":[0.0,0.0,0.0]},"thirdperson_righthand":{"rotation":[0.0,0.0,0.0]},"gui":{"rotation":[-150.0,-45.0,180.0]}}}