{"textures":{"0":"modelengine:entity/cerberus","particle":"#0"},"elements":[{"from":[2.9581604,6.632553,8.667935],"to":[12.301842,13.274439,12.930197],"faces":{"east":{"uv":[8.15625,0.21875,8.296875,0.421875],"tintindex":0,"rotation":0,"texture":"#0"},"south":{"uv":[7.34375,5.21875,7.640625,5.421875],"tintindex":0,"rotation":0,"texture":"#0"},"north":{"uv":[7.34375,5.0,7.640625,5.203125],"tintindex":0,"rotation":0,"texture":"#0"},"west":{"uv":[8.15625,1.4375,8.296875,1.640625],"tintindex":0,"rotation":0,"texture":"#0"},"up":{"uv":[5.296875,7.953125,5.0,7.8125],"tintindex":0,"rotation":0,"texture":"#0"},"down":{"uv":[5.609375,7.8125,5.3125,7.953125],"tintindex":0,"rotation":0,"texture":"#0"}}},{"from":[8.322159,2.2165537,6.3219357],"to":[8.437841,12.306438,23.482197],"faces":{"east":{"uv":[5.25,2.71875,5.78125,3.03125],"tintindex":0,"rotation":0,"texture":"#0"},"south":{"uv":[3.1875,8.3125,3.203125,8.625],"tintindex":0,"rotation":0,"texture":"#0"},"north":{"uv":[3.15625,8.3125,3.171875,8.625],"tintindex":0,"rotation":0,"texture":"#0"},"west":{"uv":[5.25,3.03125,5.78125,3.34375],"tintindex":0,"rotation":0,"texture":"#0"},"up":{"uv":[1.671875,8.84375,1.65625,8.3125],"tintindex":0,"rotation":0,"texture":"#0"},"down":{"uv":[1.703125,8.3125,1.6875,8.84375],"tintindex":0,"rotation":0,"texture":"#0"}},"rotation":{"origin":[45.12142,20.9532,-1.546627],"angle":-22.5,"axis":"x"}},{"from":[5.7181606,-4.4660482,15.770884],"to":[9.5418415,0.93383694,21.275145],"faces":{"east":{"uv":[7.90625,7.03125,8.078125,7.203125],"tintindex":0,"rotation":0,"texture":"#0"},"south":{"uv":[6.0,8.21875,6.125,8.390625],"tintindex":0,"rotation":0,"texture":"#0"},"north":{"uv":[5.875,8.21875,6.0,8.390625],"tintindex":0,"rotation":0,"texture":"#0"},"west":{"uv":[7.9375,4.625,8.109375,4.796875],"tintindex":0,"rotation":0,"texture":"#0"},"up":{"uv":[6.25,8.390625,6.125,8.21875],"tintindex":0,"rotation":0,"texture":"#0"},"down":{"uv":[6.375,8.21875,6.25,8.390625],"tintindex":0,"rotation":0,"texture":"#0"}},"rotation":{"origin":[19.867422,17.030598,1.6923218],"angle":22.5,"axis":"x"}},{"from":[4.2691593,-3.5000477,9.560884],"to":[10.990841,11.697836,16.583145],"faces":{"east":{"uv":[1.6875,6.125,1.90625,6.59375],"tintindex":0,"rotation":0,"texture":"#0"},"south":{"uv":[5.9375,6.40625,6.140625,6.875],"tintindex":0,"rotation":0,"texture":"#0"},"north":{"uv":[5.71875,6.40625,5.921875,6.875],"tintindex":0,"rotation":0,"texture":"#0"},"west":{"uv":[5.5,6.125,5.71875,6.59375],"tintindex":0,"rotation":0,"texture":"#0"},"up":{"uv":[0.984375,7.96875,0.78125,7.75],"tintindex":0,"rotation":0,"texture":"#0"},"down":{"uv":[1.203125,7.75,1.0,7.96875],"tintindex":0,"rotation":0,"texture":"#0"}},"rotation":{"origin":[20.07442,17.030598,1.6923218],"angle":22.5,"axis":"x"}}],"display":{"head":{"rotation":[0.0,0.0,0.0]},"firstperson_righthand":{"rotation":[0.0,0.0,0.0]},"thirdperson_lefthand":{"rotation":[0.0,0.0,0.0]},"firstperson_lefthand":{"rotation":[0.0,0.0,0.0]},"fixed":{"rotation":[0.0,0.0,0.0]},"ground":{"rotation":[0.0,0.0,0.0]},"thirdperson_righthand":{"rotation":[0.0,0.0,0.0]},"gui":{"rotation":[-150.0,-45.0,180.0]}}}