{"textures":{"0":"modelengine:entity/cerberus","particle":"#0"},"elements":[{"from":[3.6311588,10.839933,-3.1706285],"to":[15.320841,16.551329,10.617901],"faces":{"east":{"uv":[2.40625,2.90625,2.84375,3.078125],"tintindex":0,"rotation":0,"texture":"#0"},"south":{"uv":[5.34375,7.25,5.703125,7.421875],"tintindex":0,"rotation":0,"texture":"#0"},"north":{"uv":[7.09375,6.40625,7.453125,6.578125],"tintindex":0,"rotation":0,"texture":"#0"},"west":{"uv":[4.0625,4.84375,4.5,5.015625],"tintindex":0,"rotation":0,"texture":"#0"},"up":{"uv":[0.359375,5.96875,0.0,5.53125],"tintindex":0,"rotation":0,"texture":"#0"},"down":{"uv":[5.921875,0.625,5.5625,1.0625],"tintindex":0,"rotation":0,"texture":"#0"}},"rotation":{"origin":[-4.4616747,7.4665985,4.3503227],"angle":45.0,"axis":"x"}},{"from":[3.5593061,-2.367113,-1.3072109],"to":[15.3926935,13.461298,13.617384],"faces":{"east":{"uv":[0.0,3.125,0.46875,3.625],"tintindex":0,"rotation":0,"texture":"#0"},"south":{"uv":[3.90625,0.0,4.28125,0.5],"tintindex":0,"rotation":0,"texture":"#0"},"north":{"uv":[3.875,2.625,4.25,3.125],"tintindex":0,"rotation":0,"texture":"#0"},"west":{"uv":[2.9375,3.125,3.40625,3.625],"tintindex":0,"rotation":0,"texture":"#0"},"up":{"uv":[0.375,4.65625,0.0,4.1875],"tintindex":0,"rotation":0,"texture":"#0"},"down":{"uv":[1.53125,4.40625,1.15625,4.875],"tintindex":0,"rotation":0,"texture":"#0"}},"rotation":{"origin":[-4.5278206,7.4665985,4.3503227],"angle":22.5,"axis":"x"}},{"from":[3.68115,-7.962723,-5.873122],"to":[15.27085,2.590561,4.6801605],"faces":{"east":{"uv":[6.0,4.4375,6.328125,4.765625],"tintindex":0,"rotation":0,"texture":"#0"},"south":{"uv":[5.75,2.28125,6.109375,2.609375],"tintindex":0,"rotation":0,"texture":"#0"},"north":{"uv":[3.4375,2.25,3.796875,2.578125],"tintindex":0,"rotation":0,"texture":"#0"},"west":{"uv":[4.375,6.03125,4.703125,6.359375],"tintindex":0,"rotation":0,"texture":"#0"},"up":{"uv":[6.140625,0.328125,5.78125,0.0],"tintindex":0,"rotation":0,"texture":"#0"},"down":{"uv":[6.140625,2.625,5.78125,2.953125],"tintindex":0,"rotation":0,"texture":"#0"}},"rotation":{"origin":[-4.411684,4.6687946,-0.11828804],"angle":-22.5,"axis":"x"}}],"display":{"head":{"rotation":[0.0,0.0,0.0]},"firstperson_righthand":{"rotation":[0.0,0.0,0.0]},"thirdperson_lefthand":{"rotation":[0.0,0.0,0.0]},"firstperson_lefthand":{"rotation":[0.0,0.0,0.0]},"fixed":{"rotation":[0.0,0.0,0.0]},"ground":{"rotation":[0.0,0.0,0.0]},"thirdperson_righthand":{"rotation":[0.0,0.0,0.0]},"gui":{"rotation":[-150.0,-45.0,180.0]}}}