{"textures":{"0":"modelengine:entity/cerberus","particle":"#0"},"elements":[{"from":[6.9389,7.046625,8.113266],"to":[9.0089,9.13662,15.006561],"faces":{"east":{"uv":[4.78125,2.40625,5.21875,2.53125],"tintindex":0,"rotation":0,"texture":"#0"},"south":{"uv":[3.75,5.90625,3.875,6.03125],"tintindex":0,"rotation":0,"texture":"#0"},"north":{"uv":[5.25,3.34375,5.375,3.46875],"tintindex":0,"rotation":0,"texture":"#0"},"west":{"uv":[5.3125,2.28125,5.75,2.40625],"tintindex":0,"rotation":0,"texture":"#0"},"up":{"uv":[4.40625,7.71875,4.28125,7.28125],"tintindex":0,"rotation":0,"texture":"#0"},"down":{"uv":[7.0625,7.28125,6.9375,7.71875],"tintindex":0,"rotation":0,"texture":"#0"}}},{"from":[6.5938997,6.8116226,15.0132675],"to":[9.3539,9.571623,21.90656],"faces":{"east":{"uv":[6.84375,1.3125,7.28125,1.484375],"tintindex":0,"rotation":0,"texture":"#0"},"south":{"uv":[7.96875,0.3125,8.140625,0.484375],"tintindex":0,"rotation":0,"texture":"#0"},"north":{"uv":[7.9375,6.03125,8.109375,6.203125],"tintindex":0,"rotation":0,"texture":"#0"},"west":{"uv":[6.84375,1.5,7.28125,1.671875],"tintindex":0,"rotation":0,"texture":"#0"},"up":{"uv":[4.484375,7.28125,4.3125,6.84375],"tintindex":0,"rotation":0,"texture":"#0"},"down":{"uv":[7.015625,5.625,6.84375,6.0625],"tintindex":0,"rotation":0,"texture":"#0"}}}],"display":{"head":{"rotation":[0.0,0.0,0.0]},"firstperson_righthand":{"rotation":[0.0,0.0,0.0]},"thirdperson_lefthand":{"rotation":[0.0,0.0,0.0]},"firstperson_lefthand":{"rotation":[0.0,0.0,0.0]},"fixed":{"rotation":[0.0,0.0,0.0]},"ground":{"rotation":[0.0,0.0,0.0]},"thirdperson_righthand":{"rotation":[0.0,0.0,0.0]},"gui":{"rotation":[-150.0,-45.0,180.0]}}}