{"textures":{"0":"modelengine:entity/cerberus","particle":"#0"},"elements":[{"from":[6.62,6.935009,10.386705],"to":[9.38,9.734997,21.413292],"faces":{"east":{"uv":[1.875,2.5,2.21875,2.59375],"tintindex":0,"rotation":0,"texture":"#0"},"south":{"uv":[0.375,3.71875,0.46875,3.8125],"tintindex":0,"rotation":0,"texture":"#0"},"north":{"uv":[0.375,3.625,0.46875,3.71875],"tintindex":0,"rotation":0,"texture":"#0"},"west":{"uv":[1.03125,3.0,1.375,3.09375],"tintindex":0,"rotation":0,"texture":"#0"},"up":{"uv":[3.46875,8.28125,3.375,7.9375],"tintindex":0,"rotation":0,"texture":"#0"},"down":{"uv":[7.0,7.9375,6.90625,8.28125],"tintindex":0,"rotation":0,"texture":"#0"}}},{"from":[5.9300003,5.9100075,6.246706],"to":[10.07,10.089996,11.753294],"faces":{"east":{"uv":[5.375,3.65625,5.546875,3.78125],"tintindex":0,"rotation":0,"texture":"#0"},"south":{"uv":[6.53125,3.15625,6.65625,3.28125],"tintindex":0,"rotation":0,"texture":"#0"},"north":{"uv":[4.59375,6.375,4.71875,6.5],"tintindex":0,"rotation":0,"texture":"#0"},"west":{"uv":[6.96875,2.0,7.140625,2.125],"tintindex":0,"rotation":0,"texture":"#0"},"up":{"uv":[8.34375,6.484375,8.21875,6.3125],"tintindex":0,"rotation":0,"texture":"#0"},"down":{"uv":[6.5,8.21875,6.375,8.390625],"tintindex":0,"rotation":0,"texture":"#0"}}}],"display":{"head":{"rotation":[0.0,0.0,0.0]},"firstperson_righthand":{"rotation":[0.0,0.0,0.0]},"thirdperson_lefthand":{"rotation":[0.0,0.0,0.0]},"firstperson_lefthand":{"rotation":[0.0,0.0,0.0]},"fixed":{"rotation":[0.0,0.0,0.0]},"ground":{"rotation":[0.0,0.0,0.0]},"thirdperson_righthand":{"rotation":[0.0,0.0,0.0]},"gui":{"rotation":[-150.0,-45.0,180.0]}}}