{"textures":{"0":"modelengine:entity/texture_carved_lifeless","particle":"#0"},"elements":[{"from":[8.0,-9.0,4.9],"to":[12.0,2.0,10.2],"faces":{"east":{"uv":[5.4375,11.25,5.75,11.9375],"tintindex":0,"rotation":0,"texture":"#0"},"south":{"uv":[0.3125,11.9375,0.5625,12.625],"tintindex":0,"rotation":0,"texture":"#0"},"north":{"uv":[0.0,11.9375,0.25,12.625],"tintindex":0,"rotation":0,"texture":"#0"},"west":{"uv":[2.25,11.375,2.5625,12.0625],"tintindex":0,"rotation":0,"texture":"#0"},"up":{"uv":[11.75,12.9375,11.5,12.625],"tintindex":0,"rotation":0,"texture":"#0"},"down":{"uv":[3.6875,12.6875,3.4375,13.0],"tintindex":0,"rotation":0,"texture":"#0"}},"rotation":{"origin":[12.0,-9.0,4.0],"angle":22.5,"axis":"z"}},{"from":[4.0,-1.0,4.0],"to":[12.0,3.0,11.0],"faces":{"east":{"uv":[12.1875,12.4375,12.625,12.6875],"tintindex":0,"rotation":0,"texture":"#0"},"south":{"uv":[12.1875,8.1875,12.6875,8.4375],"tintindex":0,"rotation":0,"texture":"#0"},"north":{"uv":[12.0625,4.1875,12.5625,4.4375],"tintindex":0,"rotation":0,"texture":"#0"},"west":{"uv":[12.5,9.6875,12.9375,9.9375],"tintindex":0,"rotation":0,"texture":"#0"},"up":{"uv":[7.4375,11.75,6.9375,11.3125],"tintindex":0,"rotation":0,"texture":"#0"},"down":{"uv":[11.6875,11.3125,11.1875,11.75],"tintindex":0,"rotation":0,"texture":"#0"}}},{"from":[9.1546135,-12.312836,5.1],"to":[13.454613,-10.312836,9.9],"faces":{"east":{"uv":[13.1875,3.75,13.5,3.875],"tintindex":0,"rotation":0,"texture":"#0"},"south":{"uv":[11.4375,13.3125,11.6875,13.4375],"tintindex":0,"rotation":0,"texture":"#0"},"north":{"uv":[10.125,13.3125,10.375,13.4375],"tintindex":0,"rotation":0,"texture":"#0"},"west":{"uv":[13.1875,3.9375,13.5,4.0625],"tintindex":0,"rotation":0,"texture":"#0"},"up":{"uv":[12.9375,6.9375,12.6875,6.625],"tintindex":0,"rotation":0,"texture":"#0"},"down":{"uv":[12.9375,12.4375,12.6875,12.75],"tintindex":0,"rotation":0,"texture":"#0"}},"rotation":{"origin":[14.454613,-16.312836,3.0],"angle":22.5,"axis":"z"}},{"from":[9.1546135,0.3128357,5.1],"to":[13.454613,2.3128357,9.9],"faces":{"east":{"uv":[13.1875,4.125,13.5,4.25],"tintindex":0,"rotation":0,"texture":"#0"},"south":{"uv":[13.3125,11.875,13.5625,12.0],"tintindex":0,"rotation":0,"texture":"#0"},"north":{"uv":[13.3125,11.6875,13.5625,11.8125],"tintindex":0,"rotation":0,"texture":"#0"},"west":{"uv":[13.1875,5.25,13.5,5.375],"tintindex":0,"rotation":0,"texture":"#0"},"up":{"uv":[13.0,8.4375,12.75,8.125],"tintindex":0,"rotation":0,"texture":"#0"},"down":{"uv":[13.0,10.1875,12.75,10.5],"tintindex":0,"rotation":0,"texture":"#0"}},"rotation":{"origin":[14.454613,6.3128357,3.0],"angle":-22.5,"axis":"z"}},{"from":[2.5453868,0.3128357,5.0],"to":[6.8453865,2.3128357,10.0],"faces":{"east":{"uv":[13.1875,5.4375,13.5,5.5625],"tintindex":0,"rotation":0,"texture":"#0"},"south":{"uv":[13.3125,12.25,13.5625,12.375],"tintindex":0,"rotation":0,"texture":"#0"},"north":{"uv":[13.3125,12.0625,13.5625,12.1875],"tintindex":0,"rotation":0,"texture":"#0"},"west":{"uv":[13.1875,5.625,13.5,5.75],"tintindex":0,"rotation":0,"texture":"#0"},"up":{"uv":[13.0,12.0,12.75,11.6875],"tintindex":0,"rotation":0,"texture":"#0"},"down":{"uv":[13.0,12.0625,12.75,12.375],"tintindex":0,"rotation":0,"texture":"#0"}},"rotation":{"origin":[1.5453868,6.3128357,3.0],"angle":22.5,"axis":"z"}},{"from":[4.0,-9.0,5.0],"to":[8.0,2.0,10.0],"faces":{"east":{"uv":[0.3125,9.6875,0.625,10.375],"tintindex":0,"rotation":0,"texture":"#0"},"south":{"uv":[11.875,11.8125,12.125,12.5],"tintindex":0,"rotation":0,"texture":"#0"},"north":{"uv":[9.5625,11.875,9.8125,12.5625],"tintindex":0,"rotation":0,"texture":"#0"},"west":{"uv":[9.625,11.125,9.9375,11.8125],"tintindex":0,"rotation":0,"texture":"#0"},"up":{"uv":[7.1875,11.25,6.9375,10.9375],"tintindex":0,"rotation":0,"texture":"#0"},"down":{"uv":[9.8125,12.625,9.5625,12.9375],"tintindex":0,"rotation":0,"texture":"#0"}},"rotation":{"origin":[4.0,-9.0,4.0],"angle":-22.5,"axis":"z"}},{"from":[2.5453868,-12.312836,5.0],"to":[6.8453865,-10.312836,10.0],"faces":{"east":{"uv":[10.125,2.75,10.4375,2.875],"tintindex":0,"rotation":0,"texture":"#0"},"south":{"uv":[10.5,8.25,10.75,8.375],"tintindex":0,"rotation":0,"texture":"#0"},"north":{"uv":[8.875,8.5,9.125,8.625],"tintindex":0,"rotation":0,"texture":"#0"},"west":{"uv":[13.1875,1.625,13.5,1.75],"tintindex":0,"rotation":0,"texture":"#0"},"up":{"uv":[5.0625,13.0,4.8125,12.6875],"tintindex":0,"rotation":0,"texture":"#0"},"down":{"uv":[6.625,12.6875,6.375,13.0],"tintindex":0,"rotation":0,"texture":"#0"}},"rotation":{"origin":[1.5453868,-16.312836,3.0],"angle":-22.5,"axis":"z"}},{"from":[4.0,-13.0,4.0],"to":[12.0,-9.0,11.0],"faces":{"east":{"uv":[12.4375,0.4375,12.875,0.6875],"tintindex":0,"rotation":0,"texture":"#0"},"south":{"uv":[12.0,10.9375,12.5,11.1875],"tintindex":0,"rotation":0,"texture":"#0"},"north":{"uv":[11.125,10.25,11.625,10.5],"tintindex":0,"rotation":0,"texture":"#0"},"west":{"uv":[12.4375,3.875,12.875,4.125],"tintindex":0,"rotation":0,"texture":"#0"},"up":{"uv":[9.6875,3.375,9.1875,2.9375],"tintindex":0,"rotation":0,"texture":"#0"},"down":{"uv":[4.5625,11.3125,4.0625,11.75],"tintindex":0,"rotation":0,"texture":"#0"}}}],"display":{"head":{"rotation":[0.0,0.0,0.0]},"firstperson_righthand":{"rotation":[0.0,0.0,0.0]},"thirdperson_lefthand":{"rotation":[0.0,0.0,0.0]},"firstperson_lefthand":{"rotation":[0.0,0.0,0.0]},"fixed":{"rotation":[0.0,0.0,0.0]},"ground":{"rotation":[0.0,0.0,0.0]},"thirdperson_righthand":{"rotation":[0.0,0.0,0.0]},"gui":{"rotation":[-150.0,-45.0,180.0]}}}