{"textures":{"0":"modelengine:entity/texture_carved_lifeless","particle":"#0"},"elements":[{"from":[6.557373,7.2531853,4.789445],"to":[11.557373,8.253185,7.2894454],"faces":{"east":{"uv":[13.1875,7.5625,13.5,7.6875],"tintindex":0,"rotation":0,"texture":"#0"},"south":{"uv":[12.8125,0.1875,13.4375,0.3125],"tintindex":0,"rotation":0,"texture":"#0"},"north":{"uv":[12.8125,0.0,13.4375,0.125],"tintindex":0,"rotation":0,"texture":"#0"},"west":{"uv":[9.75,13.1875,10.0625,13.3125],"tintindex":0,"rotation":0,"texture":"#0"},"up":{"uv":[8.125,11.875,7.5,11.5625],"tintindex":0,"rotation":0,"texture":"#0"},"down":{"uv":[12.1875,7.8125,11.5625,8.125],"tintindex":0,"rotation":0,"texture":"#0"}}},{"from":[-3.717599,5.2531853,7.8894453],"to":[8.057373,9.296448,10.6894455],"faces":{"east":{"uv":[7.5625,8.0625,7.9375,8.5625],"tintindex":0,"rotation":0,"texture":"#0"},"south":{"uv":[5.5,6.6875,7.0,7.1875],"tintindex":0,"rotation":0,"texture":"#0"},"north":{"uv":[6.6875,3.75,8.1875,4.25],"tintindex":0,"rotation":0,"texture":"#0"},"west":{"uv":[6.8125,11.8125,7.1875,12.3125],"tintindex":0,"rotation":0,"texture":"#0"},"up":{"uv":[9.125,3.375,7.625,3.0],"tintindex":0,"rotation":0,"texture":"#0"},"down":{"uv":[9.625,0.9375,8.125,1.3125],"tintindex":0,"rotation":0,"texture":"#0"}}},{"from":[7.057373,6.7531853,8.289446],"to":[11.557373,19.253185,10.289446],"faces":{"east":{"uv":[3.6875,1.1875,3.9375,2.75],"tintindex":0,"rotation":0,"texture":"#0"},"south":{"uv":[4.625,2.8125,5.1875,4.375],"tintindex":0,"rotation":0,"texture":"#0"},"north":{"uv":[4.625,1.1875,5.1875,2.75],"tintindex":0,"rotation":0,"texture":"#0"},"west":{"uv":[5.0,9.625,5.25,11.1875],"tintindex":0,"rotation":0,"texture":"#0"},"up":{"uv":[8.1875,3.6875,7.625,3.4375],"tintindex":0,"rotation":0,"texture":"#0"},"down":{"uv":[12.5625,5.375,12.0,5.625],"tintindex":0,"rotation":0,"texture":"#0"}},"rotation":{"origin":[9.557373,6.7531853,8.289446],"angle":22.5,"axis":"z"}},{"from":[11.557373,4.7531853,5.2894454],"to":[12.557373,8.253185,7.7894454],"faces":{"east":{"uv":[12.1875,1.75,12.5,2.1875],"tintindex":0,"rotation":0,"texture":"#0"},"south":{"uv":[9.5,5.0,9.625,5.4375],"tintindex":0,"rotation":0,"texture":"#0"},"north":{"uv":[7.375,9.0,7.5,9.4375],"tintindex":0,"rotation":0,"texture":"#0"},"west":{"uv":[6.4375,12.1875,6.75,12.625],"tintindex":0,"rotation":0,"texture":"#0"},"up":{"uv":[2.1875,11.9375,2.0625,11.625],"tintindex":0,"rotation":0,"texture":"#0"},"down":{"uv":[10.625,13.1875,10.5,13.5],"tintindex":0,"rotation":0,"texture":"#0"}}},{"from":[8.557373,-0.24681473,4.8894453],"to":[11.057373,3.2531853,7.7894454],"faces":{"east":{"uv":[11.8125,9.375,12.1875,9.8125],"tintindex":0,"rotation":0,"texture":"#0"},"south":{"uv":[9.1875,11.9375,9.5,12.375],"tintindex":0,"rotation":0,"texture":"#0"},"north":{"uv":[4.625,10.625,4.9375,11.0625],"tintindex":0,"rotation":0,"texture":"#0"},"west":{"uv":[7.25,11.9375,7.625,12.375],"tintindex":0,"rotation":0,"texture":"#0"},"up":{"uv":[5.8125,6.625,5.5,6.25],"tintindex":0,"rotation":0,"texture":"#0"},"down":{"uv":[6.3125,9.6875,6.0,10.0625],"tintindex":0,"rotation":0,"texture":"#0"}},"rotation":{"origin":[11.057373,3.2531853,4.789445],"angle":-22.5,"axis":"z"}},{"from":[6.557373,4.2531853,4.789445],"to":[7.557373,7.2531853,7.2894454],"faces":{"east":{"uv":[7.875,12.4375,8.1875,12.8125],"tintindex":0,"rotation":0,"texture":"#0"},"south":{"uv":[12.9375,13.0,13.0625,13.375],"tintindex":0,"rotation":0,"texture":"#0"},"north":{"uv":[12.75,13.0,12.875,13.375],"tintindex":0,"rotation":0,"texture":"#0"},"west":{"uv":[9.1875,12.4375,9.5,12.8125],"tintindex":0,"rotation":0,"texture":"#0"},"up":{"uv":[11.1875,13.5,11.0625,13.1875],"tintindex":0,"rotation":0,"texture":"#0"},"down":{"uv":[11.375,13.1875,11.25,13.5],"tintindex":0,"rotation":0,"texture":"#0"}}},{"from":[7.057373,-0.24681473,4.839445],"to":[9.557373,3.2531853,7.7894454],"faces":{"east":{"uv":[7.6875,11.9375,8.0625,12.375],"tintindex":0,"rotation":0,"texture":"#0"},"south":{"uv":[12.0,6.3125,12.3125,6.75],"tintindex":0,"rotation":0,"texture":"#0"},"north":{"uv":[1.8125,12.0,2.125,12.4375],"tintindex":0,"rotation":0,"texture":"#0"},"west":{"uv":[8.125,11.9375,8.5,12.375],"tintindex":0,"rotation":0,"texture":"#0"},"up":{"uv":[11.4375,12.75,11.125,12.375],"tintindex":0,"rotation":0,"texture":"#0"},"down":{"uv":[12.75,0.0,12.4375,0.375],"tintindex":0,"rotation":0,"texture":"#0"}},"rotation":{"origin":[7.057373,3.2531853,4.789445],"angle":22.5,"axis":"z"}},{"from":[9.572189,4.2531853,8.289446],"to":[21.6366,9.514553,10.289446],"faces":{"east":{"uv":[5.8125,11.9375,6.0625,12.625],"tintindex":0,"rotation":0,"texture":"#0"},"south":{"uv":[1.5625,0.0,3.0625,0.6875],"tintindex":0,"rotation":0,"texture":"#0"},"north":{"uv":[0.0,1.5,1.5,2.1875],"tintindex":0,"rotation":0,"texture":"#0"},"west":{"uv":[6.125,11.9375,6.375,12.625],"tintindex":0,"rotation":0,"texture":"#0"},"up":{"uv":[11.6875,4.1875,10.1875,3.9375],"tintindex":0,"rotation":0,"texture":"#0"},"down":{"uv":[9.5,10.3125,8.0,10.5625],"tintindex":0,"rotation":0,"texture":"#0"}},"rotation":{"origin":[8.557373,4.7531853,8.289446],"angle":22.5,"axis":"z"}},{"from":[6.557373,3.2531853,7.2894454],"to":[11.557373,8.253185,9.289446],"faces":{"east":{"uv":[8.5625,11.9375,8.8125,12.5625],"tintindex":0,"rotation":0,"texture":"#0"},"south":{"uv":[9.625,9.625,10.25,10.25],"tintindex":0,"rotation":0,"texture":"#0"},"north":{"uv":[8.9375,9.625,9.5625,10.25],"tintindex":0,"rotation":0,"texture":"#0"},"west":{"uv":[8.875,11.9375,9.125,12.5625],"tintindex":0,"rotation":0,"texture":"#0"},"up":{"uv":[12.3125,10.875,11.6875,10.625],"tintindex":0,"rotation":0,"texture":"#0"},"down":{"uv":[12.375,3.875,11.75,4.125],"tintindex":0,"rotation":0,"texture":"#0"}}},{"from":[10.057373,5.2531853,7.8894453],"to":[21.832344,9.296448,10.6894455],"faces":{"east":{"uv":[10.0,11.8125,10.375,12.3125],"tintindex":0,"rotation":0,"texture":"#0"},"south":{"uv":[6.875,4.875,8.375,5.375],"tintindex":0,"rotation":0,"texture":"#0"},"north":{"uv":[6.875,4.3125,8.375,4.8125],"tintindex":0,"rotation":0,"texture":"#0"},"west":{"uv":[11.125,11.8125,11.5,12.3125],"tintindex":0,"rotation":0,"texture":"#0"},"up":{"uv":[9.625,1.75,8.125,1.375],"tintindex":0,"rotation":0,"texture":"#0"},"down":{"uv":[9.75,3.4375,8.25,3.8125],"tintindex":0,"rotation":0,"texture":"#0"}}},{"from":[6.557373,3.7531853,9.289446],"to":[11.557373,8.253185,10.789446],"faces":{"east":{"uv":[4.3125,6.3125,4.5,6.875],"tintindex":0,"rotation":0,"texture":"#0"},"south":{"uv":[10.5,7.25,11.125,7.8125],"tintindex":0,"rotation":0,"texture":"#0"},"north":{"uv":[10.5,2.75,11.125,3.3125],"tintindex":0,"rotation":0,"texture":"#0"},"west":{"uv":[6.4375,2.8125,6.625,3.375],"tintindex":0,"rotation":0,"texture":"#0"},"up":{"uv":[2.125,6.0,1.5,5.8125],"tintindex":0,"rotation":0,"texture":"#0"},"down":{"uv":[12.875,3.625,12.25,3.8125],"tintindex":0,"rotation":0,"texture":"#0"}}},{"from":[6.557373,8.253185,7.7894454],"to":[11.557373,18.253185,10.789446],"faces":{"east":{"uv":[3.625,9.0,4.0,10.25],"tintindex":0,"rotation":0,"texture":"#0"},"south":{"uv":[5.25,4.9375,5.875,6.1875],"tintindex":0,"rotation":0,"texture":"#0"},"north":{"uv":[5.25,3.625,5.875,4.875],"tintindex":0,"rotation":0,"texture":"#0"},"west":{"uv":[4.0625,9.0,4.4375,10.25],"tintindex":0,"rotation":0,"texture":"#0"},"up":{"uv":[9.5625,11.5,8.9375,11.125],"tintindex":0,"rotation":0,"texture":"#0"},"down":{"uv":[11.75,9.4375,11.125,9.8125],"tintindex":0,"rotation":0,"texture":"#0"}}},{"from":[7.557373,6.7531853,7.8394456],"to":[12.031218,20.258385,10.739446],"faces":{"east":{"uv":[3.625,7.25,4.0,8.9375],"tintindex":0,"rotation":0,"texture":"#0"},"south":{"uv":[4.0,1.1875,4.5625,2.875],"tintindex":0,"rotation":0,"texture":"#0"},"north":{"uv":[0.9375,3.9375,1.5,5.625],"tintindex":0,"rotation":0,"texture":"#0"},"west":{"uv":[0.75,7.875,1.125,9.5625],"tintindex":0,"rotation":0,"texture":"#0"},"up":{"uv":[10.5625,11.75,10.0,11.375],"tintindex":0,"rotation":0,"texture":"#0"},