{"textures":{"0":"modelengine:entity/texture_carved_lifeless","particle":"#0"},"elements":[{"from":[1.9526501,9.018681,1.850666],"to":[13.95265,11.018681,13.850666],"faces":{"east":{"uv":[12.5625,10.875,13.3125,11.0],"tintindex":0,"rotation":0,"texture":"#0"},"south":{"uv":[12.5625,11.0625,13.3125,11.1875],"tintindex":0,"rotation":0,"texture":"#0"},"north":{"uv":[12.5625,2.9375,13.3125,3.0625],"tintindex":0,"rotation":0,"texture":"#0"},"west":{"uv":[12.5625,11.25,13.3125,11.375],"tintindex":0,"rotation":0,"texture":"#0"},"up":{"uv":[8.3125,9.4375,7.5625,8.6875],"tintindex":0,"rotation":0,"texture":"#0"},"down":{"uv":[9.125,8.6875,8.375,9.4375],"tintindex":0,"rotation":0,"texture":"#0"}}},{"from":[18.05895,-12.190166,1.850666],"to":[26.423338,-3.825779,13.850666],"faces":{"east":{"uv":[3.3125,10.3125,4.0625,10.8125],"tintindex":0,"rotation":0,"texture":"#0"},"south":{"uv":[10.625,10.9375,11.125,11.4375],"tintindex":0,"rotation":0,"texture":"#0"},"north":{"uv":[6.375,10.9375,6.875,11.4375],"tintindex":0,"rotation":0,"texture":"#0"},"west":{"uv":[10.3125,9.4375,11.0625,9.9375],"tintindex":0,"rotation":0,"texture":"#0"},"up":{"uv":[7.1875,10.875,6.6875,10.125],"tintindex":0,"rotation":0,"texture":"#0"},"down":{"uv":[10.0625,10.3125,9.5625,11.0625],"tintindex":0,"rotation":0,"texture":"#0"}},"rotation":{"origin":[14.05895,8.809834,2.850666],"angle":-45.0,"axis":"z"}},{"from":[-0.04734993,4.0186806,-0.14933395],"to":[15.95265,9.018681,15.850668],"faces":{"east":{"uv":[10.6875,0.75,11.6875,1.0625],"tintindex":0,"rotation":0,"texture":"#0"},"south":{"uv":[10.8125,1.125,11.8125,1.4375],"tintindex":0,"rotation":0,"texture":"#0"},"north":{"uv":[10.6875,0.375,11.6875,0.6875],"tintindex":0,"rotation":0,"texture":"#0"},"west":{"uv":[10.8125,1.5,11.8125,1.8125],"tintindex":0,"rotation":0,"texture":"#0"},"up":{"uv":[1.0,3.25,0.0,2.25],"tintindex":0,"rotation":0,"texture":"#0"},"down":{"uv":[3.625,0.75,2.625,1.75],"tintindex":0,"rotation":0,"texture":"#0"}}},{"from":[0.95265007,11.018681,0.85066605],"to":[14.95265,19.01868,14.850666],"faces":{"east":{"uv":[10.0625,1.8125,9.1875,2.3125],"tintindex":0,"rotation":0,"texture":"#0"},"south":{"uv":[9.1875,1.8125,10.0625,2.3125],"tintindex":0,"rotation":0,"texture":"#0"},"north":{"uv":[9.1875,1.8125,10.0625,2.3125],"tintindex":0,"rotation":0,"texture":"#0"},"west":{"uv":[10.0625,1.8125,9.1875,2.3125],"tintindex":0,"rotation":0,"texture":"#0"},"up":{"uv":[4.25,7.1875,3.375,6.3125],"tintindex":0,"rotation":0,"texture":"#0"},"down":{"uv":[7.3125,0.9375,6.4375,1.8125],"tintindex":0,"rotation":0,"texture":"#0"}}},{"from":[2.95265,16.01868,3.850666],"to":[5.95265,19.01868,11.850666],"faces":{"east":{"uv":[12.625,4.1875,13.125,4.375],"tintindex":0,"rotation":0,"texture":"#0"},"south":{"uv":[3.75,13.3125,3.9375,13.5],"tintindex":0,"rotation":0,"texture":"#0"},"north":{"uv":[1.75,13.3125,1.9375,13.5],"tintindex":0,"rotation":0,"texture":"#0"},"west":{"uv":[12.625,5.25,13.125,5.4375],"tintindex":0,"rotation":0,"texture":"#0"},"up":{"uv":[5.5625,13.0625,5.375,12.5625],"tintindex":0,"rotation":0,"texture":"#0"},"down":{"uv":[12.0625,12.5625,11.875,13.0625],"tintindex":0,"rotation":0,"texture":"#0"}},"rotation":{"origin":[2.95265,19.01868,5.850666],"angle":45.0,"axis":"z"}},{"from":[-0.04734993,-8.981319,-0.14933395],"to":[15.95265,-3.9813194,15.850668],"faces":{"east":{"uv":[10.8125,2.25,11.8125,2.5625],"tintindex":0,"rotation":0,"texture":"#0"},"south":{"uv":[10.8125,8.25,11.8125,8.5625],"tintindex":0,"rotation":0,"texture":"#0"},"north":{"uv":[10.8125,1.875,11.8125,2.1875],"tintindex":0,"rotation":0,"texture":"#0"},"west":{"uv":[10.8125,8.625,11.8125,8.9375],"tintindex":0,"rotation":0,"texture":"#0"},"up":{"uv":[3.625,2.8125,2.625,1.8125],"tintindex":0,"rotation":0,"texture":"#0"},"down":{"uv":[2.0625,2.875,1.0625,3.875],"tintindex":0,"rotation":0,"texture":"#0"}}},{"from":[0.95265007,-3.9813194,0.85066605],"to":[14.95265,4.0186806,14.850666],"faces":{"east":{"uv":[10.125,3.875,9.25,4.375],"tintindex":0,"rotation":0,"texture":"#0"},"south":{"uv":[9.25,3.875,10.125,4.375],"tintindex":0,"rotation":0,"texture":"#0"},"north":{"uv":[9.25,3.875,10.125,4.375],"tintindex":0,"rotation":0,"texture":"#0"},"west":{"uv":[10.125,3.875,9.25,4.375],"tintindex":0,"rotation":0,"texture":"#0"},"up":{"uv":[7.3125,2.75,6.4375,1.875],"tintindex":0,"rotation":0,"texture":"#0"},"down":{"uv":[7.5625,2.8125,6.6875,3.6875],"tintindex":0,"rotation":0,"texture":"#0"}}},{"from":[9.95265,16.01868,3.850666],"to":[12.95265,19.01868,11.850666],"faces":{"east":{"uv":[10.5625,12.5625,11.0625,12.75],"tintindex":0,"rotation":0,"texture":"#0"},"south":{"uv":[0.0,13.3125,0.1875,13.5],"tintindex":0,"rotation":0,"texture":"#0"},"north":{"uv":[13.25,8.5,13.4375,8.6875],"tintindex":0,"rotation":0,"texture":"#0"},"west":{"uv":[12.5625,11.4375,13.0625,11.625],"tintindex":0,"rotation":0,"texture":"#0"},"up":{"uv":[3.5625,9.5625,3.375,9.0625],"tintindex":0,"rotation":0,"texture":"#0"},"down":{"uv":[3.5625,9.625,3.375,10.125],"tintindex":0,"rotation":0,"texture":"#0"}},"rotation":{"origin":[12.95265,19.01868,5.850666],"angle":-45.0,"axis":"z"}}],"display":{"head":{"rotation":[0.0,0.0,0.0]},"firstperson_righthand":{"rotation":[0.0,0.0,0.0]},"thirdperson_lefthand":{"rotation":[0.0,0.0,0.0]},"firstperson_lefthand":{"rotation":[0.0,0.0,0.0]},"fixed":{"rotation":[0.0,0.0,0.0]},"ground":{"rotation":[0.0,0.0,0.0]},"thirdperson_righthand":{"rotation":[0.0,0.0,0.0]},"gui":{"rotation":[-150.0,-45.0,180.0]}}}