{"textures":{"0":"modelengine:entity/texture_carved_lifeless","particle":"#0"},"elements":[{"from":[6.152439,5.327774,10.375149],"to":[12.152439,7.827774,16.375149],"faces":{"east":{"uv":[1.4375,11.25,2.1875,11.5625],"tintindex":0,"rotation":0,"texture":"#0"},"south":{"uv":[11.25,4.25,12.0,4.5625],"tintindex":0,"rotation":0,"texture":"#0"},"north":{"uv":[11.1875,10.9375,11.9375,11.25],"tintindex":0,"rotation":0,"texture":"#0"},"west":{"uv":[4.625,11.25,5.375,11.5625],"tintindex":0,"rotation":0,"texture":"#0"},"up":{"uv":[9.1875,4.625,8.4375,3.875],"tintindex":0,"rotation":0,"texture":"#0"},"down":{"uv":[9.4375,4.6875,8.6875,5.4375],"tintindex":0,"rotation":0,"texture":"#0"}}},{"from":[10.652439,-1.172226,10.375149],"to":[12.652439,1.327774,16.375149],"faces":{"east":{"uv":[11.1875,7.0625,11.9375,7.375],"tintindex":0,"rotation":0,"texture":"#0"},"south":{"uv":[3.0,12.875,3.25,13.1875],"tintindex":0,"rotation":0,"texture":"#0"},"north":{"uv":[2.6875,12.875,2.9375,13.1875],"tintindex":0,"rotation":0,"texture":"#0"},"west":{"uv":[11.1875,7.4375,11.9375,7.75],"tintindex":0,"rotation":0,"texture":"#0"},"up":{"uv":[3.8125,12.625,3.5625,11.875],"tintindex":0,"rotation":0,"texture":"#0"},"down":{"uv":[12.125,8.1875,11.875,8.9375],"tintindex":0,"rotation":0,"texture":"#0"}},"rotation":{"origin":[12.652439,-1.172226,12.375149],"angle":45.0,"axis":"z"}},{"from":[5.652439,-1.172226,9.875149],"to":[12.652439,5.327774,16.875149],"faces":{"east":{"uv":[7.1875,0.0,8.0625,0.8125],"tintindex":0,"rotation":0,"texture":"#0"},"south":{"uv":[4.3125,7.1875,5.1875,8.0],"tintindex":0,"rotation":0,"texture":"#0"},"north":{"uv":[7.0625,6.3125,7.9375,7.125],"tintindex":0,"rotation":0,"texture":"#0"},"west":{"uv":[7.0625,7.1875,7.9375,8.0],"tintindex":0,"rotation":0,"texture":"#0"},"up":{"uv":[7.125,0.875,6.25,0.0],"tintindex":0,"rotation":0,"texture":"#0"},"down":{"uv":[5.4375,6.25,4.5625,7.125],"tintindex":0,"rotation":0,"texture":"#0"}}},{"from":[8.152439,-4.472227,12.375149],"to":[9.652439,-2.972227,14.375149],"faces":{"east":{"uv":[13.0625,10.1875,13.3125,10.375],"tintindex":0,"rotation":0,"texture":"#0"},"south":{"uv":[6.3125,13.25,6.5,13.4375],"tintindex":0,"rotation":0,"texture":"#0"},"north":{"uv":[13.25,6.1875,13.4375,6.375],"tintindex":0,"rotation":0,"texture":"#0"},"west":{"uv":[13.0625,10.4375,13.3125,10.625],"tintindex":0,"rotation":0,"texture":"#0"},"up":{"uv":[13.25,11.9375,13.0625,11.6875],"tintindex":0,"rotation":0,"texture":"#0"},"down":{"uv":[13.25,12.0,13.0625,12.25],"tintindex":0,"rotation":0,"texture":"#0"}},"rotation":{"origin":[8.152439,-2.972227,12.375149],"angle":45.0,"axis":"z"}},{"from":[5.652439,-1.172226,10.375149],"to":[7.652439,1.327774,16.375149],"faces":{"east":{"uv":[11.1875,6.3125,11.9375,6.625],"tintindex":0,"rotation":0,"texture":"#0"},"south":{"uv":[12.875,0.75,13.125,1.0625],"tintindex":0,"rotation":0,"texture":"#0"},"north":{"uv":[11.1875,12.8125,11.4375,13.125],"tintindex":0,"rotation":0,"texture":"#0"},"west":{"uv":[11.1875,6.6875,11.9375,7.0],"tintindex":0,"rotation":0,"texture":"#0"},"up":{"uv":[3.1875,12.625,2.9375,11.875],"tintindex":0,"rotation":0,"texture":"#0"},"down":{"uv":[3.5,11.875,3.25,12.625],"tintindex":0,"rotation":0,"texture":"#0"}},"rotation":{"origin":[5.652439,-1.172226,12.375149],"angle":-45.0,"axis":"z"}}],"display":{"head":{"rotation":[0.0,0.0,0.0]},"firstperson_righthand":{"rotation":[0.0,0.0,0.0]},"thirdperson_lefthand":{"rotation":[0.0,0.0,0.0]},"firstperson_lefthand":{"rotation":[0.0,0.0,0.0]},"fixed":{"rotation":[0.0,0.0,0.0]},"ground":{"rotation":[0.0,0.0,0.0]},"thirdperson_righthand":{"rotation":[0.0,0.0,0.0]},"gui":{"rotation":[-150.0,-45.0,180.0]}}}