{"textures":{"0":"modelengine:entity/texture_carved_lifeless","particle":"#0"},"elements":[{"from":[6.333333,-6.666667,7.0],"to":[7.3333335,-5.666667,9.0],"faces":{"east":{"uv":[1.0625,12.9375,1.4375,13.125],"tintindex":0,"rotation":0,"texture":"#0"},"south":{"uv":[9.3125,13.3125,9.5,13.5],"tintindex":0,"rotation":0,"texture":"#0"},"north":{"uv":[9.0625,13.3125,9.25,13.5],"tintindex":0,"rotation":0,"texture":"#0"},"west":{"uv":[12.9375,1.125,13.3125,1.3125],"tintindex":0,"rotation":0,"texture":"#0"},"up":{"uv":[13.125,1.75,12.9375,1.375],"tintindex":0,"rotation":0,"texture":"#0"},"down":{"uv":[1.6875,12.9375,1.5,13.3125],"tintindex":0,"rotation":0,"texture":"#0"}},"rotation":{"origin":[6.333333,-6.666667,7.3333335],"angle":-45.0,"axis":"z"}},{"from":[6.333333,-10.0,6.333333],"to":[9.666667,-6.666667,9.666667],"faces":{"east":{"uv":[7.3125,10.0625,7.9375,10.6875],"tintindex":0,"rotation":0,"texture":"#0"},"south":{"uv":[10.125,1.375,10.75,2.0],"tintindex":0,"rotation":0,"texture":"#0"},"north":{"uv":[10.0,0.6875,10.625,1.3125],"tintindex":0,"rotation":0,"texture":"#0"},"west":{"uv":[10.125,2.0625,10.75,2.6875],"tintindex":0,"rotation":0,"texture":"#0"},"up":{"uv":[6.625,10.75,6.0,10.125],"tintindex":0,"rotation":0,"texture":"#0"},"down":{"uv":[10.75,8.4375,10.125,9.0625],"tintindex":0,"rotation":0,"texture":"#0"}}},{"from":[8.666667,-6.666667,7.0],"to":[9.666667,-5.666667,9.0],"faces":{"east":{"uv":[2.125,12.9375,2.5,13.125],"tintindex":0,"rotation":0,"texture":"#0"},"south":{"uv":[13.3125,9.8125,13.5,10.0],"tintindex":0,"rotation":0,"texture":"#0"},"north":{"uv":[13.3125,9.5625,13.5,9.75],"tintindex":0,"rotation":0,"texture":"#0"},"west":{"uv":[12.9375,3.5,13.3125,3.6875],"tintindex":0,"rotation":0,"texture":"#0"},"up":{"uv":[13.125,4.125,12.9375,3.75],"tintindex":0,"rotation":0,"texture":"#0"},"down":{"uv":[4.375,12.9375,4.1875,13.3125],"tintindex":0,"rotation":0,"texture":"#0"}},"rotation":{"origin":[9.666667,-6.666667,7.3333335],"angle":45.0,"axis":"z"}},{"from":[6.6666665,-11.0,6.6666665],"to":[9.333333,-10.0,9.333333],"faces":{"east":{"uv":[0.5625,12.6875,1.0625,12.875],"tintindex":0,"rotation":0,"texture":"#0"},"south":{"uv":[1.125,12.6875,1.625,12.875],"tintindex":0,"rotation":0,"texture":"#0"},"north":{"uv":[0.0,12.6875,0.5,12.875],"tintindex":0,"rotation":0,"texture":"#0"},"west":{"uv":[2.125,12.6875,2.625,12.875],"tintindex":0,"rotation":0,"texture":"#0"},"up":{"uv":[8.3125,11.5,7.8125,11.0],"tintindex":0,"rotation":0,"texture":"#0"},"down":{"uv":[8.875,11.0,8.375,11.5],"tintindex":0,"rotation":0,"texture":"#0"}}},{"from":[7.3333335,-5.666667,7.3333335],"to":[8.333333,-4.666667,8.666667],"faces":{"east":{"uv":[13.1875,0.875,13.4375,1.0625],"tintindex":0,"rotation":0,"texture":"#0"},"south":{"uv":[13.3125,9.0,13.5,9.1875],"tintindex":0,"rotation":0,"texture":"#0"},"north":{"uv":[13.3125,8.75,13.5,8.9375],"tintindex":0,"rotation":0,"texture":"#0"},"west":{"uv":[13.1875,1.375,13.4375,1.5625],"tintindex":0,"rotation":0,"texture":"#0"},"up":{"uv":[2.25,13.4375,2.0625,13.1875],"tintindex":0,"rotation":0,"texture":"#0"},"down":{"uv":[2.5,13.1875,2.3125,13.4375],"tintindex":0,"rotation":0,"texture":"#0"}},"rotation":{"origin":[7.3333335,-5.666667,7.3333335],"angle":-45.0,"axis":"z"}}],"display":{"head":{"rotation":[0.0,0.0,0.0]},"firstperson_righthand":{"rotation":[0.0,0.0,0.0]},"thirdperson_lefthand":{"rotation":[0.0,0.0,0.0]},"firstperson_lefthand":{"rotation":[0.0,0.0,0.0]},"fixed":{"rotation":[0.0,0.0,0.0]},"ground":{"rotation":[0.0,0.0,0.0]},"thirdperson_righthand":{"rotation":[0.0,0.0,0.0]},"gui":{"rotation":[-150.0,-45.0,180.0]}}}