{"textures":{"0":"modelengine:entity/texture_carved_lifeless","particle":"#0"},"elements":[{"from":[6.346546,14.466396,5.555889],"to":[7.846546,15.966396,9.555889],"faces":{"east":{"uv":[2.8125,7.0,3.3125,7.1875],"tintindex":0,"rotation":0,"texture":"#0"},"south":{"uv":[4.4375,13.25,4.625,13.4375],"tintindex":0,"rotation":0,"texture":"#0"},"north":{"uv":[2.9375,13.25,3.125,13.4375],"tintindex":0,"rotation":0,"texture":"#0"},"west":{"uv":[12.5625,4.5,13.0625,4.6875],"tintindex":0,"rotation":0,"texture":"#0"},"up":{"uv":[4.25,7.75,4.0625,7.25],"tintindex":0,"rotation":0,"texture":"#0"},"down":{"uv":[7.0,7.25,6.8125,7.75],"tintindex":0,"rotation":0,"texture":"#0"}},"rotation":{"origin":[6.346546,15.966396,6.555889],"angle":45.0,"axis":"z"}},{"from":[7.4133444,17.761204,4.555889],"to":[10.913345,25.261204,10.555889],"faces":{"east":{"uv":[2.8125,7.25,3.5625,8.1875],"tintindex":0,"rotation":0,"texture":"#0"},"south":{"uv":[3.8125,5.25,3.375,6.1875],"tintindex":0,"rotation":0,"texture":"#0"},"north":{"uv":[3.375,5.25,3.8125,6.1875],"tintindex":0,"rotation":0,"texture":"#0"},"west":{"uv":[5.25,7.25,6.0,8.1875],"tintindex":0,"rotation":0,"texture":"#0"},"up":{"uv":[2.875,11.3125,2.4375,10.5625],"tintindex":0,"rotation":0,"texture":"#0"},"down":{"uv":[10.5625,10.5625,10.125,11.3125],"tintindex":0,"rotation":0,"texture":"#0"}},"rotation":{"origin":[-30.586655,13.261204,5.555889],"angle":-22.5,"axis":"z"}},{"from":[0.11120224,1.3619728,5.555889],"to":[3.793396,5.0441666,9.055889],"faces":{"east":{"uv":[9.0625,10.625,9.5,11.0625],"tintindex":0,"rotation":0,"texture":"#0"},"south":{"uv":[10.625,11.5,11.0625,11.9375],"tintindex":0,"rotation":0,"texture":"#0"},"north":{"uv":[1.0625,2.25,1.5,2.6875],"tintindex":0,"rotation":0,"texture":"#0"},"west":{"uv":[11.75,3.375,12.1875,3.8125],"tintindex":0,"rotation":0,"texture":"#0"},"up":{"uv":[12.1875,11.75,11.75,11.3125],"tintindex":0,"rotation":0,"texture":"#0"},"down":{"uv":[4.3125,11.8125,3.875,12.25],"tintindex":0,"rotation":0,"texture":"#0"}},"rotation":{"origin":[5.793396,11.361973,5.055889],"angle":45.0,"axis":"z"}},{"from":[5.846546,10.966396,4.555889],"to":[11.846546,11.966396,10.555889],"faces":{"east":{"uv":[12.5625,2.375,13.3125,2.5],"tintindex":0,"rotation":0,"texture":"#0"},"south":{"uv":[12.5625,2.5625,13.3125,2.6875],"tintindex":0,"rotation":0,"texture":"#0"},"north":{"uv":[12.5625,2.1875,13.3125,2.3125],"tintindex":0,"rotation":0,"texture":"#0"},"west":{"uv":[12.5625,2.75,13.3125,2.875],"tintindex":0,"rotation":0,"texture":"#0"},"up":{"uv":[6.375,9.0625,5.625,8.3125],"tintindex":0,"rotation":0,"texture":"#0"},"down":{"uv":[9.125,1.8125,8.375,2.5625],"tintindex":0,"rotation":0,"texture":"#0"}}},{"from":[3.8168526,2.656683,5.055889],"to":[7.3168526,9.156683,10.055889],"faces":{"east":{"uv":[0.0,8.8125,0.625,9.625],"tintindex":0,"rotation":0,"texture":"#0"},"south":{"uv":[2.375,10.375,1.9375,11.1875],"tintindex":0,"rotation":0,"texture":"#0"},"north":{"uv":[1.9375,10.375,2.375,11.1875],"tintindex":0,"rotation":0,"texture":"#0"},"west":{"uv":[2.0625,8.8125,2.6875,9.625],"tintindex":0,"rotation":0,"texture":"#0"},"up":{"uv":[3.5625,0.625,3.125,0.0],"tintindex":0,"rotation":0,"texture":"#0"},"down":{"uv":[4.5625,10.625,4.125,11.25],"tintindex":0,"rotation":0,"texture":"#0"}},"rotation":{"origin":[6.3168526,12.656683,5.555889],"angle":22.5,"axis":"z"}},{"from":[4.8168526,1.656683,5.055889],"to":[7.3168526,2.656683,10.055889],"faces":{"east":{"uv":[12.8125,3.3125,13.4375,3.4375],"tintindex":0,"rotation":0,"texture":"#0"},"south":{"uv":[2.5625,13.25,2.875,13.375],"tintindex":0,"rotation":0,"texture":"#0"},"north":{"uv":[13.1875,10.6875,13.5,10.8125],"tintindex":0,"rotation":0,"texture":"#0"},"west":{"uv":[12.4375,12.8125,13.0625,12.9375],"tintindex":0,"rotation":0,"texture":"#0"},"up":{"uv":[6.75,8.9375,6.4375,8.3125],"tintindex":0,"rotation":0,"texture":"#0"},"down":{"uv":[6.75,11.5,6.4375,12.125],"tintindex":0,"rotation":0,"texture":"#0"}},"rotation":{"origin":[6.3168526,12.656683,5.555889],"angle":22.5,"axis":"z"}},{"from":[5.346546,11.966396,4.055889],"to":[12.346546,15.966396,11.055889],"faces":{"east":{"uv":[9.75,7.9375,8.875,8.4375],"tintindex":0,"rotation":0,"texture":"#0"},"south":{"uv":[8.875,7.9375,9.75,8.4375],"tintindex":0,"rotation":0,"texture":"#0"},"north":{"uv":[8.875,7.9375,9.75,8.4375],"tintindex":0,"rotation":0,"texture":"#0"},"west":{"uv":[9.75,7.9375,8.875,8.4375],"tintindex":0,"rotation":0,"texture":"#0"},"up":{"uv":[2.375,6.9375,1.5,6.0625],"tintindex":0,"rotation":0,"texture":"#0"},"down":{"uv":[3.3125,6.0625,2.4375,6.9375],"tintindex":0,"rotation":0,"texture":"#0"}}},{"from":[4.846546,8.466396,3.5558891],"to":[12.846546,10.966396,11.555889],"faces":{"east":{"uv":[8.0,10.625,9.0,10.9375],"tintindex":0,"rotation":0,"texture":"#0"},"south":{"uv":[10.625,10.5625,11.625,10.875],"tintindex":0,"rotation":0,"texture":"#0"},"north":{"uv":[10.5,7.875,11.5,8.1875],"tintindex":0,"rotation":0,"texture":"#0"},"west":{"uv":[10.6875,0.0,11.6875,0.3125],"tintindex":0,"rotation":0,"texture":"#0"},"up":{"uv":[2.5625,1.75,1.5625,0.75],"tintindex":0,"rotation":0,"texture":"#0"},"down":{"uv":[2.5625,1.8125,1.5625,2.8125],"tintindex":0,"rotation":0,"texture":"#0"}}},{"from":[9.846546,14.466396,5.555889],"to":[11.346546,15.966396,9.555889],"faces":{"east":{"uv":[12.5625,4.75,13.0625,4.9375],"tintindex":0,"rotation":0,"texture":"#0"},"south":{"uv":[6.0625,13.25,6.25,13.4375],"tintindex":0,"rotation":0,"texture":"#0"},"north":{"uv":[5.8125,13.25,6.0,13.4375],"tintindex":0,"rotation":0,"texture":"#0"},"west":{"uv":[12.5625,5.0,13.0625,5.1875],"tintindex":0,"rotation":0,"texture":"#0"},"up":{"uv":[7.5625,2.4375,7.375,1.9375],"tintindex":0,"rotation":0,"texture":"#0"},"down":{"uv":[8.625,4.6875,8.4375,5.1875],"tintindex":0,"rotation":0,"texture":"#0"}},"rotation":{"origin":[11.346546,15.966396,6.555889],"angle":-45.0,"axis":"z"}}],"display":{"head":{"rotation":[0.0,0.0,0.0]},"firstperson_righthand":{"rotation":[0.0,0.0,0.0]},"thirdperson_lefthand":{"rotation":[0.0,0.0,0.0]},"firstperson_lefthand":{"rotation":[0.0,0.0,0.0]},"fixed":{"rotation":[0.0,0.0,0.0]},"ground":{"rotation":[0.0,0.0,0.0]},"thirdperson_righthand":{"rotation":[0.0,0.0,0.0]},"gui":{"rotation":[-150.0,-45.0,180.0]}}}