{"textures":{"0":"modelengine:entity/texture_carved_lifeless","particle":"#0"},"elements":[{"from":[3.7771816,-2.428814,14.698],"to":[5.7771816,-0.42881393,20.698002],"faces":{"east":{"uv":[5.8125,13.0625,6.1875,13.1875],"tintindex":0,"rotation":0,"texture":"#0"},"south":{"uv":[10.1875,4.25,10.3125,4.375],"tintindex":0,"rotation":0,"texture":"#0"},"north":{"uv":[10.125,9.4375,10.25,9.5625],"tintindex":0,"rotation":0,"texture":"#0"},"west":{"uv":[6.25,13.0625,6.625,13.1875],"tintindex":0,"rotation":0,"texture":"#0"},"up":{"uv":[7.125,13.4375,7.0,13.0625],"tintindex":0,"rotation":0,"texture":"#0"},"down":{"uv":[7.3125,13.0625,7.1875,13.4375],"tintindex":0,"rotation":0,"texture":"#0"}},"rotation":{"origin":[3.7771816,-2.428814,15.698],"angle":-45.0,"axis":"z"}},{"from":[6.7771816,-9.428814,15.698],"to":[9.777182,-6.428814,19.698002],"faces":{"east":{"uv":[0.0,11.3125,0.25,11.5],"tintindex":0,"rotation":0,"texture":"#0"},"south":{"uv":[9.25,4.4375,9.4375,4.625],"tintindex":0,"rotation":0,"texture":"#0"},"north":{"uv":[6.8125,7.8125,7.0,8.0],"tintindex":0,"rotation":0,"texture":"#0"},"west":{"uv":[7.5,11.3125,7.75,11.5],"tintindex":0,"rotation":0,"texture":"#0"},"up":{"uv":[8.75,13.3125,8.5625,13.0625],"tintindex":0,"rotation":0,"texture":"#0"},"down":{"uv":[9.0,13.0625,8.8125,13.3125],"tintindex":0,"rotation":0,"texture":"#0"}},"rotation":{"origin":[9.777182,-6.428814,15.698],"angle":-45.0,"axis":"z"}},{"from":[9.777182,2.571186,14.698],"to":[11.77718,4.571186,20.698002],"faces":{"east":{"uv":[4.8125,8.0625,5.1875,8.1875],"tintindex":0,"rotation":0,"texture":"#0"},"south":{"uv":[6.4375,3.4375,6.5625,3.5625],"tintindex":0,"rotation":0,"texture":"#0"},"north":{"uv":[6.25,0.9375,6.375,1.0625],"tintindex":0,"rotation":0,"texture":"#0"},"west":{"uv":[9.6875,1.625,10.0625,1.75],"tintindex":0,"rotation":0,"texture":"#0"},"up":{"uv":[3.6875,13.4375,3.5625,13.0625],"tintindex":0,"rotation":0,"texture":"#0"},"down":{"uv":[4.875,13.0625,4.75,13.4375],"tintindex":0,"rotation":0,"texture":"#0"}},"rotation":{"origin":[11.77718,2.571186,15.698],"angle":45.0,"axis":"z"}},{"from":[3.7771816,2.571186,14.698],"to":[5.7771816,4.571186,20.698002],"faces":{"east":{"uv":[12.9375,1.8125,13.3125,1.9375],"tintindex":0,"rotation":0,"texture":"#0"},"south":{"uv":[8.6875,6.0,8.8125,6.125],"tintindex":0,"rotation":0,"texture":"#0"},"north":{"uv":[8.4375,5.25,8.5625,5.375],"tintindex":0,"rotation":0,"texture":"#0"},"west":{"uv":[13.0625,3.125,13.4375,3.25],"tintindex":0,"rotation":0,"texture":"#0"},"up":{"uv":[5.0625,13.4375,4.9375,13.0625],"tintindex":0,"rotation":0,"texture":"#0"},"down":{"uv":[5.75,13.0625,5.625,13.4375],"tintindex":0,"rotation":0,"texture":"#0"}},"rotation":{"origin":[3.7771816,2.571186,15.698],"angle":-45.0,"axis":"z"}},{"from":[9.777182,-2.428814,14.698],"to":[11.77718,-0.42881393,20.698002],"faces":{"east":{"uv":[13.0625,8.125,13.4375,8.25],"tintindex":0,"rotation":0,"texture":"#0"},"south":{"uv":[2.4375,10.375,2.5625,10.5],"tintindex":0,"rotation":0,"texture":"#0"},"north":{"uv":[10.125,10.3125,10.25,10.4375],"tintindex":0,"rotation":0,"texture":"#0"},"west":{"uv":[13.0625,8.3125,13.4375,8.4375],"tintindex":0,"rotation":0,"texture":"#0"},"up":{"uv":[7.5,13.4375,7.375,13.0625],"tintindex":0,"rotation":0,"texture":"#0"},"down":{"uv":[7.6875,13.0625,7.5625,13.4375],"tintindex":0,"rotation":0,"texture":"#0"}},"rotation":{"origin":[11.77718,-2.428814,15.698],"angle":45.0,"axis":"z"}},{"from":[3.7771816,-2.428814,13.698],"to":[11.77718,2.571186,21.698002],"faces":{"east":{"uv":[1.25,12.0,1.75,12.3125],"tintindex":0,"rotation":0,"texture":"#0"},"south":{"uv":[12.0,2.375,12.5,2.6875],"tintindex":0,"rotation":0,"texture":"#0"},"north":{"uv":[11.9375,9.875,12.4375,10.1875],"tintindex":0,"rotation":0,"texture":"#0"},"west":{"uv":[12.0,2.75,12.5,3.0625],"tintindex":0,"rotation":0,"texture":"#0"},"up":{"uv":[7.75,11.25,7.25,10.75],"tintindex":0,"rotation":0,"texture":"#0"},"down":{"uv":[6.3125,10.8125,5.8125,11.3125],"tintindex":0,"rotation":0,"texture":"#0"}}}],"display":{"head":{"rotation":[0.0,0.0,0.0]},"firstperson_righthand":{"rotation":[0.0,0.0,0.0]},"thirdperson_lefthand":{"rotation":[0.0,0.0,0.0]},"firstperson_lefthand":{"rotation":[0.0,0.0,0.0]},"fixed":{"rotation":[0.0,0.0,0.0]},"ground":{"rotation":[0.0,0.0,0.0]},"thirdperson_righthand":{"rotation":[0.0,0.0,0.0]},"gui":{"rotation":[-150.0,-45.0,180.0]}}}