{"textures":{"0":"modelengine:entity/texture_carved_lifeless","particle":"#0"},"elements":[{"from":[4.8997316,5.3775063,9.497215],"to":[10.899731,7.8775063,15.497215],"faces":{"east":{"uv":[11.1875,5.1875,11.9375,5.5],"tintindex":0,"rotation":0,"texture":"#0"},"south":{"uv":[11.1875,5.5625,11.9375,5.875],"tintindex":0,"rotation":0,"texture":"#0"},"north":{"uv":[11.1875,4.8125,11.9375,5.125],"tintindex":0,"rotation":0,"texture":"#0"},"west":{"uv":[11.1875,5.9375,11.9375,6.25],"tintindex":0,"rotation":0,"texture":"#0"},"up":{"uv":[3.5625,9.0,2.8125,8.25],"tintindex":0,"rotation":0,"texture":"#0"},"down":{"uv":[5.5625,8.25,4.8125,9.0],"tintindex":0,"rotation":0,"texture":"#0"}}},{"from":[4.3997316,-1.1224937,9.497215],"to":[6.3997316,1.3775063,15.497215],"faces":{"east":{"uv":[11.1875,2.625,11.9375,2.9375],"tintindex":0,"rotation":0,"texture":"#0"},"south":{"uv":[10.875,12.8125,11.125,13.125],"tintindex":0,"rotation":0,"texture":"#0"},"north":{"uv":[10.5625,12.8125,10.8125,13.125],"tintindex":0,"rotation":0,"texture":"#0"},"west":{"uv":[11.1875,3.0,11.9375,3.3125],"tintindex":0,"rotation":0,"texture":"#0"},"up":{"uv":[12.125,2.3125,11.875,1.5625],"tintindex":0,"rotation":0,"texture":"#0"},"down":{"uv":[2.875,11.875,2.625,12.625],"tintindex":0,"rotation":0,"texture":"#0"}},"rotation":{"origin":[4.3997316,-1.1224937,11.497215],"angle":-45.0,"axis":"z"}},{"from":[7.3997316,-4.422495,11.497215],"to":[8.899732,-2.922495,13.497215],"faces":{"east":{"uv":[9.8125,3.625,10.0625,3.8125],"tintindex":0,"rotation":0,"texture":"#0"},"south":{"uv":[4.0625,7.8125,4.25,8.0],"tintindex":0,"rotation":0,"texture":"#0"},"north":{"uv":[4.3125,6.9375,4.5,7.125],"tintindex":0,"rotation":0,"texture":"#0"},"west":{"uv":[8.0,10.0625,8.25,10.25],"tintindex":0,"rotation":0,"texture":"#0"},"up":{"uv":[7.5625,2.75,7.375,2.5],"tintindex":0,"rotation":0,"texture":"#0"},"down":{"uv":[3.5,13.0625,3.3125,13.3125],"tintindex":0,"rotation":0,"texture":"#0"}},"rotation":{"origin":[8.899732,-2.922495,11.497215],"angle":-45.0,"axis":"z"}},{"from":[4.3997316,-1.1224937,8.997215],"to":[11.399731,5.3775063,15.997215],"faces":{"east":{"uv":[6.875,5.4375,7.75,6.25],"tintindex":0,"rotation":0,"texture":"#0"},"south":{"uv":[0.9375,7.0,1.8125,7.8125],"tintindex":0,"rotation":0,"texture":"#0"},"north":{"uv":[0.0,6.875,0.875,7.6875],"tintindex":0,"rotation":0,"texture":"#0"},"west":{"uv":[1.875,7.0,2.75,7.8125],"tintindex":0,"rotation":0,"texture":"#0"},"up":{"uv":[6.8125,5.6875,5.9375,4.8125],"tintindex":0,"rotation":0,"texture":"#0"},"down":{"uv":[6.8125,5.75,5.9375,6.625],"tintindex":0,"rotation":0,"texture":"#0"}}},{"from":[9.399731,-1.1224937,9.497215],"to":[11.399731,1.3775063,15.497215],"faces":{"east":{"uv":[8.375,2.625,9.125,2.9375],"tintindex":0,"rotation":0,"texture":"#0"},"south":{"uv":[9.875,12.8125,10.125,13.125],"tintindex":0,"rotation":0,"texture":"#0"},"north":{"uv":[12.8125,9.25,13.0625,9.5625],"tintindex":0,"rotation":0,"texture":"#0"},"west":{"uv":[11.125,9.875,11.875,10.1875],"tintindex":0,"rotation":0,"texture":"#0"},"up":{"uv":[11.8125,12.5625,11.5625,11.8125],"tintindex":0,"rotation":0,"texture":"#0"},"down":{"uv":[12.125,0.75,11.875,1.5],"tintindex":0,"rotation":0,"texture":"#0"}},"rotation":{"origin":[11.399731,-1.1224937,11.497215],"angle":45.0,"axis":"z"}}],"display":{"head":{"rotation":[0.0,0.0,0.0]},"firstperson_righthand":{"rotation":[0.0,0.0,0.0]},"thirdperson_lefthand":{"rotation":[0.0,0.0,0.0]},"firstperson_lefthand":{"rotation":[0.0,0.0,0.0]},"fixed":{"rotation":[0.0,0.0,0.0]},"ground":{"rotation":[0.0,0.0,0.0]},"thirdperson_righthand":{"rotation":[0.0,0.0,0.0]},"gui":{"rotation":[-150.0,-45.0,180.0]}}}