{"textures":{"0":"modelengine:entity/drone_flamethrower_texture","particle":"#0"},"elements":[{"from":[9.050676,5.982562,-0.66889954],"to":[10.550676,7.482562,0.33110094],"faces":{"east":{"uv":[5.375,7.75,5.5,8.0],"tintindex":0,"rotation":0,"texture":"#0"},"south":{"uv":[6.625,7.375,6.875,7.625],"tintindex":0,"rotation":0,"texture":"#0"},"north":{"uv":[3.25,5.625,3.5,5.875],"tintindex":0,"rotation":0,"texture":"#0"},"west":{"uv":[5.5,7.75,5.625,8.0],"tintindex":0,"rotation":0,"texture":"#0"},"up":{"uv":[0.625,6.5,0.375,6.375],"tintindex":0,"rotation":0,"texture":"#0"},"down":{"uv":[8.0,4.625,7.75,4.75],"tintindex":0,"rotation":0,"texture":"#0"}},"rotation":{"origin":[8.005051,8.592476,7.294485],"angle":-45.0,"axis":"z"}},{"from":[5.505051,9.078327,8.414027],"to":[6.505051,11.078327,12.414027],"faces":{"east":{"uv":[7.375,1.125,6.875,1.375],"tintindex":0,"rotation":0,"texture":"#0"},"south":{"uv":[7.75,5.75,7.875,6.0],"tintindex":0,"rotation":0,"texture":"#0"},"north":{"uv":[5.75,7.75,5.875,8.0],"tintindex":0,"rotation":0,"texture":"#0"},"west":{"uv":[6.875,1.125,7.375,1.375],"tintindex":0,"rotation":0,"texture":"#0"},"up":{"uv":[6.125,7.875,6.0,7.375],"tintindex":0,"rotation":0,"texture":"#0"},"down":{"uv":[0.125,7.5,0.0,8.0],"tintindex":0,"rotation":0,"texture":"#0"}},"rotation":{"origin":[8.005051,8.592476,7.294485],"angle":-22.5,"axis":"x"}},{"from":[9.505051,9.078327,8.414027],"to":[10.505051,11.078327,12.414027],"faces":{"east":{"uv":[4.625,2.125,5.125,2.375],"tintindex":0,"rotation":0,"texture":"#0"},"south":{"uv":[5.625,7.75,5.75,8.0],"tintindex":0,"rotation":0,"texture":"#0"},"north":{"uv":[7.75,5.5,7.875,5.75],"tintindex":0,"rotation":0,"texture":"#0"},"west":{"uv":[5.125,2.125,4.625,2.375],"tintindex":0,"rotation":0,"texture":"#0"},"up":{"uv":[3.375,7.75,3.25,7.25],"tintindex":0,"rotation":0,"texture":"#0"},"down":{"uv":[4.875,7.375,4.75,7.875],"tintindex":0,"rotation":0,"texture":"#0"}},"rotation":{"origin":[8.005051,8.592476,7.294485],"angle":-22.5,"axis":"x"}},{"from":[4.005051,5.4205494,2.760127],"to":[5.005051,11.420549,8.760127],"faces":{"east":{"uv":[0.0,2.0,0.75,2.75],"tintindex":0,"rotation":0,"texture":"#0"},"south":{"uv":[6.25,7.0,6.375,7.75],"tintindex":0,"rotation":0,"texture":"#0"},"north":{"uv":[5.625,7.0,5.75,7.75],"tintindex":0,"rotation":0,"texture":"#0"},"west":{"uv":[0.75,2.0,1.5,2.75],"tintindex":0,"rotation":0,"texture":"#0"},"up":{"uv":[6.5,7.75,6.375,7.0],"tintindex":0,"rotation":0,"texture":"#0"},"down":{"uv":[6.625,7.0,6.5,7.75],"tintindex":0,"rotation":0,"texture":"#0"}},"rotation":{"origin":[8.005051,8.592476,7.294485],"angle":-45.0,"axis":"x"}},{"from":[5.505051,4.882869,15.030935],"to":[10.505051,8.88287,15.130936],"faces":{"east":{"uv":[2.875,1.5,3.0,2.0],"tintindex":0,"rotation":0,"texture":"#0"},"south":{"uv":[5.125,2.125,5.75,2.625],"tintindex":0,"rotation":0,"texture":"#0"},"north":{"uv":[5.125,2.125,5.75,2.625],"tintindex":0,"rotation":0,"texture":"#0"},"west":{"uv":[4.375,4.625,4.5,5.125],"tintindex":0,"rotation":0,"texture":"#0"},"up":{"uv":[7.875,3.375,7.25,3.25],"tintindex":0,"rotation":0,"texture":"#0"},"down":{"uv":[8.0,5.375,7.375,5.5],"tintindex":0,"rotation":0,"texture":"#0"}},"rotation":{"origin":[8.005051,8.592476,7.294485],"angle":22.5,"axis":"x"}},{"from":[6.005051,4.486456,0.33110094],"to":[10.005051,10.486456,5.331101],"faces":{"east":{"uv":[4.5,2.375,3.875,3.125],"tintindex":0,"rotation":0,"texture":"#0"},"south":{"uv":[3.375,4.125,3.875,4.875],"tintindex":0,"rotation":0,"texture":"#0"},"north":{"uv":[2.75,3.375,3.25,4.125],"tintindex":0,"rotation":0,"texture":"#0"},"west":{"uv":[3.875,2.375,4.5,3.125],"tintindex":0,"rotation":0,"texture":"#0"},"up":{"uv":[2.0,5.875,1.5,5.25],"tintindex":0,"rotation":0,"texture":"#0"},"down":{"uv":[2.0,5.25,1.5,5.875],"tintindex":0,"rotation":0,"texture":"#0"}}},{"from":[6.705051,4.882869,11.030936],"to":[9.305051,8.88287,14.030935],"faces":{"east":{"uv":[3.5,6.125,3.125,6.625],"tintindex":0,"rotation":0,"texture":"#0"},"south":{"uv":[3.5,4.875,3.875,5.375],"tintindex":0,"rotation":0,"texture":"#0"},"north":{"uv":[2.5,1.5,2.875,2.0],"tintindex":0,"rotation":0,"texture":"#0"},"west":{"uv":[3.125,6.125,3.5,6.625],"tintindex":0,"rotation":0,"texture":"#0"},"up":{"uv":[7.0,2.625,6.625,2.25],"tintindex":0,"rotation":0,"texture":"#0"},"down":{"uv":[7.0,2.25,6.625,2.625],"tintindex":0,"rotation":0,"texture":"#0"}},"rotation":{"origin":[8.005051,8.592476,7.294485],"angle":22.5,"axis":"x"}},{"from":[10.005051,10.078327,12.414027],"to":[10.105051,11.078327,18.414026],"faces":{"east":{"uv":[7.0,5.875,7.75,6.0],"tintindex":0,"rotation":0,"texture":"#0"},"south":{"uv":[5.75,0.375,5.875,0.5],"tintindex":0,"rotation":0,"texture":"#0"},"north":{"uv":[4.375,5.125,4.5,5.25],"tintindex":0,"rotation":0,"texture":"#0"},"west":{"uv":[7.75,5.875,7.0,6.0],"tintindex":0,"rotation":0,"texture":"#0"},"up":{"uv":[1.5,4.25,1.375,3.5],"tintindex":0,"rotation":0,"texture":"#0"},"down":{"uv":[4.375,7.0,4.25,7.75],"tintindex":0,"rotation":0,"texture":"#0"}},"rotation":{"origin":[8.005051,8.592476,7.294485],"angle":-22.5,"axis":"x"}},{"from":[6.505051,5.882869,16.030935],"to":[9.505051,7.8828697,16.130936],"faces":{"east":{"uv":[1.25,4.0,1.375,4.25],"tintindex":0,"rotation":0,"texture":"#0"},"south":{"uv":[7.0,5.25,7.375,5.5],"tintindex":0,"rotation":0,"texture":"#0"},"north":{"uv":[7.0,5.25,7.375,5.5],"tintindex":0,"rotation":0,"texture":"#0"},"west":{"uv":[5.375,5.625,5.5,5.875],"tintindex":0,"rotation":0,"texture":"#0"},"up":{"uv":[3.625,1.5,3.25,1.375],"tintindex":0,"rotation":0,"texture":"#0"},"down":{"uv":[4.25,0.75,3.875,0.875],"tintindex":0,"rotation":0,"texture":"#0"}},"rotation":{"origin":[8.005051,8.592476,7.294485],"angle":22.5,"axis":"x"}},{"from":[6.105051,2.1342363,2.4324627],"to":[9.905051,3.534236,8.832462],"faces":{"east":{"uv":[7.0,5.5,7.75,5.625],"tintindex":0,"rotation":0,"texture":"#0"},"south":{"uv":[7.5,2.0,8.0,2.125],"tintindex":0,"rotation":0,"texture":"#0"},"north":{"uv":[7.5,1.875,8.0,2.0],"tintindex":0,"rotation":0,"texture":"#0"},"west":{"uv":[7.0,5.5,7.75,5.625],"tintindex":0,"rotation":0,"texture":"#0"},"up":{"uv":[5.0,5.25,4.5,4.5],"tintindex":0,"rotation":0,"texture":"#0"},"down":{"uv":[5.0,3.0,4.5,3.75],"tintindex":0,"rotation":0,"texture":"#0"}},"rotation":{"origin":[8.005051,8.592476,7.294485],"angle":22.5,"axis":"x"}},{"from":[6.005051,4.486456,7.331101],"to":[10.005051,10.486456,12.3311],"faces":{"east":{"uv":[3.875,2.375,4.5,3.125],"tintindex":0,"rotation":0,"texture":"#0"},"south":{"uv":[5.0,3.375,5.5,4.125],"tintindex":0,"rotation":0,"texture":"#0"},"north":{"uv":[3.875,4.625,4.375,5.375],"tintindex":0,"rotation":0,"texture":"#0"},"west":{"uv":[4.5,2.375,3.875,3.125],"tintindex":0,"rotation":0,"texture":"#0"},"up":{"uv":[4.875,5.875,4.375,5.25],"tintindex":0,"rotation":0,"texture":"#0"},"down":{"uv":[5.875,0.5,5.375,1.125],"tintindex":0,"rotation":0,"texture":"#0"}}},{"from":[11.005051,5.4205494,2.760127],"to":[12.005051,11.420549,8.760127],"faces":{"east":{"uv":[1.5,2.0,0.75,2.75],"tintindex":0,"rotation":0,"texture":"#0"},"south":{"uv":[6.375,7.0,6.25,7.75],"tintindex":0,"rotation":0,"texture":"#0"},"north":{"uv":[5.75,7.0,5.625,7.75],"tintindex":0,"rotation":0,"texture":"#0"},"west":{"uv":[0.75,2.0,0.0,2.75],"tintindex":0,"rotation":0,"texture":"#0"},"up":{"uv":[6.375,7.75,6.5,7.0],"tintindex":0,"rotation":0,"texture":"#0"},"down":{"uv":[6.5,7.0,6.625,7.75],"tintindex":0,"rotation":0,"texture":"#0"}},"rotation":{"origin":[8.005051,8.592476,7.294485],"angle":-45.0,"axis":"x"}},{"from":[5.005051,4.4205494,1.7601271],"to":[11.005051,12.420549,9.760127],"faces":{"east":{"uv":[1.0,1.0,0.0,2.0],"tintindex":0,"rotation":0,"texture":"#0"},"south":{"uv":[1.75,0.0,2.5,1.0],"tintindex":0,"rotation":0,"texture":"#0"},"north":{"uv":[1.0,0.0,1.75,1.0],"tintindex":0,"rotation":0,"texture":"#0"},"west":{"uv":[0.0,1.0,1.0,2.0],"tintindex":0,"rotation":0,"texture":"#0"},"up":{"uv":[2.5,1.0,1.75,0.0],"tintindex":0,"rotation":0,"texture":"#0"},