{"textures":{"0":"modelengine:entity/drone_flamethrower_texture","particle":"#0"},"elements":[{"from":[7.9231353,3.6411119,-4.6506186],"to":[9.923136,5.6411123,4.349381],"faces":{"east":{"uv":[4.875,6.75,5.125,5.625],"tintindex":0,"rotation":90,"texture":"#0"},"south":{"uv":[6.625,7.625,6.875,7.875],"tintindex":0,"rotation":0,"texture":"#0"},"north":{"uv":[7.625,5.0,7.875,5.25],"tintindex":0,"rotation":0,"texture":"#0"},"west":{"uv":[3.25,6.125,4.375,5.875],"tintindex":0,"rotation":0,"texture":"#0"},"up":{"uv":[5.125,6.75,4.875,5.625],"tintindex":0,"rotation":0,"texture":"#0"},"down":{"uv":[4.375,6.125,3.25,5.875],"tintindex":0,"rotation":90,"texture":"#0"}},"rotation":{"origin":[7.99801,3.72157,0.94833136],"angle":45.0,"axis":"z"}},{"from":[5.6731353,1.3911119,-1.6506186],"to":[7.6731353,3.3911119,2.349381],"faces":{"east":{"uv":[7.0,3.375,7.25,2.875],"tintindex":0,"rotation":90,"texture":"#0"},"south":{"uv":[7.5,7.625,7.25,7.875],"tintindex":0,"rotation":0,"texture":"#0"},"north":{"uv":[7.25,7.625,7.5,7.875],"tintindex":0,"rotation":0,"texture":"#0"},"west":{"uv":[2.875,7.0,3.375,7.25],"tintindex":0,"rotation":0,"texture":"#0"},"up":{"uv":[7.25,3.375,7.0,2.875],"tintindex":0,"rotation":0,"texture":"#0"},"down":{"uv":[3.375,7.0,2.875,7.25],"tintindex":0,"rotation":90,"texture":"#0"}},"rotation":{"origin":[7.99801,3.72157,0.94833136],"angle":45.0,"axis":"z"}},{"from":[6.5060325,4.9152865,6.449381],"to":[9.506032,8.915286,9.249381],"faces":{"east":{"uv":[0.0,6.375,0.375,6.875],"tintindex":0,"rotation":0,"texture":"#0"},"south":{"uv":[6.25,6.125,6.625,6.625],"tintindex":0,"rotation":0,"texture":"#0"},"north":{"uv":[6.25,6.125,6.625,6.625],"tintindex":0,"rotation":0,"texture":"#0"},"west":{"uv":[0.0,6.375,0.375,6.875],"tintindex":0,"rotation":0,"texture":"#0"},"up":{"uv":[7.25,0.75,6.875,0.375],"tintindex":0,"rotation":0,"texture":"#0"},"down":{"uv":[7.25,0.75,6.875,1.125],"tintindex":0,"rotation":0,"texture":"#0"}}},{"from":[5.4999123,1.2178888,-11.6506195],"to":[6.4999123,2.2178888,-1.6506186],"faces":{"east":{"uv":[1.125,7.75,1.25,6.5],"tintindex":0,"rotation":90,"texture":"#0"},"south":{"uv":[7.875,2.75,8.0,2.875],"tintindex":0,"rotation":0,"texture":"#0"},"north":{"uv":[2.5,7.875,2.625,8.0],"tintindex":0,"rotation":0,"texture":"#0"},"west":{"uv":[6.5,0.25,7.75,0.375],"tintindex":0,"rotation":0,"texture":"#0"},"up":{"uv":[1.25,7.75,1.125,6.5],"tintindex":0,"rotation":0,"texture":"#0"},"down":{"uv":[7.75,0.375,6.5,0.25],"tintindex":0,"rotation":90,"texture":"#0"}},"rotation":{"origin":[7.99801,3.72157,0.94833136],"angle":45.0,"axis":"z"}},{"from":[-0.61321354,0.19317818,3.1337829],"to":[4.3867865,7.193178,3.2337828],"faces":{"east":{"uv":[3.75,7.0,3.875,7.875],"tintindex":0,"rotation":0,"texture":"#0"},"south":{"uv":[3.875,2.375,3.25,3.25],"tintindex":0,"rotation":0,"texture":"#0"},"north":{"uv":[3.25,2.375,3.875,3.25],"tintindex":0,"rotation":0,"texture":"#0"},"west":{"uv":[4.0,7.0,4.125,7.875],"tintindex":0,"rotation":0,"texture":"#0"},"up":{"uv":[8.125,0.625,7.5,0.5],"tintindex":0,"rotation":0,"texture":"#0"},"down":{"uv":[8.125,0.625,7.5,0.75],"tintindex":0,"rotation":0,"texture":"#0"}},"rotation":{"origin":[7.99801,3.72157,0.94833136],"angle":22.5,"axis":"y"}},{"from":[6.1731353,1.8911119,2.349381],"to":[7.4231353,3.1411119,4.349381],"faces":{"east":{"uv":[7.75,7.75,7.875,8.0],"tintindex":0,"rotation":90,"texture":"#0"},"south":{"uv":[6.0,4.75,6.125,4.875],"tintindex":0,"rotation":0,"texture":"#0"},"north":{"uv":[3.125,6.0,3.25,6.125],"tintindex":0,"rotation":0,"texture":"#0"},"west":{"uv":[7.75,7.625,8.0,7.75],"tintindex":0,"rotation":0,"texture":"#0"},"up":{"uv":[7.875,8.0,7.75,7.75],"tintindex":0,"rotation":0,"texture":"#0"},"down":{"uv":[7.75,7.75,8.0,7.625],"tintindex":0,"rotation":90,"texture":"#0"}},"rotation":{"origin":[7.99801,3.72157,0.94833136],"angle":45.0,"axis":"z"}},{"from":[6.6731353,2.3911119,-9.6506195],"to":[7.4731355,3.191112,-1.6506186],"faces":{"east":{"uv":[1.125,8.0,1.0,7.0],"tintindex":0,"rotation":90,"texture":"#0"},"south":{"uv":[7.875,3.75,8.0,3.875],"tintindex":0,"rotation":0,"texture":"#0"},"north":{"uv":[3.75,7.875,3.875,8.0],"tintindex":0,"rotation":0,"texture":"#0"},"west":{"uv":[7.0,3.5,8.0,3.625],"tintindex":0,"rotation":0,"texture":"#0"},"up":{"uv":[1.125,8.0,1.0,7.0],"tintindex":0,"rotation":0,"texture":"#0"},"down":{"uv":[8.0,3.625,7.0,3.5],"tintindex":0,"rotation":90,"texture":"#0"}},"rotation":{"origin":[7.99801,3.72157,0.94833136],"angle":45.0,"axis":"z"}},{"from":[-3.101491,1.4431782,1.3230333],"to":[1.898509,5.443178,6.3230333],"faces":{"east":{"uv":[4.125,5.375,3.5,5.875],"tintindex":0,"rotation":0,"texture":"#0"},"south":{"uv":[3.5,5.375,4.125,5.875],"tintindex":0,"rotation":0,"texture":"#0"},"north":{"uv":[3.5,5.375,4.125,5.875],"tintindex":0,"rotation":0,"texture":"#0"},"west":{"uv":[4.125,5.375,3.5,5.875],"tintindex":0,"rotation":0,"texture":"#0"},"up":{"uv":[1.875,4.875,1.25,4.25],"tintindex":0,"rotation":0,"texture":"#0"},"down":{"uv":[1.875,4.25,1.25,4.875],"tintindex":0,"rotation":0,"texture":"#0"}},"rotation":{"origin":[7.99801,3.72157,0.94833136],"angle":45.0,"axis":"y"}},{"from":[6.59801,7.4872704,12.046541],"to":[9.39801,11.48727,13.646542],"faces":{"east":{"uv":[7.25,1.875,7.0,2.375],"tintindex":0,"rotation":0,"texture":"#0"},"south":{"uv":[5.375,6.125,5.75,6.625],"tintindex":0,"rotation":0,"texture":"#0"},"north":{"uv":[4.0,6.125,4.375,6.625],"tintindex":0,"rotation":0,"texture":"#0"},"west":{"uv":[7.0,1.875,7.25,2.375],"tintindex":0,"rotation":0,"texture":"#0"},"up":{"uv":[3.25,7.5,2.875,7.25],"tintindex":0,"rotation":0,"texture":"#0"},"down":{"uv":[7.625,3.0,7.25,3.25],"tintindex":0,"rotation":0,"texture":"#0"}},"rotation":{"origin":[7.99801,3.72157,0.94833136],"angle":22.5,"axis":"x"}},{"from":[7.49801,5.2645307,-12.008118],"to":[8.498011,8.264531,-11.008118],"faces":{"east":{"uv":[4.25,7.75,4.375,8.125],"tintindex":0,"rotation":0,"texture":"#0"},"south":{"uv":[4.25,7.75,4.375,8.125],"tintindex":0,"rotation":0,"texture":"#0"},"north":{"uv":[4.25,7.75,4.375,8.125],"tintindex":0,"rotation":0,"texture":"#0"},"west":{"uv":[4.25,7.75,4.375,8.125],"tintindex":0,"rotation":0,"texture":"#0"},"up":{"uv":[8.0,3.125,7.875,3.0],"tintindex":0,"rotation":0,"texture":"#0"},"down":{"uv":[8.0,3.125,7.875,3.25],"tintindex":0,"rotation":0,"texture":"#0"}},"rotation":{"origin":[7.99801,3.72157,0.94833136],"angle":-22.5,"axis":"x"}},{"from":[6.6060324,1.7363224,9.37628],"to":[9.406033,5.336323,10.37628],"faces":{"east":{"uv":[2.0,7.75,2.125,8.25],"tintindex":0,"rotation":0,"texture":"#0"},"south":{"uv":[3.5,6.5,3.875,7.0],"tintindex":0,"rotation":0,"texture":"#0"},"north":{"uv":[0.75,6.5,1.125,7.0],"tintindex":0,"rotation":0,"texture":"#0"},"west":{"uv":[2.125,7.75,2.25,8.25],"tintindex":0,"rotation":0,"texture":"#0"},"up":{"uv":[8.125,1.25,7.75,1.125],"tintindex":0,"rotation":0,"texture":"#0"},"down":{"uv":[8.125,1.25,7.75,1.375],"tintindex":0,"rotation":0,"texture":"#0"}},"rotation":{"origin":[7.99801,4.1715703,0.94833136],"angle":-22.5,"axis":"x"}},{"from":[6.49801,7.9853477,9.611805],"to":[9.498011,9.985348,12.611805],"faces":{"east":{"uv":[4.75,7.375,4.375,7.625],"tintindex":0,"rotation":0,"texture":"#0"},"south":{"uv":[7.375,4.0,7.75,4.25],"tintindex":0,"rotation":0,"texture":"#0"},"north":{"uv":[7.375,1.125,7.75,1.375],"tintindex":0,"rotation":0,"texture":"#0"},"west":{"uv":[4.375,7.375,4.75,7.625],"tintindex":0,"rotation":0,"texture":"#0"},"up":{"uv":[7.0,5.5,6.625,5.125],"tintindex":0,"rotation":0,"texture":"#0"},"down":{"uv":[5.75,6.625,5.375,7.0],"tintindex":0,"rotation":0,"texture":"#0"}},"rotation":{"origin":[7.99801,3.72157,0.94833136],"angle":22.5,"axis":"x"}},{"from":[8.673136,4.391112,-0.75061893],"to":[10.173136,5.8911123,4.249381],"faces":{"east":{"uv":[2.875,6.375,3.125,7.0],"tintindex":0,"rotation":90,"texture":"#0"},"south":{"uv":[7.625,4.75,7.875,5.0],"tintindex":0,"rotation":0,"texture":"#0"},"north":{"uv":[4.375,7.625,4.625,7.875],"tintindex":0,"rotation":0,"texture":"#0"},