{"textures":{"0":"modelengine:entity/summon_wolf_virusg","particle":"#0"},"elements":[{"from":[5.034074,5.0,4.7411814],"to":[10.034075,8.0,10.74118],"faces":{"east":{"uv":[8.75,6.0,9.5,6.375],"tintindex":0,"rotation":0,"texture":"#0"},"south":{"uv":[5.5,9.0,6.125,9.375],"tintindex":0,"rotation":0,"texture":"#0"},"north":{"uv":[7.625,5.125,8.25,5.5],"tintindex":0,"rotation":0,"texture":"#0"},"west":{"uv":[8.875,9.75,9.625,10.125],"tintindex":0,"rotation":0,"texture":"#0"},"up":{"uv":[1.375,8.25,0.75,7.5],"tintindex":0,"rotation":0,"texture":"#0"},"down":{"uv":[6.875,0.0,6.25,0.75],"tintindex":0,"rotation":0,"texture":"#0"}}},{"from":[0.33959675,5.464035,4.0411806],"to":[3.3395967,6.464035,5.341181],"faces":{"east":{"uv":[1.75,5.75,1.875,5.875],"tintindex":0,"rotation":0,"texture":"#0"},"south":{"uv":[9.875,8.375,10.25,8.5],"tintindex":0,"rotation":0,"texture":"#0"},"north":{"uv":[9.875,8.25,10.25,8.375],"tintindex":0,"rotation":0,"texture":"#0"},"west":{"uv":[1.75,5.875,1.875,6.0],"tintindex":0,"rotation":0,"texture":"#0"},"up":{"uv":[10.25,8.875,9.875,8.75],"tintindex":0,"rotation":0,"texture":"#0"},"down":{"uv":[10.25,8.875,9.875,9.0],"tintindex":0,"rotation":0,"texture":"#0"}},"rotation":{"origin":[1.8395967,5.964035,4.391181],"angle":22.5,"axis":"z"}},{"from":[-0.66040325,5.464035,7.0411806],"to":[2.3395967,6.464035,8.341181],"faces":{"east":{"uv":[1.75,6.0,1.875,6.125],"tintindex":0,"rotation":0,"texture":"#0"},"south":{"uv":[10.0,0.25,10.375,0.375],"tintindex":0,"rotation":0,"texture":"#0"},"north":{"uv":[9.875,9.875,10.25,10.0],"tintindex":0,"rotation":0,"texture":"#0"},"west":{"uv":[4.875,6.0,5.0,6.125],"tintindex":0,"rotation":0,"texture":"#0"},"up":{"uv":[10.375,0.5,10.0,0.375],"tintindex":0,"rotation":0,"texture":"#0"},"down":{"uv":[10.375,0.5,10.0,0.625],"tintindex":0,"rotation":0,"texture":"#0"}},"rotation":{"origin":[0.83959675,5.964035,7.391181],"angle":22.5,"axis":"z"}},{"from":[0.38706493,4.2025595,10.141181],"to":[3.387065,5.2025595,11.441181],"faces":{"east":{"uv":[6.125,1.5,6.25,1.625],"tintindex":0,"rotation":0,"texture":"#0"},"south":{"uv":[1.5,10.0,1.875,10.125],"tintindex":0,"rotation":0,"texture":"#0"},"north":{"uv":[10.0,0.875,10.375,1.0],"tintindex":0,"rotation":0,"texture":"#0"},"west":{"uv":[6.125,1.625,6.25,1.75],"tintindex":0,"rotation":0,"texture":"#0"},"up":{"uv":[10.375,2.25,10.0,2.125],"tintindex":0,"rotation":0,"texture":"#0"},"down":{"uv":[10.375,2.25,10.0,2.375],"tintindex":0,"rotation":0,"texture":"#0"}},"rotation":{"origin":[1.8870649,4.7025595,11.091181],"angle":45.0,"axis":"z"}},{"from":[2.0340738,6.0,6.7411814],"to":[5.034074,7.0,8.74118],"faces":{"east":{"uv":[8.625,9.875,8.875,10.0],"tintindex":0,"rotation":0,"texture":"#0"},"south":{"uv":[9.875,9.75,10.25,9.875],"tintindex":0,"rotation":0,"texture":"#0"},"north":{"uv":[9.875,9.625,10.25,9.75],"tintindex":0,"rotation":0,"texture":"#0"},"west":{"uv":[4.375,10.0,4.625,10.125],"tintindex":0,"rotation":0,"texture":"#0"},"up":{"uv":[1.75,9.75,1.375,9.5],"tintindex":0,"rotation":0,"texture":"#0"},"down":{"uv":[9.875,1.375,9.5,1.625],"tintindex":0,"rotation":0,"texture":"#0"}}},{"from":[2.5729752,6.1126323,9.74118],"to":[5.572975,7.1126323,11.74118],"faces":{"east":{"uv":[10.125,3.0,10.375,3.125],"tintindex":0,"rotation":0,"texture":"#0"},"south":{"uv":[10.0,0.75,10.375,0.875],"tintindex":0,"rotation":0,"texture":"#0"},"north":{"uv":[10.0,0.625,10.375,0.75],"tintindex":0,"rotation":0,"texture":"#0"},"west":{"uv":[10.125,3.125,10.375,3.25],"tintindex":0,"rotation":0,"texture":"#0"},"up":{"uv":[9.875,1.875,9.5,1.625],"tintindex":0,"rotation":0,"texture":"#0"},"down":{"uv":[2.125,9.5,1.75,9.75],"tintindex":0,"rotation":0,"texture":"#0"}},"rotation":{"origin":[5.086835,6.6679826,10.716181],"angle":22.5,"axis":"z"}},{"from":[3.0340738,6.0,3.7411814],"to":[6.034074,7.0,5.7411814],"faces":{"east":{"uv":[9.625,1.0,9.875,1.125],"tintindex":0,"rotation":0,"texture":"#0"},"south":{"uv":[8.25,9.875,8.625,10.0],"tintindex":0,"rotation":0,"texture":"#0"},"north":{"uv":[9.875,8.125,10.25,8.25],"tintindex":0,"rotation":0,"texture":"#0"},"west":{"uv":[9.625,7.875,9.875,8.0],"tintindex":0,"rotation":0,"texture":"#0"},"up":{"uv":[1.375,9.75,1.0,9.5],"tintindex":0,"rotation":0,"texture":"#0"},"down":{"uv":[9.875,1.125,9.5,1.375],"tintindex":0,"rotation":0,"texture":"#0"}}}],"display":{"head":{"rotation":[0.0,0.0,0.0]},"firstperson_righthand":{"rotation":[0.0,0.0,0.0]},"thirdperson_lefthand":{"rotation":[0.0,0.0,0.0]},"firstperson_lefthand":{"rotation":[0.0,0.0,0.0]},"fixed":{"rotation":[0.0,0.0,0.0]},"ground":{"rotation":[0.0,0.0,0.0]},"thirdperson_righthand":{"rotation":[0.0,0.0,0.0]},"gui":{"rotation":[-150.0,-45.0,180.0]}}}