{"credit":"Made with Blockbench","texture_size":[128,128],"textures":{"0":"shizuart_furnitures:office_props/office_props","particle":"shizuart_furnitures:office_props/office_props"},"elements":[{"from":[5,-0.5,7],"to":[12,9.5,9],"rotation":{"angle":22.5,"axis":"x","origin":[8.5,4.49644,9.00941]},"faces":{"north":{"uv":[13.25,7.625,14.125,8.875],"texture":"#0"},"east":{"uv":[14.5,7.625,14.25,8.875],"texture":"#0"},"south":{"uv":[14.625,7.625,15.5,8.875],"texture":"#0"},"west":{"uv":[14.25,7.625,14.5,8.875],"texture":"#0"},"up":{"uv":[13.25,9.625,14.125,9.375],"texture":"#0"},"down":{"uv":[13.25,9.25,14.125,9],"texture":"#0"}}},{"from":[5,-0.42578,6.91406],"to":[12,9.57422,6.91406],"rotation":{"angle":22.5,"axis":"x","origin":[8.5,4.49644,9.00941]},"faces":{"north":{"uv":[14.125,8.875,15,10.125],"texture":"#0"}}},{"from":[6,-1.25493,11.83007],"to":[11,8.74507,12.83007],"rotation":{"angle":-22.5,"axis":"x","origin":[8.5,4.11879,10.92398]},"faces":{"north":{"uv":[15,9,15.625,10.25],"texture":"#0"},"east":{"uv":[13.25,7.625,13.375,8.875],"texture":"#0"},"south":{"uv":[15,9,15.625,10.25],"texture":"#0"},"west":{"uv":[13.25,7.625,13.375,8.875],"texture":"#0"},"down":{"uv":[13.25,8.75,14.125,8.875],"texture":"#0"}}}],"gui_light":"front","display":{"thirdperson_righthand":{"rotation":[75,45,0],"translation":[-1.25,3.25,4.25],"scale":[0.47266,0.47266,0.47266]},"thirdperson_lefthand":{"rotation":[75,45,0],"translation":[-1.25,3.25,4.25],"scale":[0.47266,0.47266,0.47266]},"firstperson_righthand":{"rotation":[0,75.75,0],"translation":[5.25,2.75,0.5],"scale":[0.4,0.4,0.4]},"firstperson_lefthand":{"rotation":[0,75.75,0],"translation":[5.25,2.75,0.25],"scale":[0.4,0.4,0.4]},"ground":{"translation":[0,6,0],"scale":[0.48828,0.48828,0.48828]},"gui":{"rotation":[30,225,0],"translation":[1.5,3.25,0],"scale":[1.23438,1.23438,1.23438]},"head":{"translation":[0,12.75,0],"scale":[0.79492,0.79492,0.79492]},"fixed":{"rotation":[-90,0,0],"translation":[0,0,-16],"scale":[2.00195,2.00195,2.00195]}},"mcmodels":"3fa274cd3aa7286fe3e7902f14a467d6"}