{"credit":"Made with Blockbench","texture_size":[128,128],"textures":{"0":"shizuart_furnitures:office_props/office_props","particle":"shizuart_furnitures:office_props/office_props"},"elements":[{"from":[4,0,2.5],"to":[12,1,13.5],"rotation":{"angle":0,"axis":"y","origin":[4,0,2.5]},"faces":{"north":{"uv":[14.875,3.875,15.875,4],"texture":"#0"},"east":{"uv":[15.75,4,15.875,2.625],"rotation":90,"texture":"#0"},"south":{"uv":[14.875,2.625,15.875,2.75],"texture":"#0"},"west":{"uv":[15.75,2.625,15.875,4],"rotation":90,"texture":"#0"},"up":{"uv":[14.875,4,15.875,2.625],"texture":"#0"},"down":{"uv":[14.875,2.625,15.875,4],"texture":"#0"}}},{"from":[5,1.05469,3.5],"to":[11,1.05469,12.5],"rotation":{"angle":0,"axis":"y","origin":[4,1.05469,2.5]},"faces":{"up":{"uv":[14,4.75,14.75,3.625],"texture":"#0"},"down":{"uv":[14,3.625,14.75,4.75],"texture":"#0"}}},{"from":[7,1.19042,11.46232],"to":[9,1.19042,13.46232],"rotation":{"angle":-22.5,"axis":"x","origin":[8,1.19042,11.96232]},"faces":{"up":{"uv":[13.625,3.875,13.875,3.625],"texture":"#0"},"down":{"uv":[13.625,3.625,13.875,3.875],"texture":"#0"}}}],"gui_light":"front","display":{"thirdperson_righthand":{"rotation":[-90,0,-180],"translation":[0,3,5],"scale":[0.58008,0.58008,0.58008]},"thirdperson_lefthand":{"rotation":[-90,0,-180],"translation":[0,3,5],"scale":[0.58008,0.58008,0.58008]},"firstperson_righthand":{"rotation":[-143.75,2.75,-180],"translation":[7.5,2.75,0.5],"scale":[0.51914,0.51914,0.51914]},"firstperson_lefthand":{"rotation":[-143.75,2.75,-180],"translation":[7.5,2.75,0.5],"scale":[0.51914,0.51914,0.51914]},"ground":{"translation":[0,2.75,0],"scale":[0.42188,0.42188,0.42188]},"gui":{"rotation":[30,225,0],"translation":[0,6,0],"scale":[1.09375,1.09375,1.09375]},"head":{"translation":[0,12.75,0],"scale":[0.79492,0.79492,0.79492]},"fixed":{"rotation":[-90,0,0],"translation":[0,0,-16],"scale":[2.00195,2.00195,2.00195]}},"mcmodels":"3fa274cd3aa7286fe3e7902f14a467d6"}