{"textures":{"0":"modelengine:entity/spike","particle":"#0"},"elements":[{"from":[2.933333,8.666667,18.933334],"to":[2.933333,9.666667,24.266666],"faces":{"east":{"uv":[10.5,5.0,8.5,5.375],"tintindex":0,"rotation":0,"texture":"#0"},"west":{"uv":[10.5,5.5,8.5,5.875],"tintindex":0,"rotation":0,"texture":"#0"}}},{"from":[2.933333,8.666667,24.266666],"to":[8.066667,9.666667,24.266666],"faces":{"south":{"uv":[9.875,9.0,8.0,9.375],"tintindex":0,"rotation":0,"texture":"#0"},"north":{"uv":[10.875,8.5,9.0,8.875],"tintindex":0,"rotation":0,"texture":"#0"}}},{"from":[2.933333,8.666667,18.933666],"to":[8.066667,9.666667,18.933666],"faces":{"south":{"uv":[1.875,9.25,0.0,9.625],"tintindex":0,"rotation":0,"texture":"#0"},"north":{"uv":[3.875,9.25,2.0,9.625],"tintindex":0,"rotation":0,"texture":"#0"}}},{"from":[8.066667,8.666667,18.933334],"to":[8.066667,9.666667,24.266666],"faces":{"east":{"uv":[10.5,4.0,8.5,4.375],"tintindex":0,"rotation":0,"texture":"#0"},"west":{"uv":[10.5,4.5,8.5,4.875],"tintindex":0,"rotation":0,"texture":"#0"}}}],"display":{"head":{"rotation":[0.0,0.0,0.0]},"firstperson_righthand":{"rotation":[0.0,0.0,0.0]},"thirdperson_lefthand":{"rotation":[0.0,0.0,0.0]},"firstperson_lefthand":{"rotation":[0.0,0.0,0.0]},"fixed":{"rotation":[0.0,0.0,0.0]},"ground":{"rotation":[0.0,0.0,0.0]},"thirdperson_righthand":{"rotation":[0.0,0.0,0.0]},"gui":{"rotation":[-150.0,-45.0,180.0]}}}