{"textures":{"0":"modelengine:entity/spike","particle":"#0"},"elements":[{"from":[8.400001,8.666667,18.933334],"to":[8.400001,9.666667,24.066668],"faces":{"east":{"uv":[10.375,6.0,8.5,6.375],"tintindex":0,"rotation":0,"texture":"#0"},"west":{"uv":[10.375,6.5,8.5,6.875],"tintindex":0,"rotation":0,"texture":"#0"}}},{"from":[3.2666664,8.666667,24.066668],"to":[8.400001,9.666667,24.066668],"faces":{"south":{"uv":[1.875,8.75,0.0,9.125],"tintindex":0,"rotation":0,"texture":"#0"},"north":{"uv":[3.875,8.75,2.0,9.125],"tintindex":0,"rotation":0,"texture":"#0"}}},{"from":[3.2666664,8.666667,18.933334],"to":[3.2666664,9.666667,24.066668],"faces":{"east":{"uv":[8.875,8.5,7.0,8.875],"tintindex":0,"rotation":0,"texture":"#0"},"west":{"uv":[10.375,7.0,8.5,7.375],"tintindex":0,"rotation":0,"texture":"#0"}}},{"from":[3.2666664,8.666667,18.933666],"to":[8.400001,9.666667,18.933666],"faces":{"south":{"uv":[5.875,9.0,4.0,9.375],"tintindex":0,"rotation":0,"texture":"#0"},"north":{"uv":[7.875,9.0,6.0,9.375],"tintindex":0,"rotation":0,"texture":"#0"}}}],"display":{"head":{"rotation":[0.0,0.0,0.0]},"firstperson_righthand":{"rotation":[0.0,0.0,0.0]},"thirdperson_lefthand":{"rotation":[0.0,0.0,0.0]},"firstperson_lefthand":{"rotation":[0.0,0.0,0.0]},"fixed":{"rotation":[0.0,0.0,0.0]},"ground":{"rotation":[0.0,0.0,0.0]},"thirdperson_righthand":{"rotation":[0.0,0.0,0.0]},"gui":{"rotation":[-150.0,-45.0,180.0]}}}