{"textures":{"0":"modelengine:entity/spike","particle":"#0"},"elements":[{"from":[13.066668,8.666667,18.933334],"to":[13.066668,9.666667,26.266668],"faces":{"east":{"uv":[0.0,8.25,2.75,8.625],"tintindex":0,"rotation":0,"texture":"#0"},"west":{"uv":[7.0,8.0,9.75,8.375],"tintindex":0,"rotation":0,"texture":"#0"}}},{"from":[7.933333,8.666667,18.933334],"to":[7.933333,9.666667,26.266668],"faces":{"east":{"uv":[0.0,7.75,2.75,8.125],"tintindex":0,"rotation":0,"texture":"#0"},"west":{"uv":[7.0,7.5,9.75,7.875],"tintindex":0,"rotation":0,"texture":"#0"}}},{"from":[7.933333,8.666667,26.266666],"to":[13.066668,9.666667,26.266666],"faces":{"south":{"uv":[4.0,9.5,5.875,9.875],"tintindex":0,"rotation":0,"texture":"#0"},"north":{"uv":[6.0,9.5,7.875,9.875],"tintindex":0,"rotation":0,"texture":"#0"}}},{"from":[7.933333,8.666667,18.933666],"to":[13.066668,9.666667,18.933666],"faces":{"south":{"uv":[8.0,9.5,9.875,9.875],"tintindex":0,"rotation":0,"texture":"#0"},"north":{"uv":[0.0,9.75,1.875,10.125],"tintindex":0,"rotation":0,"texture":"#0"}}}],"display":{"head":{"rotation":[0.0,0.0,0.0]},"firstperson_righthand":{"rotation":[0.0,0.0,0.0]},"thirdperson_lefthand":{"rotation":[0.0,0.0,0.0]},"firstperson_lefthand":{"rotation":[0.0,0.0,0.0]},"fixed":{"rotation":[0.0,0.0,0.0]},"ground":{"rotation":[0.0,0.0,0.0]},"thirdperson_righthand":{"rotation":[0.0,0.0,0.0]},"gui":{"rotation":[-150.0,-45.0,180.0]}}}