{"textures":{"0":"modelengine:entity/spike","particle":"#0"},"elements":[{"from":[13.066666,8.666667,-10.266668],"to":[13.066666,9.666667,-2.9333344],"faces":{"east":{"uv":[2.75,8.25,0.0,8.625],"tintindex":0,"rotation":0,"texture":"#0"},"west":{"uv":[9.75,8.0,7.0,8.375],"tintindex":0,"rotation":0,"texture":"#0"}}},{"from":[7.933333,8.666667,-10.266666],"to":[13.066666,9.666667,-10.266666],"faces":{"south":{"uv":[7.875,9.5,6.0,9.875],"tintindex":0,"rotation":0,"texture":"#0"},"north":{"uv":[5.875,9.5,4.0,9.875],"tintindex":0,"rotation":0,"texture":"#0"}}},{"from":[7.933333,8.666667,-10.266668],"to":[7.933333,9.666667,-2.9333344],"faces":{"east":{"uv":[2.75,7.75,0.0,8.125],"tintindex":0,"rotation":0,"texture":"#0"},"west":{"uv":[9.75,7.5,7.0,7.875],"tintindex":0,"rotation":0,"texture":"#0"}}},{"from":[7.933333,8.666667,-2.9336662],"to":[13.066666,9.666667,-2.9336662],"faces":{"south":{"uv":[1.875,9.75,0.0,10.125],"tintindex":0,"rotation":0,"texture":"#0"},"north":{"uv":[9.875,9.5,8.0,9.875],"tintindex":0,"rotation":0,"texture":"#0"}}}],"display":{"head":{"rotation":[0.0,0.0,0.0]},"firstperson_righthand":{"rotation":[0.0,0.0,0.0]},"thirdperson_lefthand":{"rotation":[0.0,0.0,0.0]},"firstperson_lefthand":{"rotation":[0.0,0.0,0.0]},"fixed":{"rotation":[0.0,0.0,0.0]},"ground":{"rotation":[0.0,0.0,0.0]},"thirdperson_righthand":{"rotation":[0.0,0.0,0.0]},"gui":{"rotation":[-150.0,-45.0,180.0]}}}