{"textures":{"0":"modelengine:entity/demon_knight","particle":"#0"},"elements":[{"from":[12.0,9.25,4.75],"to":[14.5,14.25,11.25],"faces":{"east":{"uv":[13.058824,11.235294,13.441176,11.529412],"tintindex":0,"rotation":0,"texture":"#0"},"south":{"uv":[13.470589,7.9411764,13.617647,8.235294],"tintindex":0,"rotation":0,"texture":"#0"},"north":{"uv":[13.470589,7.4117646,13.617647,7.7058825],"tintindex":0,"rotation":0,"texture":"#0"},"west":{"uv":[13.117647,7.117647,13.5,7.4117646],"tintindex":0,"rotation":0,"texture":"#0"},"up":{"uv":[11.735294,13.323529,11.588235,12.941176],"tintindex":0,"rotation":0,"texture":"#0"},"down":{"uv":[11.735294,13.3529415,11.588235,13.735294],"tintindex":0,"rotation":0,"texture":"#0"}},"rotation":{"origin":[13.25,12.0,8.0],"angle":22.5,"axis":"z"}},{"from":[1.3086581,3.5873108,5.0],"to":[3.3086581,10.587311,10.9],"faces":{"east":{"uv":[13.117647,5.882353,13.470589,6.2941175],"tintindex":0,"rotation":0,"texture":"#0"},"south":{"uv":[7.2352943,13.470589,7.352941,13.882353],"tintindex":0,"rotation":0,"texture":"#0"},"north":{"uv":[7.117647,13.470589,7.2352943,13.882353],"tintindex":0,"rotation":0,"texture":"#0"},"west":{"uv":[13.117647,6.2941175,13.470589,6.7058825],"tintindex":0,"rotation":0,"texture":"#0"},"up":{"uv":[10.058824,13.823529,9.941176,13.470589],"tintindex":0,"rotation":0,"texture":"#0"},"down":{"uv":[10.176471,13.470589,10.058824,13.823529],"tintindex":0,"rotation":0,"texture":"#0"}}},{"from":[12.691341,3.5873108,5.0],"to":[14.691341,10.587311,10.9],"faces":{"east":{"uv":[13.117647,5.0588236,13.470589,5.470588],"tintindex":0,"rotation":0,"texture":"#0"},"south":{"uv":[7.0,13.470589,7.117647,13.882353],"tintindex":0,"rotation":0,"texture":"#0"},"north":{"uv":[6.882353,13.470589,7.0,13.882353],"tintindex":0,"rotation":0,"texture":"#0"},"west":{"uv":[13.117647,5.470588,13.470589,5.882353],"tintindex":0,"rotation":0,"texture":"#0"},"up":{"uv":[9.941176,13.823529,9.823529,13.470589],"tintindex":0,"rotation":0,"texture":"#0"},"down":{"uv":[13.588235,9.823529,13.470589,10.176471],"tintindex":0,"rotation":0,"texture":"#0"}}},{"from":[1.5,9.25,4.75],"to":[4.0,14.25,11.25],"faces":{"east":{"uv":[5.9411764,13.176471,6.3235292,13.470589],"tintindex":0,"rotation":0,"texture":"#0"},"south":{"uv":[9.6470585,13.470589,9.794118,13.764706],"tintindex":0,"rotation":0,"texture":"#0"},"north":{"uv":[13.470589,8.235294,13.617647,8.529412],"tintindex":0,"rotation":0,"texture":"#0"},"west":{"uv":[6.352941,13.176471,6.7352943,13.470589],"tintindex":0,"rotation":0,"texture":"#0"},"up":{"uv":[2.2058823,13.8529415,2.0588236,13.470589],"tintindex":0,"rotation":0,"texture":"#0"},"down":{"uv":[13.617647,4.5882354,13.470589,4.970588],"tintindex":0,"rotation":0,"texture":"#0"}},"rotation":{"origin":[2.75,12.0,8.0],"angle":-22.5,"axis":"z"}},{"from":[3.25,6.5,5.0],"to":[12.75,13.5,11.0],"faces":{"east":{"uv":[13.117647,4.2352943,13.470589,4.647059],"tintindex":0,"rotation":0,"texture":"#0"},"south":{"uv":[12.588235,8.3529415,13.1470585,8.764706],"tintindex":0,"rotation":0,"texture":"#0"},"north":{"uv":[12.588235,7.9411764,13.1470585,8.3529415],"tintindex":0,"rotation":0,"texture":"#0"},"west":{"uv":[13.117647,4.647059,13.470589,5.0588236],"tintindex":0,"rotation":0,"texture":"#0"},"up":{"uv":[13.323529,1.7058823,12.764706,1.3529412],"tintindex":0,"rotation":0,"texture":"#0"},"down":{"uv":[2.382353,12.764706,1.8235294,13.117647],"tintindex":0,"rotation":0,"texture":"#0"}}}],"display":{"head":{"rotation":[0.0,0.0,0.0]},"firstperson_righthand":{"rotation":[0.0,0.0,0.0]},"thirdperson_lefthand":{"rotation":[0.0,0.0,0.0]},"firstperson_lefthand":{"rotation":[0.0,0.0,0.0]},"fixed":{"rotation":[0.0,0.0,0.0]},"ground":{"rotation":[0.0,0.0,0.0]},"thirdperson_righthand":{"rotation":[0.0,0.0,0.0]},"gui":{"rotation":[-150.0,-45.0,180.0]}}}