{"textures":{"0":"modelengine:entity/demon_knight","particle":"#0"},"elements":[{"from":[8.0,7.823654,-15.056997],"to":[8.0,16.323654,29.943003],"faces":{"east":{"uv":[11.117647,1.7647059,13.764706,2.264706],"tintindex":0,"rotation":0,"texture":"#0"},"west":{"uv":[11.117647,2.2941177,13.764706,2.7941177],"tintindex":0,"rotation":0,"texture":"#0"}}},{"from":[2.5,7.823654,3.9430027],"to":[13.5,16.323654,10.943003],"faces":{"east":{"uv":[1.0,12.764706,1.4117647,13.264706],"tintindex":0,"rotation":0,"texture":"#0"},"south":{"uv":[12.294118,7.4117646,12.941176,7.9117646],"tintindex":0,"rotation":0,"texture":"#0"},"north":{"uv":[11.117647,10.411765,11.764706,10.911765],"tintindex":0,"rotation":0,"texture":"#0"},"west":{"uv":[1.4117647,12.764706,1.8235294,13.264706],"tintindex":0,"rotation":0,"texture":"#0"},"up":{"uv":[12.941176,10.235294,12.294118,9.823529],"tintindex":0,"rotation":0,"texture":"#0"},"down":{"uv":[11.764706,12.529412,11.117647,12.941176],"tintindex":0,"rotation":0,"texture":"#0"}}}],"display":{"head":{"rotation":[0.0,0.0,0.0]},"firstperson_righthand":{"rotation":[0.0,0.0,0.0]},"thirdperson_lefthand":{"rotation":[0.0,0.0,0.0]},"firstperson_lefthand":{"rotation":[0.0,0.0,0.0]},"fixed":{"rotation":[0.0,0.0,0.0]},"ground":{"rotation":[0.0,0.0,0.0]},"thirdperson_righthand":{"rotation":[0.0,0.0,0.0]},"gui":{"rotation":[-150.0,-45.0,180.0]}}}