{"textures":{"0":"modelengine:entity/demon_knight","particle":"#0"},"elements":[{"from":[12.74975,3.75,3.25],"to":[12.74975,18.25,12.75],"faces":{"east":{"uv":[12.117647,11.3529415,12.676471,12.205882],"tintindex":0,"rotation":0,"texture":"#0"},"west":{"uv":[12.117647,12.235294,12.676471,13.088235],"tintindex":0,"rotation":0,"texture":"#0"}}},{"from":[3.2497501,3.75,3.25],"to":[12.74975,18.25,3.25],"faces":{"south":{"uv":[12.117647,10.470589,12.676471,11.323529],"tintindex":0,"rotation":0,"texture":"#0"},"north":{"uv":[11.117647,9.529412,11.676471,10.382353],"tintindex":0,"rotation":0,"texture":"#0"}}},{"from":[3.25075,3.75,12.75],"to":[12.75075,18.25,12.75],"faces":{"south":{"uv":[12.294118,4.764706,12.8529415,5.617647],"tintindex":0,"rotation":0,"texture":"#0"},"north":{"uv":[12.294118,3.882353,12.8529415,4.7352943],"tintindex":0,"rotation":0,"texture":"#0"}}},{"from":[3.2497501,3.75,3.25],"to":[3.2497501,18.25,12.75],"faces":{"east":{"uv":[12.294118,5.647059,12.8529415,6.5],"tintindex":0,"rotation":0,"texture":"#0"},"west":{"uv":[12.294118,6.529412,12.8529415,7.382353],"tintindex":0,"rotation":0,"texture":"#0"}}}],"display":{"head":{"rotation":[0.0,0.0,0.0]},"firstperson_righthand":{"rotation":[0.0,0.0,0.0]},"thirdperson_lefthand":{"rotation":[0.0,0.0,0.0]},"firstperson_lefthand":{"rotation":[0.0,0.0,0.0]},"fixed":{"rotation":[0.0,0.0,0.0]},"ground":{"rotation":[0.0,0.0,0.0]},"thirdperson_righthand":{"rotation":[0.0,0.0,0.0]},"gui":{"rotation":[-150.0,-45.0,180.0]}}}