{"textures":{"0":"modelengine:entity/demon_knight","particle":"#0"},"elements":[{"from":[6.1,4.5,2.0],"to":[9.9,7.5,8.0],"faces":{"east":{"uv":[13.470589,4.2352943,13.823529,4.4117646],"tintindex":0,"rotation":0,"texture":"#0"},"south":{"uv":[10.6470585,13.470589,10.882353,13.6470585],"tintindex":0,"rotation":0,"texture":"#0"},"north":{"uv":[10.411765,13.470589,10.6470585,13.6470585],"tintindex":0,"rotation":0,"texture":"#0"},"west":{"uv":[13.470589,4.4117646,13.823529,4.5882354],"tintindex":0,"rotation":0,"texture":"#0"},"up":{"uv":[3.5294118,13.588235,3.2941177,13.235294],"tintindex":0,"rotation":0,"texture":"#0"},"down":{"uv":[3.764706,13.235294,3.5294118,13.588235],"tintindex":0,"rotation":0,"texture":"#0"}},"rotation":{"origin":[8.0,6.0,5.0],"angle":-22.5,"axis":"x"}}],"display":{"head":{"rotation":[0.0,0.0,0.0]},"firstperson_righthand":{"rotation":[0.0,0.0,0.0]},"thirdperson_lefthand":{"rotation":[0.0,0.0,0.0]},"firstperson_lefthand":{"rotation":[0.0,0.0,0.0]},"fixed":{"rotation":[0.0,0.0,0.0]},"ground":{"rotation":[0.0,0.0,0.0]},"thirdperson_righthand":{"rotation":[0.0,0.0,0.0]},"gui":{"rotation":[-150.0,-45.0,180.0]}}}