{"textures":{"0":"modelengine:entity/demon_knight","particle":"#0"},"elements":[{"from":[1.75,1.75,5.625],"to":[6.75,6.75,10.125],"faces":{"east":{"uv":[1.4705882,13.294118,1.7352941,13.588235],"tintindex":0,"rotation":0,"texture":"#0"},"south":{"uv":[13.235294,0.29411766,13.529412,0.5882353],"tintindex":0,"rotation":0,"texture":"#0"},"north":{"uv":[13.235294,0.0,13.529412,0.29411766],"tintindex":0,"rotation":0,"texture":"#0"},"west":{"uv":[13.294118,8.529412,13.558824,8.823529],"tintindex":0,"rotation":0,"texture":"#0"},"up":{"uv":[13.588235,9.088235,13.294118,8.823529],"tintindex":0,"rotation":0,"texture":"#0"},"down":{"uv":[13.588235,9.117647,13.294118,9.382353],"tintindex":0,"rotation":0,"texture":"#0"}},"rotation":{"origin":[4.0,3.25,7.875],"angle":22.5,"axis":"z"}},{"from":[4.0,-1.25,5.875],"to":[8.0,9.75,9.875],"faces":{"east":{"uv":[12.941176,13.0,13.176471,13.6470585],"tintindex":0,"rotation":0,"texture":"#0"},"south":{"uv":[13.058824,8.764706,13.294118,9.411765],"tintindex":0,"rotation":0,"texture":"#0"},"north":{"uv":[13.0,0.0,13.235294,0.64705884],"tintindex":0,"rotation":0,"texture":"#0"},"west":{"uv":[13.058824,10.176471,13.294118,10.823529],"tintindex":0,"rotation":0,"texture":"#0"},"up":{"uv":[6.647059,13.705882,6.4117646,13.470589],"tintindex":0,"rotation":0,"texture":"#0"},"down":{"uv":[13.705882,6.4117646,13.470589,6.647059],"tintindex":0,"rotation":0,"texture":"#0"}}},{"from":[1.0,4.75,4.875],"to":[8.0,11.75,10.875],"faces":{"east":{"uv":[13.117647,6.7058825,13.470589,7.117647],"tintindex":0,"rotation":0,"texture":"#0"},"south":{"uv":[6.470588,12.764706,6.882353,13.176471],"tintindex":0,"rotation":0,"texture":"#0"},"north":{"uv":[6.0588236,12.764706,6.470588,13.176471],"tintindex":0,"rotation":0,"texture":"#0"},"west":{"uv":[12.117647,13.117647,12.470589,13.529412],"tintindex":0,"rotation":0,"texture":"#0"},"up":{"uv":[12.882353,13.470589,12.470589,13.117647],"tintindex":0,"rotation":0,"texture":"#0"},"down":{"uv":[0.88235295,13.176471,0.47058824,13.529412],"tintindex":0,"rotation":0,"texture":"#0"}},"rotation":{"origin":[5.5,7.25,7.875],"angle":-22.5,"axis":"z"}},{"from":[0.75,-1.25,5.375],"to":[5.75,3.25,10.375],"faces":{"east":{"uv":[13.294118,10.470589,13.588235,10.735294],"tintindex":0,"rotation":0,"texture":"#0"},"south":{"uv":[13.3529415,1.1764706,13.6470585,1.4411765],"tintindex":0,"rotation":0,"texture":"#0"},"north":{"uv":[13.294118,10.176471,13.588235,10.441176],"tintindex":0,"rotation":0,"texture":"#0"},"west":{"uv":[13.3529415,1.4705882,13.6470585,1.7352941],"tintindex":0,"rotation":0,"texture":"#0"},"up":{"uv":[2.5294118,13.529412,2.235294,13.235294],"tintindex":0,"rotation":0,"texture":"#0"},"down":{"uv":[2.8235295,13.235294,2.5294118,13.529412],"tintindex":0,"rotation":0,"texture":"#0"}},"rotation":{"origin":[4.0,3.25,7.875],"angle":22.5,"axis":"z"}},{"from":[-11.172096,2.9668312,7.875],"to":[4.8279037,16.966831,7.875],"faces":{"south":{"uv":[11.117647,8.705882,12.058824,9.529412],"tintindex":0,"rotation":0,"texture":"#0"},"north":{"uv":[11.117647,7.882353,12.058824,8.705882],"tintindex":0,"rotation":0,"texture":"#0"}}}],"display":{"head":{"rotation":[0.0,0.0,0.0]},"firstperson_righthand":{"rotation":[0.0,0.0,0.0]},"thirdperson_lefthand":{"rotation":[0.0,0.0,0.0]},"firstperson_lefthand":{"rotation":[0.0,0.0,0.0]},"fixed":{"rotation":[0.0,0.0,0.0]},"ground":{"rotation":[0.0,0.0,0.0]},"thirdperson_righthand":{"rotation":[0.0,0.0,0.0]},"gui":{"rotation":[-150.0,-45.0,180.0]}}}