{"textures":{"0":"modelengine:entity/demon_knight","particle":"#0"},"elements":[{"from":[5.5,-5.5,5.5],"to":[10.5,10.5,10.5],"faces":{"east":{"uv":[10.235294,12.529412,10.529412,13.470589],"tintindex":0,"rotation":0,"texture":"#0"},"south":{"uv":[10.529412,12.529412,10.823529,13.470589],"tintindex":0,"rotation":0,"texture":"#0"},"north":{"uv":[9.941176,12.529412,10.235294,13.470589],"tintindex":0,"rotation":0,"texture":"#0"},"west":{"uv":[10.823529,12.529412,11.117647,13.470589],"tintindex":0,"rotation":0,"texture":"#0"},"up":{"uv":[13.470589,13.176471,13.176471,12.882353],"tintindex":0,"rotation":0,"texture":"#0"},"down":{"uv":[13.470589,13.176471,13.176471,13.470589],"tintindex":0,"rotation":0,"texture":"#0"}}}],"display":{"head":{"rotation":[0.0,0.0,0.0]},"firstperson_righthand":{"rotation":[0.0,0.0,0.0]},"thirdperson_lefthand":{"rotation":[0.0,0.0,0.0]},"firstperson_lefthand":{"rotation":[0.0,0.0,0.0]},"fixed":{"rotation":[0.0,0.0,0.0]},"ground":{"rotation":[0.0,0.0,0.0]},"thirdperson_righthand":{"rotation":[0.0,0.0,0.0]},"gui":{"rotation":[-150.0,-45.0,180.0]}}}