{"textures":{"0":"modelengine:entity/demon_knight","particle":"#0"},"elements":[{"from":[6.0,-6.75,6.0],"to":[10.0,9.25,10.0],"faces":{"east":{"uv":[12.588235,8.764706,12.823529,9.705882],"tintindex":0,"rotation":0,"texture":"#0"},"south":{"uv":[12.705882,10.235294,12.941176,11.176471],"tintindex":0,"rotation":0,"texture":"#0"},"north":{"uv":[11.764706,12.529412,12.0,13.470589],"tintindex":0,"rotation":0,"texture":"#0"},"west":{"uv":[12.705882,11.176471,12.941176,12.117647],"tintindex":0,"rotation":0,"texture":"#0"},"up":{"uv":[13.705882,5.7058825,13.470589,5.470588],"tintindex":0,"rotation":0,"texture":"#0"},"down":{"uv":[13.705882,5.7058825,13.470589,5.9411764],"tintindex":0,"rotation":0,"texture":"#0"}}}],"display":{"head":{"rotation":[0.0,0.0,0.0]},"firstperson_righthand":{"rotation":[0.0,0.0,0.0]},"thirdperson_lefthand":{"rotation":[0.0,0.0,0.0]},"firstperson_lefthand":{"rotation":[0.0,0.0,0.0]},"fixed":{"rotation":[0.0,0.0,0.0]},"ground":{"rotation":[0.0,0.0,0.0]},"thirdperson_righthand":{"rotation":[0.0,0.0,0.0]},"gui":{"rotation":[-150.0,-45.0,180.0]}}}