{"textures":{"0":"modelengine:entity/demon_knight","particle":"#0"},"elements":[{"from":[6.0,-3.5,6.0],"to":[10.0,8.5,10.0],"faces":{"east":{"uv":[7.117647,12.764706,7.352941,13.470589],"tintindex":0,"rotation":0,"texture":"#0"},"south":{"uv":[12.823529,8.764706,13.058824,9.470589],"tintindex":0,"rotation":0,"texture":"#0"},"north":{"uv":[6.882353,12.764706,7.117647,13.470589],"tintindex":0,"rotation":0,"texture":"#0"},"west":{"uv":[12.882353,3.882353,13.117647,4.5882354],"tintindex":0,"rotation":0,"texture":"#0"},"up":{"uv":[6.1764708,13.705882,5.9411764,13.470589],"tintindex":0,"rotation":0,"texture":"#0"},"down":{"uv":[13.705882,5.9411764,13.470589,6.1764708],"tintindex":0,"rotation":0,"texture":"#0"}}}],"display":{"head":{"rotation":[0.0,0.0,0.0]},"firstperson_righthand":{"rotation":[0.0,0.0,0.0]},"thirdperson_lefthand":{"rotation":[0.0,0.0,0.0]},"firstperson_lefthand":{"rotation":[0.0,0.0,0.0]},"fixed":{"rotation":[0.0,0.0,0.0]},"ground":{"rotation":[0.0,0.0,0.0]},"thirdperson_righthand":{"rotation":[0.0,0.0,0.0]},"gui":{"rotation":[-150.0,-45.0,180.0]}}}