{"textures":{"0":"modelengine:entity/knight","particle":"#0"},"elements":[{"from":[7.8685904,4.4124603,6.45715],"to":[8.968591,5.062461,7.1571503],"faces":{"east":{"uv":[14.875,7.5,14.75,7.375],"tintindex":0,"rotation":90,"texture":"#0"},"south":{"uv":[14.75,6.75,14.875,6.875],"tintindex":0,"rotation":90,"texture":"#0"},"north":{"uv":[14.75,6.5,14.875,6.625],"tintindex":0,"rotation":270,"texture":"#0"},"west":{"uv":[7.75,14.75,7.625,14.875],"tintindex":0,"rotation":90,"texture":"#0"},"up":{"uv":[7.25,14.75,7.375,14.875],"tintindex":0,"rotation":90,"texture":"#0"},"down":{"uv":[14.75,6.625,14.875,6.75],"tintindex":0,"rotation":90,"texture":"#0"}},"rotation":{"origin":[8.093591,5.3499603,8.40715],"angle":-45.0,"axis":"z"}},{"from":[8.36859,4.9624596,8.05715],"to":[9.01859,5.862461,8.75715],"faces":{"east":{"uv":[14.75,12.5,14.875,12.625],"tintindex":0,"rotation":0,"texture":"#0"},"south":{"uv":[12.625,14.75,12.75,14.875],"tintindex":0,"rotation":0,"texture":"#0"},"north":{"uv":[12.5,14.75,12.625,14.875],"tintindex":0,"rotation":0,"texture":"#0"},"west":{"uv":[14.75,12.625,14.875,12.75],"tintindex":0,"rotation":0,"texture":"#0"},"up":{"uv":[12.875,14.875,12.75,14.75],"tintindex":0,"rotation":0,"texture":"#0"},"down":{"uv":[14.875,12.75,14.75,12.875],"tintindex":0,"rotation":0,"texture":"#0"}},"rotation":{"origin":[8.093591,5.3499603,8.40715],"angle":-45.0,"axis":"z"}},{"from":[8.36859,4.9624596,7.2571497],"to":[9.01859,5.862461,7.95715],"faces":{"east":{"uv":[10.125,14.75,10.25,14.875],"tintindex":0,"rotation":0,"texture":"#0"},"south":{"uv":[10.25,14.75,10.375,14.875],"tintindex":0,"rotation":0,"texture":"#0"},"north":{"uv":[14.75,9.875,14.875,10.0],"tintindex":0,"rotation":0,"texture":"#0"},"west":{"uv":[14.75,10.25,14.875,10.375],"tintindex":0,"rotation":0,"texture":"#0"},"up":{"uv":[14.875,10.5,14.75,10.375],"tintindex":0,"rotation":0,"texture":"#0"},"down":{"uv":[14.875,10.5,14.75,10.625],"tintindex":0,"rotation":0,"texture":"#0"}},"rotation":{"origin":[8.093591,5.3499603,8.40715],"angle":-45.0,"axis":"z"}},{"from":[7.1685905,4.4624596,7.2571497],"to":[7.81859,5.362461,7.95715],"faces":{"east":{"uv":[12.125,14.75,12.25,14.875],"tintindex":0,"rotation":0,"texture":"#0"},"south":{"uv":[14.75,12.125,14.875,12.25],"tintindex":0,"rotation":0,"texture":"#0"},"north":{"uv":[14.75,12.0,14.875,12.125],"tintindex":0,"rotation":0,"texture":"#0"},"west":{"uv":[12.25,14.75,12.375,14.875],"tintindex":0,"rotation":0,"texture":"#0"},"up":{"uv":[14.875,12.375,14.75,12.25],"tintindex":0,"rotation":0,"texture":"#0"},"down":{"uv":[12.5,14.75,12.375,14.875],"tintindex":0,"rotation":0,"texture":"#0"}},"rotation":{"origin":[8.093591,5.3499603,8.40715],"angle":-45.0,"axis":"z"}},{"from":[7.1685905,4.56246,8.85715],"to":[7.81859,5.362461,9.55715],"faces":{"east":{"uv":[14.75,10.875,14.875,11.0],"tintindex":0,"rotation":0,"texture":"#0"},"south":{"uv":[14.75,11.0,14.875,11.125],"tintindex":0,"rotation":0,"texture":"#0"},"north":{"uv":[14.75,10.75,14.875,10.875],"tintindex":0,"rotation":0,"texture":"#0"},"west":{"uv":[11.125,14.75,11.25,14.875],"tintindex":0,"rotation":0,"texture":"#0"},"up":{"uv":[14.875,11.25,14.75,11.125],"tintindex":0,"rotation":0,"texture":"#0"},"down":{"uv":[11.375,14.75,11.25,14.875],"tintindex":0,"rotation":0,"texture":"#0"}},"rotation":{"origin":[8.093591,5.3499603,8.40715],"angle":-45.0,"axis":"z"}},{"from":[7.1685905,4.56246,6.45715],"to":[7.81859,5.362461,7.1571503],"faces":{"east":{"uv":[11.375,14.75,11.5,14.875],"tintindex":0,"rotation":0,"texture":"#0"},"south":{"uv":[14.75,11.375,14.875,11.5],"tintindex":0,"rotation":0,"texture":"#0"},"north":{"uv":[14.75,11.25,14.875,11.375],"tintindex":0,"rotation":0,"texture":"#0"},"west":{"uv":[11.5,14.75,11.625,14.875],"tintindex":0,"rotation":0,"texture":"#0"},"up":{"uv":[14.875,11.625,14.75,11.5],"tintindex":0,"rotation":0,"texture":"#0"},"down":{"uv":[11.75,14.75,11.625,14.875],"tintindex":0,"rotation":0,"texture":"#0"}},"rotation":{"origin":[8.093591,5.3499603,8.40715],"angle":-45.0,"axis":"z"}},{"from":[7.6685915,4.4124603,7.2571497],"to":[8.86859,5.062461,7.95715],"faces":{"east":{"uv":[14.875,8.25,14.75,8.125],"tintindex":0,"rotation":90,"texture":"#0"},"south":{"uv":[8.0,14.75,8.125,14.875],"tintindex":0,"rotation":90,"texture":"#0"},"north":{"uv":[7.75,14.75,7.875,14.875],"tintindex":0,"rotation":270,"texture":"#0"},"west":{"uv":[8.5,14.75,8.375,14.875],"tintindex":0,"rotation":90,"texture":"#0"},"up":{"uv":[14.75,8.0,14.875,8.125],"tintindex":0,"rotation":90,"texture":"#0"},"down":{"uv":[7.875,14.75,8.0,14.875],"tintindex":0,"rotation":90,"texture":"#0"}},"rotation":{"origin":[8.093591,5.3499603,8.40715],"angle":-45.0,"axis":"z"}},{"from":[8.36859,5.06246,6.45715],"to":[9.01859,5.862461,7.1571503],"faces":{"east":{"uv":[14.75,12.875,14.875,13.0],"tintindex":0,"rotation":0,"texture":"#0"},"south":{"uv":[13.0,14.75,13.125,14.875],"tintindex":0,"rotation":0,"texture":"#0"},"north":{"uv":[12.875,14.75,13.0,14.875],"tintindex":0,"rotation":0,"texture":"#0"},"west":{"uv":[14.75,13.0,14.875,13.125],"tintindex":0,"rotation":0,"texture":"#0"},"up":{"uv":[13.25,14.875,13.125,14.75],"tintindex":0,"rotation":0,"texture":"#0"},"down":{"uv":[14.875,13.125,14.75,13.25],"tintindex":0,"rotation":0,"texture":"#0"}},"rotation":{"origin":[8.093591,5.3499603,8.40715],"angle":-45.0,"axis":"z"}},{"from":[7.8685904,4.4124603,8.85715],"to":[8.968591,5.062461,9.55715],"faces":{"east":{"uv":[14.875,9.875,14.75,9.75],"tintindex":0,"rotation":90,"texture":"#0"},"south":{"uv":[9.625,14.75,9.75,14.875],"tintindex":0,"rotation":90,"texture":"#0"},"north":{"uv":[14.75,9.375,14.875,9.5],"tintindex":0,"rotation":270,"texture":"#0"},"west":{"uv":[10.0,14.75,9.875,14.875],"tintindex":0,"rotation":90,"texture":"#0"},"up":{"uv":[9.75,14.75,9.875,14.875],"tintindex":0,"rotation":90,"texture":"#0"},"down":{"uv":[9.5,14.75,9.625,14.875],"tintindex":0,"rotation":90,"texture":"#0"}},"rotation":{"origin":[8.093591,5.3499603,8.40715],"angle":-45.0,"axis":"z"}},{"from":[7.31859,6.362461,6.35715],"to":[8.468591,8.362461,9.55715],"faces":{"east":{"uv":[0.625,13.625,1.0,13.875],"tintindex":0,"rotation":0,"texture":"#0"},"south":{"uv":[5.25,14.625,5.375,14.875],"tintindex":0,"rotation":0,"texture":"#0"},"north":{"uv":[5.0,14.625,5.125,14.875],"tintindex":0,"rotation":0,"texture":"#0"},"west":{"uv":[1.5,13.625,1.875,13.875],"tintindex":0,"rotation":0,"texture":"#0"},"up":{"uv":[1.375,14.875,1.25,14.5],"tintindex":0,"rotation":0,"texture":"#0"},"down":{"uv":[1.5,14.5,1.375,14.875],"tintindex":0,"rotation":0,"texture":"#0"}},"rotation":{"origin":[8.69359,7.362461,7.95715],"angle":45.0,"axis":"z"}},{"from":[8.11859,5.362461,6.35715],"to":[9.26859,6.362461,9.55715],"faces":{"east":{"uv":[6.0,14.5,6.375,14.625],"tintindex":0,"rotation":0,"texture":"#0"},"south":{"uv":[5.875,14.75,6.0,14.875],"tintindex":0,"rotation":0,"texture":"#0"},"north":{"uv":[14.75,5.75,14.875,5.875],"tintindex":0,"rotation":0,"texture":"#0"},"west":{"uv":[14.5,6.0,14.875,6.125],"tintindex":0,"rotation":0,"texture":"#0"},"up":{"uv":[0.5,14.875,0.375,14.5],"tintindex":0,"rotation":0,"texture":"#0"},"down":{"uv":[0.625,14.5,0.5,14.875],"tintindex":0,"rotation":0,"texture":"#0"}}},{"from":[7.6685915,4.4124603,8.05715],"to":[8.86859,5.062461,8.75715],"faces":{"east":{"uv":[9.125,14.875,9.0,14.75],"tintindex":0,"rotation":90,"texture":"#0"},"south":{"uv":[14.75,8.625,14.875,8.75],"tintindex":0,"rotation":90,"texture":"#0"},"north":{"uv":[8.5,14.75,8.625,14.875],"tintindex":0,"rotation":270,"texture":"#0"},"west":{"uv":[14.875,9.25,14.75,9.375],"tintindex":0,"rotation":90,"texture":"#0"},"up":{"uv":[8.875,14.75,9.0,14.875],"tintindex":0,"rotation":90,"texture":"#0"},"down":{"uv":[8.625,14.75,8.75,14.875],"tintindex":0,"rotation":90,"texture":"#0"}},"rotation":{"origin":[8.093591,5.3499603,8.40715],"angle":-45.0,"axis":"z"}},{"from":[8.36859,5.06246,8.85715],"to":[9.01859,5.862461,9.55715],"faces":{"east":{"uv":[6.125,14.75,6.25,14.875],"tintindex":0,"rotation":0,"texture":"#0"},