{"textures":{"0":"modelengine:entity/demon_knight","particle":"#0"},"elements":[{"from":[3.75,7.0,5.25],"to":[12.25,14.0,10.75],"faces":{"east":{"uv":[5.2352943,13.176471,5.5588236,13.588235],"tintindex":0,"rotation":0,"texture":"#0"},"south":{"uv":[12.764706,0.9411765,13.264706,1.3529412],"tintindex":0,"rotation":0,"texture":"#0"},"north":{"uv":[0.47058824,12.764706,0.97058827,13.176471],"tintindex":0,"rotation":0,"texture":"#0"},"west":{"uv":[5.5882354,13.176471,5.9117646,13.588235],"tintindex":0,"rotation":0,"texture":"#0"},"up":{"uv":[13.441176,7.7352943,12.941176,7.4117646],"tintindex":0,"rotation":0,"texture":"#0"},"down":{"uv":[13.441176,9.823529,12.941176,10.1470585],"tintindex":0,"rotation":0,"texture":"#0"}}}],"display":{"head":{"rotation":[0.0,0.0,0.0]},"firstperson_righthand":{"rotation":[0.0,0.0,0.0]},"thirdperson_lefthand":{"rotation":[0.0,0.0,0.0]},"firstperson_lefthand":{"rotation":[0.0,0.0,0.0]},"fixed":{"rotation":[0.0,0.0,0.0]},"ground":{"rotation":[0.0,0.0,0.0]},"thirdperson_righthand":{"rotation":[0.0,0.0,0.0]},"gui":{"rotation":[-150.0,-45.0,180.0]}}}