{"textures":{"0":"modelengine:entity/demon_knight","particle":"#0"},"elements":[{"from":[5.0,7.611111,6.7222223],"to":[11.0,8.444445,7.388889],"faces":{"east":{"uv":[6.764706,13.176471,6.882353,13.323529],"tintindex":0,"rotation":0,"texture":"#0"},"south":{"uv":[12.941176,11.529412,14.0,11.676471],"tintindex":0,"rotation":0,"texture":"#0"},"north":{"uv":[12.941176,7.764706,14.0,7.9117646],"tintindex":0,"rotation":0,"texture":"#0"},"west":{"uv":[13.176471,8.529412,13.294118,8.676471],"tintindex":0,"rotation":0,"texture":"#0"},"up":{"uv":[14.058824,0.7647059,13.0,0.64705884],"tintindex":0,"rotation":0,"texture":"#0"},"down":{"uv":[14.058824,0.7647059,13.0,0.88235295],"tintindex":0,"rotation":0,"texture":"#0"}}},{"from":[7.4166665,7.777778,-11.777779],"to":[8.583333,8.111112,6.7222223],"faces":{"east":{"uv":[12.588235,9.705882,15.8529415,9.764706],"tintindex":0,"rotation":0,"texture":"#0"},"south":{"uv":[12.294118,10.411765,12.5,10.470589],"tintindex":0,"rotation":0,"texture":"#0"},"north":{"uv":[11.764706,10.882353,11.970589,10.941176],"tintindex":0,"rotation":0,"texture":"#0"},"west":{"uv":[12.588235,9.764706,15.8529415,9.823529],"tintindex":0,"rotation":0,"texture":"#0"},"up":{"uv":[12.264706,7.147059,12.058824,3.882353],"tintindex":0,"rotation":0,"texture":"#0"},"down":{"uv":[12.264706,7.1764708,12.058824,10.441176],"tintindex":0,"rotation":0,"texture":"#0"}}},{"from":[4.9166665,7.9444447,-13.277779],"to":[11.083334,7.9444447,6.7222223],"faces":{"up":{"uv":[8.5,14.470589,7.4117646,10.941176],"tintindex":0,"rotation":0,"texture":"#0"},"down":{"uv":[9.617647,10.941176,8.529412,14.470589],"tintindex":0,"rotation":0,"texture":"#0"}}},{"from":[7.6666665,7.6944447,7.388889],"to":[8.333333,8.361112,15.055556],"faces":{"east":{"uv":[12.823529,9.470589,14.176471,9.588235],"tintindex":0,"rotation":0,"texture":"#0"},"south":{"uv":[0.88235295,13.176471,1.0,13.294118],"tintindex":0,"rotation":0,"texture":"#0"},"north":{"uv":[2.235294,13.117647,2.3529413,13.235294],"tintindex":0,"rotation":0,"texture":"#0"},"west":{"uv":[12.823529,9.588235,14.176471,9.705882],"tintindex":0,"rotation":0,"texture":"#0"},"up":{"uv":[12.117647,13.882353,12.0,12.529412],"tintindex":0,"rotation":0,"texture":"#0"},"down":{"uv":[13.058824,10.176471,12.941176,11.529412],"tintindex":0,"rotation":0,"texture":"#0"}}}],"display":{"head":{"rotation":[0.0,0.0,0.0]},"firstperson_righthand":{"rotation":[0.0,0.0,0.0]},"thirdperson_lefthand":{"rotation":[0.0,0.0,0.0]},"firstperson_lefthand":{"rotation":[0.0,0.0,0.0]},"fixed":{"rotation":[0.0,0.0,0.0]},"ground":{"rotation":[0.0,0.0,0.0]},"thirdperson_righthand":{"rotation":[0.0,0.0,0.0]},"gui":{"rotation":[-150.0,-45.0,180.0]}}}