{"textures":{"0":"modelengine:entity/knight","particle":"#0"},"elements":[{"from":[-0.20863724,8.256534,7.5876503],"to":[0.8913622,9.081531,8.46765],"faces":{"east":{"uv":[12.125,14.875,12.25,15.0],"tintindex":0,"rotation":0,"texture":"#0"},"south":{"uv":[14.875,12.125,15.0,12.25],"tintindex":0,"rotation":0,"texture":"#0"},"north":{"uv":[14.875,12.0,15.0,12.125],"tintindex":0,"rotation":0,"texture":"#0"},"west":{"uv":[12.25,14.875,12.375,15.0],"tintindex":0,"rotation":0,"texture":"#0"},"up":{"uv":[15.0,12.375,14.875,12.25],"tintindex":0,"rotation":0,"texture":"#0"},"down":{"uv":[12.5,14.875,12.375,15.0],"tintindex":0,"rotation":0,"texture":"#0"}}},{"from":[0.8913622,7.4315324,6.3776503],"to":[3.3663626,9.906531,9.67765],"faces":{"east":{"uv":[5.25,13.625,5.625,13.875],"tintindex":0,"rotation":0,"texture":"#0"},"south":{"uv":[1.5,14.375,1.75,14.625],"tintindex":0,"rotation":0,"texture":"#0"},"north":{"uv":[14.375,1.0,14.625,1.25],"tintindex":0,"rotation":0,"texture":"#0"},"west":{"uv":[13.625,5.75,14.0,6.0],"tintindex":0,"rotation":0,"texture":"#0"},"up":{"uv":[5.875,14.0,5.625,13.625],"tintindex":0,"rotation":0,"texture":"#0"},"down":{"uv":[7.0,13.625,6.75,14.0],"tintindex":0,"rotation":0,"texture":"#0"}}},{"from":[0.6442728,7.4315324,8.9413],"to":[2.8442726,9.906531,10.3913],"faces":{"east":{"uv":[8.75,14.625,8.875,14.875],"tintindex":0,"rotation":0,"texture":"#0"},"south":{"uv":[0.875,14.375,1.125,14.625],"tintindex":0,"rotation":0,"texture":"#0"},"north":{"uv":[0.625,14.375,0.875,14.625],"tintindex":0,"rotation":0,"texture":"#0"},"west":{"uv":[14.625,9.25,14.75,9.5],"tintindex":0,"rotation":0,"texture":"#0"},"up":{"uv":[14.875,9.625,14.625,9.5],"tintindex":0,"rotation":0,"texture":"#0"},"down":{"uv":[14.875,9.625,14.625,9.75],"tintindex":0,"rotation":0,"texture":"#0"}},"rotation":{"origin":[2.390112,9.219031,8.01747],"angle":22.5,"axis":"y"}},{"from":[0.6442728,7.4315324,5.64364],"to":[2.8442726,9.906531,7.0936403],"faces":{"east":{"uv":[9.375,14.625,9.5,14.875],"tintindex":0,"rotation":0,"texture":"#0"},"south":{"uv":[2.75,14.375,3.0,14.625],"tintindex":0,"rotation":0,"texture":"#0"},"north":{"uv":[2.125,14.375,2.375,14.625],"tintindex":0,"rotation":0,"texture":"#0"},"west":{"uv":[14.625,9.75,14.75,10.0],"tintindex":0,"rotation":0,"texture":"#0"},"up":{"uv":[10.375,14.75,10.125,14.625],"tintindex":0,"rotation":0,"texture":"#0"},"down":{"uv":[11.375,14.625,11.125,14.75],"tintindex":0,"rotation":0,"texture":"#0"}},"rotation":{"origin":[2.390112,9.219031,8.01747],"angle":-22.5,"axis":"y"}}],"display":{"head":{"rotation":[0.0,0.0,-25.0]},"firstperson_righthand":{"rotation":[0.0,0.0,-25.0]},"thirdperson_lefthand":{"rotation":[0.0,0.0,25.0]},"firstperson_lefthand":{"rotation":[0.0,0.0,25.0]},"fixed":{"rotation":[0.0,0.0,-25.0]},"ground":{"rotation":[0.0,0.0,-25.0]},"thirdperson_righthand":{"rotation":[0.0,0.0,-25.0]},"gui":{"rotation":[-150.0,-45.0,155.0]}}}