{"textures":{"0":"modelengine:entity/knight","particle":"#0"},"elements":[{"from":[0.1958394,5.009115,6.3776503],"to":[2.6708398,7.484114,9.67765],"faces":{"east":{"uv":[13.625,10.625,14.0,10.875],"tintindex":0,"rotation":0,"texture":"#0"},"south":{"uv":[14.375,4.625,14.625,4.875],"tintindex":0,"rotation":0,"texture":"#0"},"north":{"uv":[4.625,14.375,4.875,14.625],"tintindex":0,"rotation":0,"texture":"#0"},"west":{"uv":[10.875,13.625,11.25,13.875],"tintindex":0,"rotation":0,"texture":"#0"},"up":{"uv":[9.5,14.0,9.25,13.625],"tintindex":0,"rotation":0,"texture":"#0"},"down":{"uv":[13.875,10.875,13.625,11.25],"tintindex":0,"rotation":0,"texture":"#0"}}},{"from":[-0.051249504,5.009115,8.9413],"to":[4.3487496,7.484114,12.2913],"faces":{"east":{"uv":[13.625,11.625,14.0,11.875],"tintindex":0,"rotation":0,"texture":"#0"},"south":{"uv":[12.75,11.75,13.25,12.0],"tintindex":0,"rotation":0,"texture":"#0"},"north":{"uv":[11.75,12.75,12.25,13.0],"tintindex":0,"rotation":0,"texture":"#0"},"west":{"uv":[13.625,11.875,14.0,12.125],"tintindex":0,"rotation":0,"texture":"#0"},"up":{"uv":[12.25,8.75,11.75,8.375],"tintindex":0,"rotation":0,"texture":"#0"},"down":{"uv":[9.0,11.75,8.5,12.125],"tintindex":0,"rotation":0,"texture":"#0"}},"rotation":{"origin":[1.6945891,6.796616,8.01747],"angle":22.5,"axis":"y"}},{"from":[-0.051249504,5.009115,3.74364],"to":[4.3487496,7.484114,7.0936403],"faces":{"east":{"uv":[8.5,13.625,8.875,13.875],"tintindex":0,"rotation":0,"texture":"#0"},"south":{"uv":[11.25,12.75,11.75,13.0],"tintindex":0,"rotation":0,"texture":"#0"},"north":{"uv":[12.75,11.125,13.25,11.375],"tintindex":0,"rotation":0,"texture":"#0"},"west":{"uv":[8.875,13.625,9.25,13.875],"tintindex":0,"rotation":0,"texture":"#0"},"up":{"uv":[12.25,7.125,11.75,6.75],"tintindex":0,"rotation":0,"texture":"#0"},"down":{"uv":[8.5,11.75,8.0,12.125],"tintindex":0,"rotation":0,"texture":"#0"}},"rotation":{"origin":[1.6945891,6.796616,8.01747],"angle":-22.5,"axis":"y"}}],"display":{"head":{"rotation":[0.0,0.0,15.0]},"firstperson_righthand":{"rotation":[0.0,0.0,15.0]},"thirdperson_lefthand":{"rotation":[0.0,0.0,-15.0]},"firstperson_lefthand":{"rotation":[0.0,0.0,-15.0]},"fixed":{"rotation":[0.0,0.0,15.0]},"ground":{"rotation":[0.0,0.0,15.0]},"thirdperson_righthand":{"rotation":[0.0,0.0,15.0]},"gui":{"rotation":[-150.0,-45.0,-165.0]}}}