{"textures":{"0":"modelengine:entity/knight","particle":"#0"},"elements":[{"from":[3.668284,10.478213,3.515656],"to":[8.068284,11.853213,7.915656],"faces":{"east":{"uv":[14.25,3.625,14.75,3.75],"tintindex":0,"rotation":0,"texture":"#0"},"south":{"uv":[14.25,3.75,14.75,3.875],"tintindex":0,"rotation":0,"texture":"#0"},"north":{"uv":[14.25,2.875,14.75,3.0],"tintindex":0,"rotation":0,"texture":"#0"},"west":{"uv":[14.25,4.25,14.75,4.375],"tintindex":0,"rotation":0,"texture":"#0"},"up":{"uv":[9.5,10.875,9.0,10.375],"tintindex":0,"rotation":0,"texture":"#0"},"down":{"uv":[10.0,10.375,9.5,10.875],"tintindex":0,"rotation":0,"texture":"#0"}}},{"from":[4.493284,11.853213,4.3406563],"to":[7.243284,12.153213,7.0906563],"faces":{"east":{"uv":[14.5,7.5,14.875,7.625],"tintindex":0,"rotation":0,"texture":"#0"},"south":{"uv":[14.5,7.625,14.875,7.75],"tintindex":0,"rotation":0,"texture":"#0"},"north":{"uv":[7.375,14.5,7.75,14.625],"tintindex":0,"rotation":0,"texture":"#0"},"west":{"uv":[7.75,14.5,8.125,14.625],"tintindex":0,"rotation":0,"texture":"#0"},"up":{"uv":[4.375,12.875,4.0,12.5],"tintindex":0,"rotation":0,"texture":"#0"},"down":{"uv":[12.875,4.0,12.5,4.375],"tintindex":0,"rotation":0,"texture":"#0"}}}],"display":{"head":{"rotation":[7.436558,44.511898,-10.546839]},"firstperson_righthand":{"rotation":[7.436558,44.511898,-10.546839]},"thirdperson_lefthand":{"rotation":[7.436558,-44.511898,10.546839]},"firstperson_lefthand":{"rotation":[7.436558,-44.511898,10.546839]},"fixed":{"rotation":[7.436558,44.511898,-10.546839]},"ground":{"rotation":[7.436558,44.511898,-10.546839]},"thirdperson_righthand":{"rotation":[7.436558,44.511898,-10.546839]},"gui":{"rotation":[122.65354,-84.69859,87.34646]}}}