{"textures":{"0":"modelengine:entity/knight","particle":"#0"},"elements":[{"from":[6.2449045,13.320235,6.0922766],"to":[7.6199045,14.1202345,7.4672766],"faces":{"east":{"uv":[11.75,14.875,11.875,15.0],"tintindex":0,"rotation":0,"texture":"#0"},"south":{"uv":[14.875,11.75,15.0,11.875],"tintindex":0,"rotation":0,"texture":"#0"},"north":{"uv":[14.875,11.625,15.0,11.75],"tintindex":0,"rotation":0,"texture":"#0"},"west":{"uv":[11.875,14.875,12.0,15.0],"tintindex":0,"rotation":0,"texture":"#0"},"up":{"uv":[15.0,12.0,14.875,11.875],"tintindex":0,"rotation":0,"texture":"#0"},"down":{"uv":[12.125,14.875,12.0,15.0],"tintindex":0,"rotation":0,"texture":"#0"}}}],"display":{"head":{"rotation":[-12.212696,43.657467,17.407438]},"firstperson_righthand":{"rotation":[-12.212696,43.657467,17.407438]},"thirdperson_lefthand":{"rotation":[-12.212696,-43.657467,-17.407438]},"firstperson_lefthand":{"rotation":[-12.212696,-43.657467,-17.407438]},"fixed":{"rotation":[-12.212696,43.657467,17.407438]},"ground":{"rotation":[-12.212696,43.657467,17.407438]},"thirdperson_righthand":{"rotation":[-12.212696,43.657467,17.407438]},"gui":{"rotation":[-64.42819,-81.169945,-85.57181]}}}