{"textures":{"0":"modelengine:entity/hades","particle":"#0"},"elements":[{"from":[10.67624,-4.8515167,-0.13627815],"to":[13.626559,9.525002,8.526761],"faces":{"east":{"uv":[1.1875,6.25,1.71875,7.15625],"tintindex":0,"rotation":0,"texture":"#0"},"south":{"uv":[10.25,11.0625,10.4375,11.96875],"tintindex":0,"rotation":0,"texture":"#0"},"north":{"uv":[1.1875,10.9375,1.375,11.84375],"tintindex":0,"rotation":0,"texture":"#0"},"west":{"uv":[0.0,6.3125,0.53125,7.21875],"tintindex":0,"rotation":0,"texture":"#0"},"up":{"uv":[10.75,12.65625,10.5625,12.125],"tintindex":0,"rotation":0,"texture":"#0"},"down":{"uv":[7.1875,12.1875,7.0,12.71875],"tintindex":0,"rotation":0,"texture":"#0"}}},{"from":[9.746282,-4.77652,-4.1920547],"to":[11.946603,9.425003,1.4709854],"faces":{"east":{"uv":[3.0,8.625,3.34375,9.5],"tintindex":0,"rotation":0,"texture":"#0"},"south":{"uv":[0.5625,12.125,0.6875,13.0],"tintindex":0,"rotation":0,"texture":"#0"},"north":{"uv":[0.4375,12.125,0.5625,13.0],"tintindex":0,"rotation":0,"texture":"#0"},"west":{"uv":[6.125,8.625,6.46875,9.5],"tintindex":0,"rotation":0,"texture":"#0"},"up":{"uv":[8.125,9.46875,8.0,9.125],"tintindex":0,"rotation":0,"texture":"#0"},"down":{"uv":[7.625,11.375,7.5,11.71875],"tintindex":0,"rotation":0,"texture":"#0"}},"rotation":{"origin":[10.846442,2.3242416,-1.3605347],"angle":45.0,"axis":"y"}},{"from":[9.53415,-4.9640174,-4.4920554],"to":[12.034471,9.5375,1.470985],"faces":{"east":{"uv":[7.0625,7.6875,7.4375,8.59375],"tintindex":0,"rotation":0,"texture":"#0"},"south":{"uv":[2.8125,11.5,2.96875,12.40625],"tintindex":0,"rotation":0,"texture":"#0"},"north":{"uv":[2.625,11.5,2.78125,12.40625],"tintindex":0,"rotation":0,"texture":"#0"},"west":{"uv":[7.4375,7.6875,7.8125,8.59375],"tintindex":0,"rotation":0,"texture":"#0"},"up":{"uv":[10.71875,13.0625,10.5625,12.6875],"tintindex":0,"rotation":0,"texture":"#0"},"down":{"uv":[12.90625,1.4375,12.75,1.8125],"tintindex":0,"rotation":0,"texture":"#0"}},"rotation":{"origin":[10.78431,2.2867432,-1.5105343],"angle":45.0,"axis":"y"}},{"from":[3.597014,-4.9640174,10.992947],"to":[9.560054,9.5375,12.893269],"faces":{"east":{"uv":[4.9375,12.375,5.03125,13.28125],"tintindex":0,"rotation":0,"texture":"#0"},"south":{"uv":[0.8125,7.75,1.1875,8.65625],"tintindex":0,"rotation":0,"texture":"#0"},"north":{"uv":[0.4375,7.75,0.8125,8.65625],"tintindex":0,"rotation":0,"texture":"#0"},"west":{"uv":[5.6875,12.375,5.78125,13.28125],"tintindex":0,"rotation":0,"texture":"#0"},"up":{"uv":[13.375,1.40625,13.0,1.3125],"tintindex":0,"rotation":0,"texture":"#0"},"down":{"uv":[13.375,3.875,13.0,3.96875],"tintindex":0,"rotation":0,"texture":"#0"}}},{"from":[9.746282,-4.77652,6.9194975],"to":[11.946603,9.425003,12.582537],"faces":{"east":{"uv":[3.5,8.375,3.84375,9.25],"tintindex":0,"rotation":0,"texture":"#0"},"south":{"uv":[5.875,12.0625,6.0,12.9375],"tintindex":0,"rotation":0,"texture":"#0"},"north":{"uv":[2.1875,12.0,2.3125,12.875],"tintindex":0,"rotation":0,"texture":"#0"},"west":{"uv":[3.875,8.375,4.21875,9.25],"tintindex":0,"rotation":0,"texture":"#0"},"up":{"uv":[1.3125,8.09375,1.1875,7.75],"tintindex":0,"rotation":0,"texture":"#0"},"down":{"uv":[3.625,8.0,3.5,8.34375],"tintindex":0,"rotation":0,"texture":"#0"}},"rotation":{"origin":[10.846442,2.3242416,9.751018],"angle":-45.0,"axis":"y"}},{"from":[3.9591455,-4.701519,10.930815],"to":[9.622186,9.349998,12.531136],"faces":{"east":{"uv":[9.625,12.4375,9.71875,13.3125],"tintindex":0,"rotation":0,"texture":"#0"},"south":{"uv":[8.625,0.0,8.96875,0.875],"tintindex":0,"rotation":0,"texture":"#0"},"north":{"uv":[8.5625,2.6875,8.90625,3.5625],"tintindex":0,"rotation":0,"texture":"#0"},"west":{"uv":[9.75,12.4375,9.84375,13.3125],"tintindex":0,"rotation":0,"texture":"#0"},"up":{"uv":[13.34375,6.71875,13.0,6.625],"tintindex":0,"rotation":0,"texture":"#0"},"down":{"uv":[13.34375,6.75,13.0,6.84375],"tintindex":0,"rotation":0,"texture":"#0"}}},{"from":[10.62624,-5.0140166,-0.28627834],"to":[13.776561,9.5375,8.676762],"faces":{"east":{"uv":[5.1875,6.0625,5.75,6.96875],"tintindex":0,"rotation":0,"texture":"#0"},"south":{"uv":[4.5625,11.125,4.75,12.03125],"tintindex":0,"rotation":0,"texture":"#0"},"north":{"uv":[4.375,11.125,4.5625,12.03125],"tintindex":0,"rotation":0,"texture":"#0"},"west":{"uv":[6.125,1.1875,6.6875,2.09375],"tintindex":0,"rotation":0,"texture":"#0"},"up":{"uv":[8.625,7.5625,8.4375,7.0],"tintindex":0,"rotation":0,"texture":"#0"},"down":{"uv":[2.875,9.5625,2.6875,10.125],"tintindex":0,"rotation":0,"texture":"#0"}}},{"from":[9.53415,-4.9640174,6.919498],"to":[12.034471,9.5375,12.882538],"faces":{"east":{"uv":[2.25,7.75,2.625,8.65625],"tintindex":0,"rotation":0,"texture":"#0"},"south":{"uv":[3.6875,11.5625,3.84375,12.46875],"tintindex":0,"rotation":0,"texture":"#0"},"north":{"uv":[3.5,11.5625,3.65625,12.46875],"tintindex":0,"rotation":0,"texture":"#0"},"west":{"uv":[2.625,7.75,3.0,8.65625],"tintindex":0,"rotation":0,"texture":"#0"},"up":{"uv":[3.09375,13.125,2.9375,12.75],"tintindex":0,"rotation":0,"texture":"#0"},"down":{"uv":[3.28125,12.75,3.125,13.125],"tintindex":0,"rotation":0,"texture":"#0"}},"rotation":{"origin":[10.78431,2.2867432,9.901018],"angle":-45.0,"axis":"y"}},{"from":[3.597014,-4.9640174,-4.5027843],"to":[9.560054,9.5375,-2.6024642],"faces":{"east":{"uv":[0.3125,12.1875,0.40625,13.09375],"tintindex":0,"rotation":0,"texture":"#0"},"south":{"uv":[6.6875,7.6875,7.0625,8.59375],"tintindex":0,"rotation":0,"texture":"#0"},"north":{"uv":[6.3125,7.6875,6.6875,8.59375],"tintindex":0,"rotation":0,"texture":"#0"},"west":{"uv":[3.375,12.25,3.46875,13.15625],"tintindex":0,"rotation":0,"texture":"#0"},"up":{"uv":[12.75,7.71875,12.375,7.625],"tintindex":0,"rotation":0,"texture":"#0"},"down":{"uv":[13.3125,8.75,12.9375,8.84375],"tintindex":0,"rotation":0,"texture":"#0"}}},{"from":[3.9591455,-4.701519,-4.1406517],"to":[9.622186,9.349998,-2.5403328],"faces":{"east":{"uv":[11.1875,12.4375,11.28125,13.3125],"tintindex":0,"rotation":0,"texture":"#0"},"south":{"uv":[8.625,6.75,8.96875,7.625],"tintindex":0,"rotation":0,"texture":"#0"},"north":{"uv":[6.5,8.625,6.84375,9.5],"tintindex":0,"rotation":0,"texture":"#0"},"west":{"uv":[1.3125,12.5,1.40625,13.375],"tintindex":0,"rotation":0,"texture":"#0"},"up":{"uv":[13.34375,7.34375,13.0,7.25],"tintindex":0,"rotation":0,"texture":"#0"},"down":{"uv":[13.34375,7.375,13.0,7.46875],"tintindex":0,"rotation":0,"texture":"#0"}}}],"display":{"head":{"rotation":[0.0,0.0,0.0]},"firstperson_righthand":{"rotation":[0.0,0.0,0.0]},"thirdperson_lefthand":{"rotation":[0.0,0.0,0.0]},"firstperson_lefthand":{"rotation":[0.0,0.0,0.0]},"fixed":{"rotation":[0.0,0.0,0.0]},"ground":{"rotation":[0.0,0.0,0.0]},"thirdperson_righthand":{"rotation":[0.0,0.0,0.0]},"gui":{"rotation":[-150.0,-45.0,180.0]}}}