{"textures":{"0":"modelengine:entity/hades","particle":"#0"},"elements":[{"from":[5.025,11.095093,2.2006693],"to":[10.975,12.741112,3.7006693],"faces":{"east":{"uv":[8.4375,12.875,8.625,13.09375],"tintindex":0,"rotation":0,"texture":"#0"},"south":{"uv":[11.3125,0.75,12.0625,0.96875],"tintindex":0,"rotation":0,"texture":"#0"},"north":{"uv":[11.25,1.3125,12.0,1.53125],"tintindex":0,"rotation":0,"texture":"#0"},"west":{"uv":[12.875,10.75,13.0625,10.96875],"tintindex":0,"rotation":0,"texture":"#0"},"up":{"uv":[6.5625,4.875,5.8125,4.6875],"tintindex":0,"rotation":0,"texture":"#0"},"down":{"uv":[9.0,4.6875,8.25,4.875],"tintindex":0,"rotation":0,"texture":"#0"}}},{"from":[3.9150758,14.295528,4.0219917],"to":[5.5150757,15.795528,6.821992],"faces":{"east":{"uv":[11.5625,12.625,11.90625,12.8125],"tintindex":0,"rotation":0,"texture":"#0"},"south":{"uv":[11.375,11.9375,11.5625,12.125],"tintindex":0,"rotation":0,"texture":"#0"},"north":{"uv":[11.375,8.25,11.5625,8.4375],"tintindex":0,"rotation":0,"texture":"#0"},"west":{"uv":[12.6875,0.1875,13.03125,0.375],"tintindex":0,"rotation":0,"texture":"#0"},"up":{"uv":[7.1875,10.78125,7.0,10.4375],"tintindex":0,"rotation":0,"texture":"#0"},"down":{"uv":[12.125,12.625,11.9375,12.96875],"tintindex":0,"rotation":0,"texture":"#0"}},"rotation":{"origin":[4.7150755,15.045528,5.4219913],"angle":45.0,"axis":"y"}},{"from":[7.175,8.348671,2.49058],"to":[8.825,10.198669,3.5405798],"faces":{"east":{"uv":[13.0,11.5,13.125,11.71875],"tintindex":0,"rotation":0,"texture":"#0"},"south":{"uv":[0.0,12.875,0.21875,13.09375],"tintindex":0,"rotation":0,"texture":"#0"},"north":{"uv":[12.8125,12.8125,13.03125,13.03125],"tintindex":0,"rotation":0,"texture":"#0"},"west":{"uv":[13.0625,4.5,13.1875,4.71875],"tintindex":0,"rotation":0,"texture":"#0"},"up":{"uv":[11.28125,3.3125,11.0625,3.1875],"tintindex":0,"rotation":0,"texture":"#0"},"down":{"uv":[11.34375,2.0,11.125,2.125],"tintindex":0,"rotation":0,"texture":"#0"}},"rotation":{"origin":[8.0,9.27367,3.0155802],"angle":-22.5,"axis":"x"}},{"from":[2.8946981,20.14703,5.3862324],"to":[3.494698,20.747032,6.4862328],"faces":{"east":{"uv":[8.125,4.3125,8.25,4.375],"tintindex":0,"rotation":0,"texture":"#0"},"south":{"uv":[0.5625,6.3125,0.625,6.375],"tintindex":0,"rotation":0,"texture":"#0"},"north":{"uv":[1.75,6.25,1.8125,6.3125],"tintindex":0,"rotation":0,"texture":"#0"},"west":{"uv":[4.25,8.1875,4.375,8.25],"tintindex":0,"rotation":0,"texture":"#0"},"up":{"uv":[5.8125,6.375,5.75,6.25],"tintindex":0,"rotation":0,"texture":"#0"},"down":{"uv":[3.0,6.3125,2.9375,6.4375],"tintindex":0,"rotation":0,"texture":"#0"}}},{"from":[10.484924,14.295528,4.0219917],"to":[12.084925,15.795528,6.821992],"faces":{"east":{"uv":[12.625,10.3125,12.96875,10.5],"tintindex":0,"rotation":0,"texture":"#0"},"south":{"uv":[8.25,10.125,8.4375,10.3125],"tintindex":0,"rotation":0,"texture":"#0"},"north":{"uv":[9.5625,3.0,9.75,3.1875],"tintindex":0,"rotation":0,"texture":"#0"},"west":{"uv":[10.75,12.625,11.09375,12.8125],"tintindex":0,"rotation":0,"texture":"#0"},"up":{"uv":[4.4375,8.15625,4.25,7.8125],"tintindex":0,"rotation":0,"texture":"#0"},"down":{"uv":[1.5625,10.4375,1.375,10.78125],"tintindex":0,"rotation":0,"texture":"#0"}},"rotation":{"origin":[11.2849245,15.045528,5.4219913],"angle":-45.0,"axis":"y"}},{"from":[5.9564276,9.10553,4.4083877],"to":[10.043572,10.60553,6.54105],"faces":{"east":{"uv":[12.75,5.75,13.03125,5.9375],"tintindex":0,"rotation":0,"texture":"#0"},"south":{"uv":[12.25,8.0,12.75,8.1875],"tintindex":0,"rotation":0,"texture":"#0"},"north":{"uv":[12.25,5.75,12.75,5.9375],"tintindex":0,"rotation":0,"texture":"#0"},"west":{"uv":[12.75,9.25,13.03125,9.4375],"tintindex":0,"rotation":0,"texture":"#0"},"up":{"uv":[12.0,9.28125,11.5,9.0],"tintindex":0,"rotation":0,"texture":"#0"},"down":{"uv":[12.0625,1.5625,11.5625,1.84375],"tintindex":0,"rotation":0,"texture":"#0"}}},{"from":[12.405302,19.423111,2.249577],"to":[13.205301,20.123112,5.649577],"faces":{"east":{"uv":[11.5,9.3125,11.9375,9.40625],"tintindex":0,"rotation":0,"texture":"#0"},"south":{"uv":[0.8125,13.125,0.90625,13.21875],"tintindex":0,"rotation":0,"texture":"#0"},"north":{"uv":[0.3125,13.125,0.40625,13.21875],"tintindex":0,"rotation":0,"texture":"#0"},"west":{"uv":[12.875,7.5625,13.3125,7.65625],"tintindex":0,"rotation":0,"texture":"#0"},"up":{"uv":[1.90625,13.3125,1.8125,12.875],"tintindex":0,"rotation":0,"texture":"#0"},"down":{"uv":[2.28125,12.875,2.1875,13.3125],"tintindex":0,"rotation":0,"texture":"#0"}},"rotation":{"origin":[12.805302,19.77311,3.9495769],"angle":-22.5,"axis":"x"}},{"from":[5.3275003,10.984005,7.628523],"to":[10.6725,15.104012,10.867006],"faces":{"east":{"uv":[7.625,10.8125,8.03125,11.3125],"tintindex":0,"rotation":0,"texture":"#0"},"south":{"uv":[7.875,5.125,8.53125,5.625],"tintindex":0,"rotation":0,"texture":"#0"},"north":{"uv":[7.875,3.4375,8.53125,3.9375],"tintindex":0,"rotation":0,"texture":"#0"},"west":{"uv":[8.0625,10.8125,8.46875,11.3125],"tintindex":0,"rotation":0,"texture":"#0"},"up":{"uv":[9.84375,5.53125,9.1875,5.125],"tintindex":0,"rotation":0,"texture":"#0"},"down":{"uv":[9.90625,1.625,9.25,2.03125],"tintindex":0,"rotation":0,"texture":"#0"}},"rotation":{"origin":[8.0,13.044006,9.247765],"angle":-22.5,"axis":"x"}},{"from":[5.3287587,12.619194,3.206956],"to":[10.671242,15.633652,6.481765],"faces":{"east":{"uv":[11.375,7.875,11.78125,8.25],"tintindex":0,"rotation":0,"texture":"#0"},"south":{"uv":[2.0,10.0,2.65625,10.375],"tintindex":0,"rotation":0,"texture":"#0"},"north":{"uv":[9.9375,1.6875,10.59375,2.0625],"tintindex":0,"rotation":0,"texture":"#0"},"west":{"uv":[10.4375,11.375,10.84375,11.75],"tintindex":0,"rotation":0,"texture":"#0"},"up":{"uv":[7.96875,9.53125,7.3125,9.125],"tintindex":0,"rotation":0,"texture":"#0"},"down":{"uv":[9.84375,4.3125,9.1875,4.71875],"tintindex":0,"rotation":0,"texture":"#0"}},"rotation":{"origin":[8.0,14.126423,4.8443604],"angle":22.5,"axis":"x"}},{"from":[5.5551305,9.07053,3.3653307],"to":[8.05513,11.970528,5.065331],"faces":{"east":{"uv":[9.875,12.375,10.09375,12.75],"tintindex":0,"rotation":0,"texture":"#0"},"south":{"uv":[1.875,12.0,2.1875,12.375],"tintindex":0,"rotation":0,"texture":"#0"},"north":{"uv":[1.5625,12.0,1.875,12.375],"tintindex":0,"rotation":0,"texture":"#0"},"west":{"uv":[2.3125,12.4375,2.53125,12.8125],"tintindex":0,"rotation":0,"texture":"#0"},"up":{"uv":[12.9375,10.03125,12.625,9.8125],"tintindex":0,"rotation":0,"texture":"#0"},"down":{"uv":[12.9375,10.0625,12.625,10.28125],"tintindex":0,"rotation":0,"texture":"#0"}},"rotation":{"origin":[6.8051305,10.520531,4.215331],"angle":22.5,"axis":"y"}},{"from":[5.325,9.07053,3.9083877],"to":[6.175,10.495529,6.5583878],"faces":{"east":{"uv":[2.5625,12.6875,2.90625,12.875],"tintindex":0,"rotation":0,"texture":"#0"},"south":{"uv":[11.1875,5.0625,11.28125,5.25],"tintindex":0,"rotation":0,"texture":"#0"},"north":{"uv":[10.75,5.25,10.84375,5.4375],"tintindex":0,"rotation":0,"texture":"#0"},"west":{"uv":[12.6875,2.625,13.03125,2.8125],"tintindex":0,"rotation":0,"texture":"#0"},"up":{"uv":[7.21875,13.34375,7.125,13.0],"tintindex":0,"rotation":0,"texture":"#0"},"down":{"uv":[7.34375,13.0,7.25,13.34375],"tintindex":0,"rotation":0,"texture":"#0"}}},{"from":[5.33,9.702206,5.033387],"to":[10.67,12.752205,8.083387],"faces":{"east":{"uv":[9.5,4.75,9.875,5.125],"tintindex":0,"rotation":0,"texture":"#0"},"south":{"uv":[10.0,6.0625,10.65625,6.4375],"tintindex":0,"rotation":0,"texture":"#0"},"north":{"uv":[10.0,2.0625,10.65625,2.4375],"tintindex":0,"rotation":0,"texture":"#0"},"west":{"uv":[3.875,11.5625,4.25,11.9375],"tintindex":0,"rotation":0,"texture":"#0"},"up":{"uv":[7.84375,10.375,7.1875,10.0],"tintindex":0,"rotation":0,"texture":"#0"},"down":{"uv":[9.96875,10.0,9.3125,10.375],"tintindex":0,"rotation":0,"texture":"#0"}},"rotation":{"origin":[8.0,11.227203,6.5583878],"angle":45.0,"axis":"x"}},{"from":[5.33,14.401611,8.2115],"to":[10.67,15.913746,9.723637],"faces":{"east":{"uv":[12.9375,9.75,13.125,9.9375],"tintindex":0,"rotation":0,