{"textures":{"0":"modelengine:entity/hades","particle":"#0"},"elements":[{"from":[4.046382,-3.5348198,5.190495],"to":[10.818093,6.77814,12.712543],"faces":{"east":{"uv":[9.0,0.0,9.4375,0.625],"tintindex":0,"rotation":0,"texture":"#0"},"south":{"uv":[6.75,9.8125,7.15625,10.4375],"tintindex":0,"rotation":0,"texture":"#0"},"north":{"uv":[8.875,9.75,9.28125,10.375],"tintindex":0,"rotation":0,"texture":"#0"},"west":{"uv":[9.0,0.625,9.4375,1.25],"tintindex":0,"rotation":0,"texture":"#0"},"up":{"uv":[11.53125,2.0,11.125,1.5625],"tintindex":0,"rotation":0,"texture":"#0"},"down":{"uv":[3.90625,11.125,3.5,11.5625],"tintindex":0,"rotation":0,"texture":"#0"}}},{"from":[4.307309,-5.872509,6.441641],"to":[10.607309,-0.82016754,11.461398],"faces":{"east":{"uv":[3.4375,10.3125,3.75,10.625],"tintindex":0,"rotation":0,"texture":"#0"},"south":{"uv":[11.5625,11.8125,11.96875,12.125],"tintindex":0,"rotation":0,"texture":"#0"},"north":{"uv":[11.8125,7.875,12.21875,8.1875],"tintindex":0,"rotation":0,"texture":"#0"},"west":{"uv":[12.3125,1.0,12.625,1.3125],"tintindex":0,"rotation":0,"texture":"#0"},"up":{"uv":[0.40625,12.1875,0.0,11.875],"tintindex":0,"rotation":0,"texture":"#0"},"down":{"uv":[12.28125,1.0,11.875,1.3125],"tintindex":0,"rotation":0,"texture":"#0"}},"rotation":{"origin":[7.4573097,-3.3463402,8.951519],"angle":45.0,"axis":"x"}},{"from":[4.3171654,4.0601196,6.4334955],"to":[10.517165,9.096165,11.469543],"faces":{"east":{"uv":[12.3125,1.8125,12.625,2.125],"tintindex":0,"rotation":0,"texture":"#0"},"south":{"uv":[12.0,7.125,12.375,7.4375],"tintindex":0,"rotation":0,"texture":"#0"},"north":{"uv":[5.125,12.0,5.5,12.3125],"tintindex":0,"rotation":0,"texture":"#0"},"west":{"uv":[5.0625,12.3125,5.375,12.625],"tintindex":0,"rotation":0,"texture":"#0"},"up":{"uv":[8.625,12.3125,8.25,12.0],"tintindex":0,"rotation":0,"texture":"#0"},"down":{"uv":[9.0,12.0,8.625,12.3125],"tintindex":0,"rotation":0,"texture":"#0"}},"rotation":{"origin":[7.4171658,6.5781403,8.951519],"angle":45.0,"axis":"x"}},{"from":[4.0771055,2.4321442,5.1586704],"to":[10.854475,4.122513,12.676309],"faces":{"east":{"uv":[12.8125,8.875,13.28125,8.96875],"tintindex":0,"rotation":0,"texture":"#0"},"south":{"uv":[12.875,12.3125,13.3125,12.40625],"tintindex":0,"rotation":0,"texture":"#0"},"north":{"uv":[12.875,12.1875,13.3125,12.28125],"tintindex":0,"rotation":0,"texture":"#0"},"west":{"uv":[12.875,4.75,13.34375,4.84375],"tintindex":0,"rotation":0,"texture":"#0"},"up":{"uv":[10.9375,0.96875,10.5,0.5],"tintindex":0,"rotation":0,"texture":"#0"},"down":{"uv":[10.4375,10.5625,10.0,11.03125],"tintindex":0,"rotation":0,"texture":"#0"}}},{"from":[4.2463818,-3.3348198,5.390495],"to":[10.6180935,6.5781403,12.512543],"faces":{"east":{"uv":[1.6875,8.875,2.125,9.5],"tintindex":0,"rotation":0,"texture":"#0"},"south":{"uv":[8.4375,9.6875,8.84375,10.3125],"tintindex":0,"rotation":0,"texture":"#0"},"north":{"uv":[3.3125,9.6875,3.71875,10.3125],"tintindex":0,"rotation":0,"texture":"#0"},"west":{"uv":[8.125,8.875,8.5625,9.5],"tintindex":0,"rotation":0,"texture":"#0"},"up":{"uv":[11.46875,7.5625,11.0625,7.125],"tintindex":0,"rotation":0,"texture":"#0"},"down":{"uv":[11.46875,9.0,11.0625,9.4375],"tintindex":0,"rotation":0,"texture":"#0"}}},{"from":[3.8771055,2.232144,4.9586706],"to":[11.054475,4.3225126,12.876308],"faces":{"east":{"uv":[12.875,4.875,13.34375,4.96875],"tintindex":0,"rotation":0,"texture":"#0"},"south":{"uv":[12.875,12.5625,13.3125,12.65625],"tintindex":0,"rotation":0,"texture":"#0"},"north":{"uv":[12.875,12.4375,13.3125,12.53125],"tintindex":0,"rotation":0,"texture":"#0"},"west":{"uv":[12.875,5.0,13.34375,5.09375],"tintindex":0,"rotation":0,"texture":"#0"},"up":{"uv":[11.0625,3.28125,10.625,2.8125],"tintindex":0,"rotation":0,"texture":"#0"},"down":{"uv":[3.875,10.625,3.4375,11.09375],"tintindex":0,"rotation":0,"texture":"#0"}}}],"display":{"head":{"rotation":[0.0,0.0,0.0]},"firstperson_righthand":{"rotation":[0.0,0.0,0.0]},"thirdperson_lefthand":{"rotation":[0.0,0.0,0.0]},"firstperson_lefthand":{"rotation":[0.0,0.0,0.0]},"fixed":{"rotation":[0.0,0.0,0.0]},"ground":{"rotation":[0.0,0.0,0.0]},"thirdperson_righthand":{"rotation":[0.0,0.0,0.0]},"gui":{"rotation":[-150.0,-45.0,180.0]}}}