{"textures":{"0":"modelengine:entity/hades","particle":"#0"},"elements":[{"from":[5.6691666,4.6277447,5.044692],"to":[10.336072,9.294649,11.524692],"faces":{"east":{"uv":[7.6875,12.125,8.09375,12.40625],"tintindex":0,"rotation":0,"texture":"#0"},"south":{"uv":[12.5625,5.1875,12.84375,5.46875],"tintindex":0,"rotation":0,"texture":"#0"},"north":{"uv":[12.5625,4.875,12.84375,5.15625],"tintindex":0,"rotation":0,"texture":"#0"},"west":{"uv":[10.125,12.125,10.53125,12.40625],"tintindex":0,"rotation":0,"texture":"#0"},"up":{"uv":[11.09375,12.40625,10.8125,12.0],"tintindex":0,"rotation":0,"texture":"#0"},"down":{"uv":[11.65625,12.125,11.375,12.53125],"tintindex":0,"rotation":0,"texture":"#0"}},"rotation":{"origin":[8.002619,6.961197,8.284692],"angle":45.0,"axis":"z"}},{"from":[4.7026196,-7.6399994,5.00958],"to":[11.30262,6.961197,11.524693],"faces":{"east":{"uv":[4.5,6.375,4.90625,7.28125],"tintindex":0,"rotation":0,"texture":"#0"},"south":{"uv":[1.3125,7.1875,1.71875,8.09375],"tintindex":0,"rotation":0,"texture":"#0"},"north":{"uv":[4.5,5.4375,4.90625,6.34375],"tintindex":0,"rotation":0,"texture":"#0"},"west":{"uv":[0.0,7.25,0.40625,8.15625],"tintindex":0,"rotation":0,"texture":"#0"},"up":{"uv":[1.78125,11.65625,1.375,11.25],"tintindex":0,"rotation":0,"texture":"#0"},"down":{"uv":[5.15625,11.25,4.75,11.65625],"tintindex":0,"rotation":0,"texture":"#0"}}},{"from":[5.392619,-3.9103355,9.414186],"to":[10.612619,6.521446,13.572573],"faces":{"east":{"uv":[8.3125,2.6875,8.5625,3.34375],"tintindex":0,"rotation":0,"texture":"#0"},"south":{"uv":[10.75,6.875,11.0625,7.53125],"tintindex":0,"rotation":0,"texture":"#0"},"north":{"uv":[2.375,10.375,2.6875,11.03125],"tintindex":0,"rotation":0,"texture":"#0"},"west":{"uv":[8.375,11.3125,8.625,11.96875],"tintindex":0,"rotation":0,"texture":"#0"},"up":{"uv":[7.25,1.1875,6.9375,0.9375],"tintindex":0,"rotation":0,"texture":"#0"},"down":{"uv":[12.875,5.5,12.5625,5.75],"tintindex":0,"rotation":0,"texture":"#0"}},"rotation":{"origin":[8.002619,1.3055544,11.49338],"angle":22.5,"axis":"x"}}],"display":{"head":{"rotation":[0.0,0.0,0.0]},"firstperson_righthand":{"rotation":[0.0,0.0,0.0]},"thirdperson_lefthand":{"rotation":[0.0,0.0,0.0]},"firstperson_lefthand":{"rotation":[0.0,0.0,0.0]},"fixed":{"rotation":[0.0,0.0,0.0]},"ground":{"rotation":[0.0,0.0,0.0]},"thirdperson_righthand":{"rotation":[0.0,0.0,0.0]},"gui":{"rotation":[-150.0,-45.0,180.0]}}}