{"textures":{"0":"modelengine:entity/hades","particle":"#0"},"elements":[{"from":[4.0173807,1.7399468,-0.43758106],"to":[11.577381,5.3811436,5.077532],"faces":{"east":{"uv":[12.625,0.9375,12.96875,1.15625],"tintindex":0,"rotation":0,"texture":"#0"},"south":{"uv":[12.25,10.9375,12.71875,11.15625],"tintindex":0,"rotation":0,"texture":"#0"},"north":{"uv":[12.25,10.6875,12.71875,10.90625],"tintindex":0,"rotation":0,"texture":"#0"},"west":{"uv":[12.625,1.1875,12.96875,1.40625],"tintindex":0,"rotation":0,"texture":"#0"},"up":{"uv":[9.59375,11.65625,9.125,11.3125],"tintindex":0,"rotation":0,"texture":"#0"},"down":{"uv":[11.84375,2.0,11.375,2.34375],"tintindex":0,"rotation":0,"texture":"#0"}}},{"from":[4.0173807,1.7399468,5.977532],"to":[11.577381,6.17115,11.045601],"faces":{"east":{"uv":[12.4375,0.625,12.75,0.90625],"tintindex":0,"rotation":0,"texture":"#0"},"south":{"uv":[11.75,5.625,12.21875,5.90625],"tintindex":0,"rotation":0,"texture":"#0"},"north":{"uv":[11.75,5.3125,12.21875,5.59375],"tintindex":0,"rotation":0,"texture":"#0"},"west":{"uv":[12.4375,1.5,12.75,1.78125],"tintindex":0,"rotation":0,"texture":"#0"},"up":{"uv":[11.90625,9.75,11.4375,9.4375],"tintindex":0,"rotation":0,"texture":"#0"},"down":{"uv":[11.96875,7.125,11.5,7.4375],"tintindex":0,"rotation":0,"texture":"#0"}}},{"from":[4.0173807,3.2399468,5.0970345],"to":[11.577381,6.2398257,5.977532],"faces":{"east":{"uv":[6.0625,0.5,6.125,0.6875],"tintindex":0,"rotation":0,"texture":"#0"},"south":{"uv":[12.4375,0.0,12.90625,0.1875],"tintindex":0,"rotation":0,"texture":"#0"},"north":{"uv":[12.375,11.8125,12.84375,12.0],"tintindex":0,"rotation":0,"texture":"#0"},"west":{"uv":[5.75,6.0625,5.8125,6.25],"tintindex":0,"rotation":0,"texture":"#0"},"up":{"uv":[7.90625,4.875,7.4375,4.8125],"tintindex":0,"rotation":0,"texture":"#0"},"down":{"uv":[13.40625,2.0,12.9375,2.0625],"tintindex":0,"rotation":0,"texture":"#0"}}},{"from":[4.5173807,2.782404,2.4920292],"to":[11.077381,8.297516,5.1332264],"faces":{"east":{"uv":[11.75,12.8125,11.90625,13.15625],"tintindex":0,"rotation":0,"texture":"#0"},"south":{"uv":[11.625,8.625,12.03125,8.96875],"tintindex":0,"rotation":0,"texture":"#0"},"north":{"uv":[5.1875,11.625,5.59375,11.96875],"tintindex":0,"rotation":0,"texture":"#0"},"west":{"uv":[12.125,12.8125,12.28125,13.15625],"tintindex":0,"rotation":0,"texture":"#0"},"up":{"uv":[13.09375,6.09375,12.6875,5.9375],"tintindex":0,"rotation":0,"texture":"#0"},"down":{"uv":[13.09375,6.4375,12.6875,6.59375],"tintindex":0,"rotation":0,"texture":"#0"}},"rotation":{"origin":[7.7973804,5.53996,3.8126278],"angle":45.0,"axis":"x"}},{"from":[3.9373808,4.011139,5.898782],"to":[11.657381,8.175415,10.47756],"faces":{"east":{"uv":[8.0625,12.625,8.34375,12.875],"tintindex":0,"rotation":0,"texture":"#0"},"south":{"uv":[7.1875,12.125,7.65625,12.375],"tintindex":0,"rotation":0,"texture":"#0"},"north":{"uv":[12.0625,4.75,12.53125,5.0],"tintindex":0,"rotation":0,"texture":"#0"},"west":{"uv":[12.625,8.1875,12.90625,8.4375],"tintindex":0,"rotation":0,"texture":"#0"},"up":{"uv":[9.59375,11.96875,9.125,11.6875],"tintindex":0,"rotation":0,"texture":"#0"},"down":{"uv":[12.21875,5.0,11.75,5.28125],"tintindex":0,"rotation":0,"texture":"#0"}},"rotation":{"origin":[7.7973804,6.093277,8.188171],"angle":45.0,"axis":"x"}}],"display":{"head":{"rotation":[0.0,0.0,0.0]},"firstperson_righthand":{"rotation":[0.0,0.0,0.0]},"thirdperson_lefthand":{"rotation":[0.0,0.0,0.0]},"firstperson_lefthand":{"rotation":[0.0,0.0,0.0]},"fixed":{"rotation":[0.0,0.0,0.0]},"ground":{"rotation":[0.0,0.0,0.0]},"thirdperson_righthand":{"rotation":[0.0,0.0,0.0]},"gui":{"rotation":[-150.0,-45.0,180.0]}}}