{"textures":{"0":"modelengine:entity/hades","particle":"#0"},"elements":[{"from":[6.2455864,7.5731583,0.25197506],"to":[12.105587,12.673161,13.791974],"faces":{"east":{"uv":[9.3125,3.5625,10.15625,3.875],"tintindex":0,"rotation":0,"texture":"#0"},"south":{"uv":[12.0625,0.6875,12.4375,1.0],"tintindex":0,"rotation":0,"texture":"#0"},"north":{"uv":[12.0625,0.0,12.4375,0.3125],"tintindex":0,"rotation":0,"texture":"#0"},"west":{"uv":[9.4375,6.5625,10.28125,6.875],"tintindex":0,"rotation":0,"texture":"#0"},"up":{"uv":[8.3125,2.53125,7.9375,1.6875],"tintindex":0,"rotation":0,"texture":"#0"},"down":{"uv":[8.3125,2.5625,7.9375,3.40625],"tintindex":0,"rotation":0,"texture":"#0"}},"rotation":{"origin":[9.175587,10.1231575,7.0219746],"angle":22.5,"axis":"z"}},{"from":[2.8726192,-0.67181015,1.8742619],"to":[12.532619,6.7281914,12.114262],"faces":{"east":{"uv":[8.375,0.875,9.0,1.34375],"tintindex":0,"rotation":0,"texture":"#0"},"south":{"uv":[8.8125,6.125,9.40625,6.59375],"tintindex":0,"rotation":0,"texture":"#0"},"north":{"uv":[8.75,5.625,9.34375,6.09375],"tintindex":0,"rotation":0,"texture":"#0"},"west":{"uv":[8.5625,5.125,9.1875,5.59375],"tintindex":0,"rotation":0,"texture":"#0"},"up":{"uv":[7.90625,2.1875,7.3125,1.5625],"tintindex":0,"rotation":0,"texture":"#0"},"down":{"uv":[7.90625,2.1875,7.3125,2.8125],"tintindex":0,"rotation":0,"texture":"#0"}}},{"from":[3.822619,-3.9718094,2.0742621],"to":[11.582619,10.428192,11.914261],"faces":{"east":{"uv":[5.1875,5.125,5.8125,6.03125],"tintindex":0,"rotation":0,"texture":"#0"},"south":{"uv":[6.9375,0.0,7.4375,0.90625],"tintindex":0,"rotation":0,"texture":"#0"},"north":{"uv":[6.8125,2.8125,7.3125,3.71875],"tintindex":0,"rotation":0,"texture":"#0"},"west":{"uv":[1.1875,5.3125,1.8125,6.21875],"tintindex":0,"rotation":0,"texture":"#0"},"up":{"uv":[3.5,8.625,3.0,8.0],"tintindex":0,"rotation":0,"texture":"#0"},"down":{"uv":[8.3125,8.0,7.8125,8.625],"tintindex":0,"rotation":0,"texture":"#0"}}},{"from":[5.602619,-8.760084,1.3869815],"to":[9.802619,-7.055807,4.10576],"faces":{"east":{"uv":[13.0625,10.5,13.21875,10.59375],"tintindex":0,"rotation":0,"texture":"#0"},"south":{"uv":[11.9375,7.75,12.1875,7.84375],"tintindex":0,"rotation":0,"texture":"#0"},"north":{"uv":[11.5625,1.875,11.8125,1.96875],"tintindex":0,"rotation":0,"texture":"#0"},"west":{"uv":[0.0,13.125,0.15625,13.21875],"tintindex":0,"rotation":0,"texture":"#0"},"up":{"uv":[13.1875,8.34375,12.9375,8.1875],"tintindex":0,"rotation":0,"texture":"#0"},"down":{"uv":[13.1875,8.375,12.9375,8.53125],"tintindex":0,"rotation":0,"texture":"#0"}},"rotation":{"origin":[7.702619,-7.9079456,2.7463713],"angle":-22.5,"axis":"x"}},{"from":[3.9226189,-7.3659363,3.5686388],"to":[11.482618,-0.36166,10.267418],"faces":{"east":{"uv":[11.1875,4.625,11.59375,5.0625],"tintindex":0,"rotation":0,"texture":"#0"},"south":{"uv":[10.75,6.4375,11.21875,6.875],"tintindex":0,"rotation":0,"texture":"#0"},"north":{"uv":[5.1875,10.75,5.65625,11.1875],"tintindex":0,"rotation":0,"texture":"#0"},"west":{"uv":[5.1875,11.1875,5.59375,11.625],"tintindex":0,"rotation":0,"texture":"#0"},"up":{"uv":[11.34375,8.28125,10.875,7.875],"tintindex":0,"rotation":0,"texture":"#0"},"down":{"uv":[8.96875,10.875,8.5,11.28125],"tintindex":0,"rotation":0,"texture":"#0"}},"rotation":{"origin":[7.702619,-3.8637981,6.918028],"angle":-45.0,"axis":"x"}},{"from":[7.9250617,-6.7600613,1.8019753],"to":[13.282063,-0.7167835,12.1419735],"faces":{"east":{"uv":[10.0625,9.4375,10.71875,9.8125],"tintindex":0,"rotation":0,"texture":"#0"},"south":{"uv":[7.875,11.75,8.21875,12.125],"tintindex":0,"rotation":0,"texture":"#0"},"north":{"uv":[7.5,11.75,7.84375,12.125],"tintindex":0,"rotation":0,"texture":"#0"},"west":{"uv":[10.125,3.875,10.78125,4.25],"tintindex":0,"rotation":0,"texture":"#0"},"up":{"uv":[0.34375,10.84375,0.0,10.1875],"tintindex":0,"rotation":0,"texture":"#0"},"down":{"uv":[10.59375,2.8125,10.25,3.46875],"tintindex":0,"rotation":0,"texture":"#0"}},"rotation":{"origin":[10.603562,-3.7384224,6.9719744],"angle":22.5,"axis":"z"}},{"from":[4.077619,-7.8322315,0.70242023],"to":[11.277618,-2.9279556,3.9211988],"faces":{"east":{"uv":[6.5625,10.125,6.75,10.4375],"tintindex":0,"rotation":0,"texture":"#0"},"south":{"uv":[9.9375,8.625,10.375,8.9375],"tintindex":0,"rotation":0,"texture":"#0"},"north":{"uv":[7.4375,6.0625,7.875,6.375],"tintindex":0,"rotation":0,"texture":"#0"},"west":{"uv":[3.5,12.75,3.6875,13.0625],"tintindex":0,"rotation":0,"texture":"#0"},"up":{"uv":[12.9375,3.875,12.5,3.6875],"tintindex":0,"rotation":0,"texture":"#0"},"down":{"uv":[3.375,12.5625,2.9375,12.75],"tintindex":0,"rotation":0,"texture":"#0"}}},{"from":[6.972619,-1.9718094,1.751975],"to":[12.832619,3.128191,12.191975],"faces":{"east":{"uv":[10.375,9.125,11.03125,9.4375],"tintindex":0,"rotation":0,"texture":"#0"},"south":{"uv":[4.3125,12.0625,4.6875,12.375],"tintindex":0,"rotation":0,"texture":"#0"},"north":{"uv":[12.0625,1.5,12.4375,1.8125],"tintindex":0,"rotation":0,"texture":"#0"},"west":{"uv":[10.6875,2.125,11.34375,2.4375],"tintindex":0,"rotation":0,"texture":"#0"},"up":{"uv":[3.0625,10.78125,2.6875,10.125],"tintindex":0,"rotation":0,"texture":"#0"},"down":{"uv":[6.1875,10.125,5.8125,10.78125],"tintindex":0,"rotation":0,"texture":"#0"}}},{"from":[8.79657,3.3817272,0.30197525],"to":[14.15357,9.425007,13.741974],"faces":{"east":{"uv":[7.875,3.9375,8.71875,4.3125],"tintindex":0,"rotation":0,"texture":"#0"},"south":{"uv":[5.625,11.6875,5.96875,12.0625],"tintindex":0,"rotation":0,"texture":"#0"},"north":{"uv":[4.75,11.6875,5.09375,12.0625],"tintindex":0,"rotation":0,"texture":"#0"},"west":{"uv":[7.875,5.625,8.71875,6.0],"tintindex":0,"rotation":0,"texture":"#0"},"up":{"uv":[0.71875,9.53125,0.375,8.6875],"tintindex":0,"rotation":0,"texture":"#0"},"down":{"uv":[1.09375,8.6875,0.75,9.53125],"tintindex":0,"rotation":0,"texture":"#0"}},"rotation":{"origin":[11.475071,6.403366,7.0219746],"angle":45.0,"axis":"z"}}],"display":{"head":{"rotation":[0.0,0.0,0.0]},"firstperson_righthand":{"rotation":[0.0,0.0,0.0]},"thirdperson_lefthand":{"rotation":[0.0,0.0,0.0]},"firstperson_lefthand":{"rotation":[0.0,0.0,0.0]},"fixed":{"rotation":[0.0,0.0,0.0]},"ground":{"rotation":[0.0,0.0,0.0]},"thirdperson_righthand":{"rotation":[0.0,0.0,0.0]},"gui":{"rotation":[-150.0,-45.0,180.0]}}}