{"textures":{"0":"modelengine:entity/hades","particle":"#0"},"elements":[{"from":[1.5771053,-5.267852,2.9586704],"to":[8.754474,-3.1774833,10.876308],"faces":{"east":{"uv":[12.6875,6.125,13.15625,6.21875],"tintindex":0,"rotation":0,"texture":"#0"},"south":{"uv":[12.875,11.8125,13.3125,11.90625],"tintindex":0,"rotation":0,"texture":"#0"},"north":{"uv":[12.875,11.1875,13.3125,11.28125],"tintindex":0,"rotation":0,"texture":"#0"},"west":{"uv":[12.75,0.8125,13.21875,0.90625],"tintindex":0,"rotation":0,"texture":"#0"},"up":{"uv":[10.875,8.40625,10.4375,7.9375],"tintindex":0,"rotation":0,"texture":"#0"},"down":{"uv":[10.875,9.8125,10.4375,10.28125],"tintindex":0,"rotation":0,"texture":"#0"}}},{"from":[2.0562382,-4.144043,2.7261567],"to":[8.008237,3.6585274,5.4906464],"faces":{"east":{"uv":[8.75,12.3125,8.9375,12.8125],"tintindex":0,"rotation":0,"texture":"#0"},"south":{"uv":[7.25,10.875,7.625,11.375],"tintindex":0,"rotation":0,"texture":"#0"},"north":{"uv":[0.0,9.0625,0.375,9.5625],"tintindex":0,"rotation":0,"texture":"#0"},"west":{"uv":[12.375,3.875,12.5625,4.375],"tintindex":0,"rotation":0,"texture":"#0"},"up":{"uv":[10.4375,10.0,10.0625,9.8125],"tintindex":0,"rotation":0,"texture":"#0"},"down":{"uv":[10.8125,8.4375,10.4375,8.625],"tintindex":0,"rotation":0,"texture":"#0"}},"rotation":{"origin":[5.032238,-0.2427597,4.1084013],"angle":-22.5,"axis":"x"}},{"from":[1.2002382,2.4485588,2.0786743],"to":[8.200237,10.448559,10.078674],"faces":{"east":{"uv":[9.75,3.0,10.25,3.5],"tintindex":0,"rotation":0,"texture":"#0"},"south":{"uv":[10.3125,4.9375,10.75,5.4375],"tintindex":0,"rotation":0,"texture":"#0"},"north":{"uv":[10.3125,0.0,10.75,0.5],"tintindex":0,"rotation":0,"texture":"#0"},"west":{"uv":[9.875,8.9375,10.375,9.4375],"tintindex":0,"rotation":0,"texture":"#0"},"up":{"uv":[10.75,6.9375,10.3125,6.4375],"tintindex":0,"rotation":0,"texture":"#0"},"down":{"uv":[10.75,6.9375,10.3125,7.4375],"tintindex":0,"rotation":0,"texture":"#0"}},"rotation":{"origin":[4.700238,6.448559,6.0786743],"angle":-45.0,"axis":"x"}},{"from":[1.7771053,-5.067852,3.1586704],"to":[8.554474,-3.3774834,10.676309],"faces":{"east":{"uv":[12.75,9.4375,13.21875,9.53125],"tintindex":0,"rotation":0,"texture":"#0"},"south":{"uv":[12.875,12.0625,13.3125,12.15625],"tintindex":0,"rotation":0,"texture":"#0"},"north":{"uv":[12.875,11.9375,13.3125,12.03125],"tintindex":0,"rotation":0,"texture":"#0"},"west":{"uv":[12.75,11.0625,13.21875,11.15625],"tintindex":0,"rotation":0,"texture":"#0"},"up":{"uv":[10.875,10.78125,10.4375,10.3125],"tintindex":0,"rotation":0,"texture":"#0"},"down":{"uv":[0.8125,10.5,0.375,10.96875],"tintindex":0,"rotation":0,"texture":"#0"}}},{"from":[1.898797,-4.386345,4.3229504],"to":[8.165677,6.1813354,10.09831],"faces":{"east":{"uv":[5.1875,8.8125,5.5625,9.46875],"tintindex":0,"rotation":0,"texture":"#0"},"south":{"uv":[4.0625,9.375,4.46875,10.03125],"tintindex":0,"rotation":0,"texture":"#0"},"north":{"uv":[1.125,9.25,1.53125,9.90625],"tintindex":0,"rotation":0,"texture":"#0"},"west":{"uv":[5.0625,10.0625,5.4375,10.71875],"tintindex":0,"rotation":0,"texture":"#0"},"up":{"uv":[1.15625,11.8125,0.75,11.4375],"tintindex":0,"rotation":0,"texture":"#0"},"down":{"uv":[6.90625,11.4375,6.5,11.8125],"tintindex":0,"rotation":0,"texture":"#0"}}},{"from":[1.0002382,2.2485588,1.8786743],"to":[8.400237,10.648559,10.278674],"faces":{"east":{"uv":[1.0625,9.9375,1.5625,10.4375],"tintindex":0,"rotation":0,"texture":"#0"},"south":{"uv":[8.25,10.3125,8.6875,10.8125],"tintindex":0,"rotation":0,"texture":"#0"},"north":{"uv":[10.3125,7.4375,10.75,7.9375],"tintindex":0,"rotation":0,"texture":"#0"},"west":{"uv":[9.9375,1.1875,10.4375,1.6875],"tintindex":0,"rotation":0,"texture":"#0"},"up":{"uv":[2.375,10.875,1.9375,10.375],"tintindex":0,"rotation":0,"texture":"#0"},"down":{"uv":[7.625,10.375,7.1875,10.875],"tintindex":0,"rotation":0,"texture":"#0"}},"rotation":{"origin":[4.700238,6.448559,6.0786743],"angle":-45.0,"axis":"x"}},{"from":[2.8165607,-6.6020203,4.3229504],"to":[7.2479143,-2.1706657,10.090631],"faces":{"east":{"uv":[12.1875,2.375,12.5625,2.65625],"tintindex":0,"rotation":0,"texture":"#0"},"south":{"uv":[3.875,12.5625,4.15625,12.84375],"tintindex":0,"rotation":0,"texture":"#0"},"north":{"uv":[0.6875,12.5625,0.96875,12.84375],"tintindex":0,"rotation":0,"texture":"#0"},"west":{"uv":[6.0,12.1875,6.375,12.46875],"tintindex":0,"rotation":0,"texture":"#0"},"up":{"uv":[6.65625,12.5625,6.375,12.1875],"tintindex":0,"rotation":0,"texture":"#0"},"down":{"uv":[6.96875,12.1875,6.6875,12.5625],"tintindex":0,"rotation":0,"texture":"#0"}},"rotation":{"origin":[5.032237,-4.386345,7.2067904],"angle":-45.0,"axis":"z"}},{"from":[2.008237,1.5308533,1.8004718],"to":[8.056237,5.1555023,7.8827214],"faces":{"east":{"uv":[7.6875,12.4375,8.0625,12.65625],"tintindex":0,"rotation":0,"texture":"#0"},"south":{"uv":[12.4375,8.5625,12.8125,8.78125],"tintindex":0,"rotation":0,"texture":"#0"},"north":{"uv":[2.5625,12.4375,2.9375,12.65625],"tintindex":0,"rotation":0,"texture":"#0"},"west":{"uv":[10.125,12.4375,10.5,12.65625],"tintindex":0,"rotation":0,"texture":"#0"},"up":{"uv":[11.9375,4.25,11.5625,3.875],"tintindex":0,"rotation":0,"texture":"#0"},"down":{"uv":[11.9375,4.25,11.5625,4.625],"tintindex":0,"rotation":0,"texture":"#0"}},"rotation":{"origin":[5.032237,3.3431778,4.8415966],"angle":22.5,"axis":"x"}}],"display":{"head":{"rotation":[0.0,0.0,0.0]},"firstperson_righthand":{"rotation":[0.0,0.0,0.0]},"thirdperson_lefthand":{"rotation":[0.0,0.0,0.0]},"firstperson_lefthand":{"rotation":[0.0,0.0,0.0]},"fixed":{"rotation":[0.0,0.0,0.0]},"ground":{"rotation":[0.0,0.0,0.0]},"thirdperson_righthand":{"rotation":[0.0,0.0,0.0]},"gui":{"rotation":[-150.0,-45.0,180.0]}}}