{"textures":{"0":"modelengine:entity/hades","particle":"#0"},"elements":[{"from":[11.130495,8.811531,0.49368048],"to":[14.510403,21.619877,14.093679],"faces":{"east":{"uv":[2.375,4.625,3.21875,5.4375],"tintindex":0,"rotation":0,"texture":"#0"},"south":{"uv":[3.25,11.125,3.46875,11.9375],"tintindex":0,"rotation":0,"texture":"#0"},"north":{"uv":[10.0,11.0625,10.21875,11.875],"tintindex":0,"rotation":0,"texture":"#0"},"west":{"uv":[4.6875,0.0,5.53125,0.8125],"tintindex":0,"rotation":0,"texture":"#0"},"up":{"uv":[3.21875,11.84375,3.0,11.0],"tintindex":0,"rotation":0,"texture":"#0"},"down":{"uv":[2.59375,11.0625,2.375,11.90625],"tintindex":0,"rotation":0,"texture":"#0"}},"rotation":{"origin":[12.820449,15.215702,7.29368],"angle":-45.0,"axis":"z"}},{"from":[-4.3602123,15.086796,-0.0063199997],"to":[0.6196952,20.69514,14.393681],"faces":{"east":{"uv":[8.25,4.3125,9.15625,4.65625],"tintindex":0,"rotation":0,"texture":"#0"},"south":{"uv":[12.1875,3.5,12.5,3.84375],"tintindex":0,"rotation":0,"texture":"#0"},"north":{"uv":[0.6875,12.1875,1.0,12.53125],"tintindex":0,"rotation":0,"texture":"#0"},"west":{"uv":[8.3125,1.6875,9.21875,2.03125],"tintindex":0,"rotation":0,"texture":"#0"},"up":{"uv":[5.875,9.59375,5.5625,8.6875],"tintindex":0,"rotation":0,"texture":"#0"},"down":{"uv":[9.0,7.625,8.6875,8.53125],"tintindex":0,"rotation":0,"texture":"#0"}},"rotation":{"origin":[-1.8702583,17.890968,7.1936803],"angle":22.5,"axis":"z"}},{"from":[13.848027,14.587711,0.10630417],"to":[17.899548,22.250751,0.7066245],"faces":{"east":{"uv":[1.6875,8.125,1.71875,8.59375],"tintindex":0,"rotation":0,"texture":"#0"},"south":{"uv":[9.875,11.875,10.125,12.34375],"tintindex":0,"rotation":0,"texture":"#0"},"north":{"uv":[1.0625,11.875,1.3125,12.34375],"tintindex":0,"rotation":0,"texture":"#0"},"west":{"uv":[0.375,8.1875,0.40625,8.65625],"tintindex":0,"rotation":0,"texture":"#0"},"up":{"uv":[8.1875,4.84375,7.9375,4.8125],"tintindex":0,"rotation":0,"texture":"#0"},"down":{"uv":[8.5625,3.375,8.3125,3.40625],"tintindex":0,"rotation":0,"texture":"#0"}},"rotation":{"origin":[15.873787,18.419231,0.40646458],"angle":-45.0,"axis":"z"}},{"from":[5.75,6.183098,1.4274211],"to":[10.25,11.2831,5.427421],"faces":{"east":{"uv":[7.1875,12.5625,7.4375,12.875],"tintindex":0,"rotation":0,"texture":"#0"},"south":{"uv":[5.375,12.375,5.65625,12.6875],"tintindex":0,"rotation":0,"texture":"#0"},"north":{"uv":[4.625,12.375,4.90625,12.6875],"tintindex":0,"rotation":0,"texture":"#0"},"west":{"uv":[7.4375,12.5625,7.6875,12.875],"tintindex":0,"rotation":0,"texture":"#0"},"up":{"uv":[0.28125,12.875,0.0,12.625],"tintindex":0,"rotation":0,"texture":"#0"},"down":{"uv":[12.90625,1.8125,12.625,2.0625],"tintindex":0,"rotation":0,"texture":"#0"}},"rotation":{"origin":[8.0,8.733101,3.427421],"angle":-22.5,"axis":"x"}},{"from":[-3.1899529,9.900772,1.0421982],"to":[0.78995466,19.509113,13.442198],"faces":{"east":{"uv":[6.625,5.125,7.40625,5.71875],"tintindex":0,"rotation":0,"texture":"#0"},"south":{"uv":[0.4375,11.5,0.6875,12.09375],"tintindex":0,"rotation":0,"texture":"#0"},"north":{"uv":[10.875,11.375,11.125,11.96875],"tintindex":0,"rotation":0,"texture":"#0"},"west":{"uv":[6.625,5.75,7.40625,6.34375],"tintindex":0,"rotation":0,"texture":"#0"},"up":{"uv":[2.375,11.65625,2.125,10.875],"tintindex":0,"rotation":0,"texture":"#0"},"down":{"uv":[7.25,10.875,7.0,11.65625],"tintindex":0,"rotation":0,"texture":"#0"}},"rotation":{"origin":[-1.1999989,14.704945,7.242198],"angle":22.5,"axis":"z"}},{"from":[-0.6999998,17.571667,1.8120093],"to":[16.7,22.083607,13.108835],"faces":{"east":{"uv":[10.8125,3.875,11.53125,4.15625],"tintindex":0,"rotation":0,"texture":"#0"},"south":{"uv":[8.3125,2.375,9.40625,2.65625],"tintindex":0,"rotation":0,"texture":"#0"},"north":{"uv":[8.3125,2.0625,9.40625,2.34375],"tintindex":0,"rotation":0,"texture":"#0"},"west":{"uv":[10.8125,8.4375,11.53125,8.71875],"tintindex":0,"rotation":0,"texture":"#0"},"up":{"uv":[2.28125,4.59375,1.1875,3.875],"tintindex":0,"rotation":0,"texture":"#0"},"down":{"uv":[3.40625,3.875,2.3125,4.59375],"tintindex":0,"rotation":0,"texture":"#0"}},"rotation":{"origin":[8.0,19.82764,7.460422],"angle":-22.5,"axis":"x"}},{"from":[15.210045,9.900772,1.0421982],"to":[19.189953,19.509113,13.442198],"faces":{"east":{"uv":[2.4375,6.5625,3.21875,7.15625],"tintindex":0,"rotation":0,"texture":"#0"},"south":{"uv":[7.25,11.375,7.5,11.96875],"tintindex":0,"rotation":0,"texture":"#0"},"north":{"uv":[9.625,11.3125,9.875,11.90625],"tintindex":0,"rotation":0,"texture":"#0"},"west":{"uv":[6.625,4.0,7.40625,4.59375],"tintindex":0,"rotation":0,"texture":"#0"},"up":{"uv":[6.125,9.46875,5.875,8.6875],"tintindex":0,"rotation":0,"texture":"#0"},"down":{"uv":[2.125,10.875,1.875,11.65625],"tintindex":0,"rotation":0,"texture":"#0"}},"rotation":{"origin":[17.199999,14.704945,7.242198],"angle":-22.5,"axis":"z"}},{"from":[16.605743,10.415779,0.10630417],"to":[20.657265,18.07882,0.7066245],"faces":{"east":{"uv":[6.75,2.8125,6.78125,3.28125],"tintindex":0,"rotation":0,"texture":"#0"},"south":{"uv":[6.9375,11.6875,7.1875,12.15625],"tintindex":0,"rotation":0,"texture":"#0"},"north":{"uv":[6.625,0.0,6.875,0.46875],"tintindex":0,"rotation":0,"texture":"#0"},"west":{"uv":[6.875,0.0,6.90625,0.46875],"tintindex":0,"rotation":0,"texture":"#0"},"up":{"uv":[5.5625,3.53125,5.3125,3.5],"tintindex":0,"rotation":0,"texture":"#0"},"down":{"uv":[8.125,4.3125,7.875,4.34375],"tintindex":0,"rotation":0,"texture":"#0"}},"rotation":{"origin":[18.631504,14.247299,0.40646458],"angle":-45.0,"axis":"z"}},{"from":[8.853463,10.3554,0.5936804],"to":[18.861809,13.635307,14.19368],"faces":{"east":{"uv":[11.0625,2.9375,11.90625,3.15625],"tintindex":0,"rotation":0,"texture":"#0"},"south":{"uv":[11.625,10.9375,12.25,11.15625],"tintindex":0,"rotation":0,"texture":"#0"},"north":{"uv":[11.625,10.6875,12.25,10.90625],"tintindex":0,"rotation":0,"texture":"#0"},"west":{"uv":[11.0625,6.875,11.90625,7.09375],"tintindex":0,"rotation":0,"texture":"#0"},"up":{"uv":[6.125,1.65625,5.5,0.8125],"tintindex":0,"rotation":0,"texture":"#0"},"down":{"uv":[6.125,1.6875,5.5,2.53125],"tintindex":0,"rotation":0,"texture":"#0"}},"rotation":{"origin":[13.8576355,11.995354,7.39368],"angle":22.5,"axis":"z"}},{"from":[-0.6149416,7.0828934,0.5936804],"to":[9.393402,10.362801,14.19368],"faces":{"east":{"uv":[10.875,5.6875,11.71875,5.90625],"tintindex":0,"rotation":0,"texture":"#0"},"south":{"uv":[7.9375,6.75,8.5625,6.96875],"tintindex":0,"rotation":0,"texture":"#0"},"north":{"uv":[6.8125,3.75,7.4375,3.96875],"tintindex":0,"rotation":0,"texture":"#0"},"west":{"uv":[11.0625,2.6875,11.90625,2.90625],"tintindex":0,"rotation":0,"texture":"#0"},"up":{"uv":[3.0,6.28125,2.375,5.4375],"tintindex":0,"rotation":0,"texture":"#0"},"down":{"uv":[4.5,5.4375,3.875,6.28125],"tintindex":0,"rotation":0,"texture":"#0"}},"rotation":{"origin":[4.3892303,8.722847,7.39368],"angle":22.5,"axis":"z"}},{"from":[13.848027,14.587711,13.877771],"to":[17.899548,22.250751,14.478092],"faces":{"east":{"uv":[4.875,8.875,4.90625,9.34375],"tintindex":0,"rotation":0,"texture":"#0"},"south":{"uv":[9.625,11.9375,9.875,12.40625],"tintindex":0,"rotation":0,"texture":"#0"},"north":{"uv":[2.375,11.9375,2.625,12.40625],"tintindex":0,"rotation":0,"texture":"#0"},"west":{"uv":[5.8125,9.625,5.84375,10.09375],"tintindex":0,"rotation":0,"texture":"#0"},"up":{"uv":[9.25,1.65625,9.0,1.625],"tintindex":0,"rotation":0,"texture":"#0"},"down":{"uv":[9.25,8.5,9.0,8.53125],"tintindex":0,"rotation":0,"texture":"#0"}},"rotation":{"origin":[15.873787,18.419231,14.177932],"angle":-45.0,"axis":"z"}},{"from":[-1.1999998,9.504948,0.9421978],"to":[17.2,19.90495,13.542198],"faces":{"east":{"uv":[5.8125,5.8125,6.59375,6.46875],"tintindex":0,"rotation":0,"texture":"#0"},"south":{"uv":[1.1875,4.625,2.34375,5.28125],"tintindex":0,"rotation":0,"texture":"#0"},"north":{"uv":[3.4375,4.1875,4.59375,4.84375],"tintindex":0,"rotation":0,"texture":"#0"},"west":{"uv":[3.0,5.875,3.78125,6.53125],"tintindex":0,"rotation":0,"texture":"#0"},