{"textures":{"0":"modelengine:entity/hades","particle":"#0"},"elements":[{"from":[7.834323,-4.386345,4.3229504],"to":[14.101203,6.1813354,10.09831],"faces":{"east":{"uv":[5.4375,10.0625,5.8125,10.71875],"tintindex":0,"rotation":0,"texture":"#0"},"south":{"uv":[9.4375,0.0,9.84375,0.65625],"tintindex":0,"rotation":0,"texture":"#0"},"north":{"uv":[4.5,9.375,4.90625,10.03125],"tintindex":0,"rotation":0,"texture":"#0"},"west":{"uv":[1.5625,10.125,1.9375,10.78125],"tintindex":0,"rotation":0,"texture":"#0"},"up":{"uv":[0.40625,11.875,0.0,11.5],"tintindex":0,"rotation":0,"texture":"#0"},"down":{"uv":[6.46875,11.5,6.0625,11.875],"tintindex":0,"rotation":0,"texture":"#0"}}},{"from":[7.4455256,-5.067852,3.1586704],"to":[14.222895,-3.3774834,10.676309],"faces":{"east":{"uv":[12.875,5.375,13.34375,5.46875],"tintindex":0,"rotation":0,"texture":"#0"},"south":{"uv":[12.9375,3.5,13.375,3.59375],"tintindex":0,"rotation":0,"texture":"#0"},"north":{"uv":[12.9375,1.875,13.375,1.96875],"tintindex":0,"rotation":0,"texture":"#0"},"west":{"uv":[12.875,5.5,13.34375,5.59375],"tintindex":0,"rotation":0,"texture":"#0"},"up":{"uv":[11.125,2.09375,10.6875,1.625],"tintindex":0,"rotation":0,"texture":"#0"},"down":{"uv":[11.125,4.25,10.6875,4.71875],"tintindex":0,"rotation":0,"texture":"#0"}}},{"from":[8.752086,-6.6020203,4.3229504],"to":[13.183439,-2.1706657,10.090631],"faces":{"east":{"uv":[3.0,12.25,3.375,12.53125],"tintindex":0,"rotation":0,"texture":"#0"},"south":{"uv":[12.5625,4.5625,12.84375,4.84375],"tintindex":0,"rotation":0,"texture":"#0"},"north":{"uv":[12.5625,4.25,12.84375,4.53125],"tintindex":0,"rotation":0,"texture":"#0"},"west":{"uv":[3.875,12.25,4.25,12.53125],"tintindex":0,"rotation":0,"texture":"#0"},"up":{"uv":[12.53125,5.375,12.25,5.0],"tintindex":0,"rotation":0,"texture":"#0"},"down":{"uv":[12.53125,5.375,12.25,5.75],"tintindex":0,"rotation":0,"texture":"#0"}},"rotation":{"origin":[10.967763,-4.386345,7.2067904],"angle":45.0,"axis":"z"}},{"from":[7.245526,-5.267852,2.9586704],"to":[14.4228945,-3.1774833,10.876308],"faces":{"east":{"uv":[12.875,5.125,13.34375,5.21875],"tintindex":0,"rotation":0,"texture":"#0"},"south":{"uv":[12.9375,0.0,13.375,0.09375],"tintindex":0,"rotation":0,"texture":"#0"},"north":{"uv":[12.875,12.6875,13.3125,12.78125],"tintindex":0,"rotation":0,"texture":"#0"},"west":{"uv":[12.875,5.25,13.34375,5.34375],"tintindex":0,"rotation":0,"texture":"#0"},"up":{"uv":[4.3125,11.09375,3.875,10.625],"tintindex":0,"rotation":0,"texture":"#0"},"down":{"uv":[4.75,10.625,4.3125,11.09375],"tintindex":0,"rotation":0,"texture":"#0"}}},{"from":[7.5997624,2.2485588,1.8786743],"to":[14.999762,10.648559,10.278674],"faces":{"east":{"uv":[0.4375,10.0,0.9375,10.5],"tintindex":0,"rotation":0,"texture":"#0"},"south":{"uv":[10.4375,1.125,10.875,1.625],"tintindex":0,"rotation":0,"texture":"#0"},"north":{"uv":[0.9375,10.4375,1.375,10.9375],"tintindex":0,"rotation":0,"texture":"#0"},"west":{"uv":[10.0,0.625,10.5,1.125],"tintindex":0,"rotation":0,"texture":"#0"},"up":{"uv":[10.875,5.9375,10.4375,5.4375],"tintindex":0,"rotation":0,"texture":"#0"},"down":{"uv":[7.0,10.4375,6.5625,10.9375],"tintindex":0,"rotation":0,"texture":"#0"}},"rotation":{"origin":[11.299762,6.448559,6.0786743],"angle":-45.0,"axis":"x"}},{"from":[7.7997622,2.4485588,2.0786743],"to":[14.799762,10.448559,10.078674],"faces":{"east":{"uv":[9.9375,5.5625,10.4375,6.0625],"tintindex":0,"rotation":0,"texture":"#0"},"south":{"uv":[8.6875,10.375,9.125,10.875],"tintindex":0,"rotation":0,"texture":"#0"},"north":{"uv":[10.375,8.625,10.8125,9.125],"tintindex":0,"rotation":0,"texture":"#0"},"west":{"uv":[9.9375,8.125,10.4375,8.625],"tintindex":0,"rotation":0,"texture":"#0"},"up":{"uv":[9.5625,10.875,9.125,10.375],"tintindex":0,"rotation":0,"texture":"#0"},"down":{"uv":[10.0,10.375,9.5625,10.875],"tintindex":0,"rotation":0,"texture":"#0"}},"rotation":{"origin":[11.299762,6.448559,6.0786743],"angle":-45.0,"axis":"x"}},{"from":[7.943763,1.5308533,1.8004718],"to":[13.991763,5.1555023,7.8827214],"faces":{"east":{"uv":[6.0,12.5,6.375,12.71875],"tintindex":0,"rotation":0,"texture":"#0"},"south":{"uv":[12.5625,2.125,12.9375,2.34375],"tintindex":0,"rotation":0,"texture":"#0"},"north":{"uv":[3.5,12.5,3.875,12.71875],"tintindex":0,"rotation":0,"texture":"#0"},"west":{"uv":[12.5625,2.375,12.9375,2.59375],"tintindex":0,"rotation":0,"texture":"#0"},"up":{"uv":[11.9375,6.3125,11.5625,5.9375],"tintindex":0,"rotation":0,"texture":"#0"},"down":{"uv":[11.9375,8.25,11.5625,8.625],"tintindex":0,"rotation":0,"texture":"#0"}},"rotation":{"origin":[10.967763,3.3431778,4.8415966],"angle":22.5,"axis":"x"}},{"from":[7.991763,-4.144043,2.7261567],"to":[13.943762,3.6585274,5.4906464],"faces":{"east":{"uv":[4.25,12.375,4.4375,12.875],"tintindex":0,"rotation":0,"texture":"#0"},"south":{"uv":[0.8125,10.9375,1.1875,11.4375],"tintindex":0,"rotation":0,"texture":"#0"},"north":{"uv":[10.9375,0.5,11.3125,1.0],"tintindex":0,"rotation":0,"texture":"#0"},"west":{"uv":[4.4375,12.375,4.625,12.875],"tintindex":0,"rotation":0,"texture":"#0"},"up":{"uv":[13.0,3.5,12.625,3.3125],"tintindex":0,"rotation":0,"texture":"#0"},"down":{"uv":[13.0,6.25,12.625,6.4375],"tintindex":0,"rotation":0,"texture":"#0"}},"rotation":{"origin":[10.967762,-0.2427597,4.1084013],"angle":-22.5,"axis":"x"}}],"display":{"head":{"rotation":[0.0,0.0,0.0]},"firstperson_righthand":{"rotation":[0.0,0.0,0.0]},"thirdperson_lefthand":{"rotation":[0.0,0.0,0.0]},"firstperson_lefthand":{"rotation":[0.0,0.0,0.0]},"fixed":{"rotation":[0.0,0.0,0.0]},"ground":{"rotation":[0.0,0.0,0.0]},"thirdperson_righthand":{"rotation":[0.0,0.0,0.0]},"gui":{"rotation":[-150.0,-45.0,180.0]}}}