{"textures":{"0":"modelengine:entity/hades","particle":"#0"},"elements":[{"from":[6.197381,-8.760084,1.3869815],"to":[10.397381,-7.055807,4.10576],"faces":{"east":{"uv":[0.625,13.125,0.78125,13.21875],"tintindex":0,"rotation":0,"texture":"#0"},"south":{"uv":[12.4375,0.1875,12.6875,0.28125],"tintindex":0,"rotation":0,"texture":"#0"},"north":{"uv":[7.1875,12.0,7.4375,12.09375],"tintindex":0,"rotation":0,"texture":"#0"},"west":{"uv":[1.5625,13.125,1.71875,13.21875],"tintindex":0,"rotation":0,"texture":"#0"},"up":{"uv":[13.1875,8.71875,12.9375,8.5625],"tintindex":0,"rotation":0,"texture":"#0"},"down":{"uv":[13.1875,9.5625,12.9375,9.71875],"tintindex":0,"rotation":0,"texture":"#0"}},"rotation":{"origin":[8.29738,-7.9079456,2.7463713],"angle":-22.5,"axis":"x"}},{"from":[3.467381,-0.67181015,1.8742619],"to":[13.12738,6.7281914,12.114262],"faces":{"east":{"uv":[6.875,8.625,7.5,9.09375],"tintindex":0,"rotation":0,"texture":"#0"},"south":{"uv":[8.9375,2.6875,9.53125,3.15625],"tintindex":0,"rotation":0,"texture":"#0"},"north":{"uv":[4.25,8.875,4.84375,9.34375],"tintindex":0,"rotation":0,"texture":"#0"},"west":{"uv":[7.5,8.625,8.125,9.09375],"tintindex":0,"rotation":0,"texture":"#0"},"up":{"uv":[7.90625,3.4375,7.3125,2.8125],"tintindex":0,"rotation":0,"texture":"#0"},"down":{"uv":[3.59375,7.375,3.0,8.0],"tintindex":0,"rotation":0,"texture":"#0"}}},{"from":[1.8464293,3.3817272,0.30197525],"to":[7.2034307,9.425007,13.741974],"faces":{"east":{"uv":[7.875,6.0,8.71875,6.375],"tintindex":0,"rotation":0,"texture":"#0"},"south":{"uv":[0.6875,11.8125,1.03125,12.1875],"tintindex":0,"rotation":0,"texture":"#0"},"north":{"uv":[10.4375,11.75,10.78125,12.125],"tintindex":0,"rotation":0,"texture":"#0"},"west":{"uv":[7.9375,6.375,8.78125,6.75],"tintindex":0,"rotation":0,"texture":"#0"},"up":{"uv":[2.46875,9.53125,2.125,8.6875],"tintindex":0,"rotation":0,"texture":"#0"},"down":{"uv":[2.84375,8.6875,2.5,9.53125],"tintindex":0,"rotation":0,"texture":"#0"}},"rotation":{"origin":[4.5249295,6.403366,7.0219746],"angle":-45.0,"axis":"z"}},{"from":[3.8944135,7.5731583,0.25197506],"to":[9.754414,12.673161,13.791974],"faces":{"east":{"uv":[9.4375,6.875,10.28125,7.1875],"tintindex":0,"rotation":0,"texture":"#0"},"south":{"uv":[5.5,12.0625,5.875,12.375],"tintindex":0,"rotation":0,"texture":"#0"},"north":{"uv":[4.6875,12.0625,5.0625,12.375],"tintindex":0,"rotation":0,"texture":"#0"},"west":{"uv":[9.4375,7.1875,10.28125,7.5],"tintindex":0,"rotation":0,"texture":"#0"},"up":{"uv":[5.5625,8.78125,5.1875,7.9375],"tintindex":0,"rotation":0,"texture":"#0"},"down":{"uv":[2.125,8.0,1.75,8.84375],"tintindex":0,"rotation":0,"texture":"#0"}},"rotation":{"origin":[6.8244133,10.1231575,7.0219746],"angle":-22.5,"axis":"z"}},{"from":[4.5723805,-7.8322315,0.70242023],"to":[11.772381,-2.9279556,3.9211988],"faces":{"east":{"uv":[3.6875,12.75,3.875,13.0625],"tintindex":0,"rotation":0,"texture":"#0"},"south":{"uv":[11.625,11.1875,12.0625,11.5],"tintindex":0,"rotation":0,"texture":"#0"},"north":{"uv":[11.125,11.625,11.5625,11.9375],"tintindex":0,"rotation":0,"texture":"#0"},"west":{"uv":[6.0,12.75,6.1875,13.0625],"tintindex":0,"rotation":0,"texture":"#0"},"up":{"uv":[13.0,4.0625,12.5625,3.875],"tintindex":0,"rotation":0,"texture":"#0"},"down":{"uv":[13.0,4.0625,12.5625,4.25],"tintindex":0,"rotation":0,"texture":"#0"}}},{"from":[4.517381,-7.3659363,3.5686388],"to":[12.077381,-0.36166,10.267418],"faces":{"east":{"uv":[11.1875,10.75,11.59375,11.1875],"tintindex":0,"rotation":0,"texture":"#0"},"south":{"uv":[5.6875,10.8125,6.15625,11.25],"tintindex":0,"rotation":0,"texture":"#0"},"north":{"uv":[1.375,10.8125,1.84375,11.25],"tintindex":0,"rotation":0,"texture":"#0"},"west":{"uv":[11.1875,11.1875,11.59375,11.625],"tintindex":0,"rotation":0,"texture":"#0"},"up":{"uv":[9.46875,11.28125,9.0,10.875],"tintindex":0,"rotation":0,"texture":"#0"},"down":{"uv":[9.96875,10.875,9.5,11.28125],"tintindex":0,"rotation":0,"texture":"#0"}},"rotation":{"origin":[8.29738,-3.8637981,6.918028],"angle":-45.0,"axis":"x"}},{"from":[2.717937,-6.7600613,1.8019753],"to":[8.074938,-0.7167835,12.1419735],"faces":{"east":{"uv":[10.1875,2.4375,10.84375,2.8125],"tintindex":0,"rotation":0,"texture":"#0"},"south":{"uv":[6.5,11.8125,6.84375,12.1875],"tintindex":0,"rotation":0,"texture":"#0"},"north":{"uv":[11.8125,3.5,12.15625,3.875],"tintindex":0,"rotation":0,"texture":"#0"},"west":{"uv":[10.1875,3.5,10.84375,3.875],"tintindex":0,"rotation":0,"texture":"#0"},"up":{"uv":[3.40625,10.96875,3.0625,10.3125],"tintindex":0,"rotation":0,"texture":"#0"},"down":{"uv":[10.65625,4.25,10.3125,4.90625],"tintindex":0,"rotation":0,"texture":"#0"}},"rotation":{"origin":[5.3964376,-3.7384224,6.9719744],"angle":-22.5,"axis":"z"}},{"from":[4.417381,-3.9718094,2.0742621],"to":[12.1773815,10.428192,11.914261],"faces":{"east":{"uv":[5.3125,2.5625,5.9375,3.46875],"tintindex":0,"rotation":0,"texture":"#0"},"south":{"uv":[1.75,7.0625,2.25,7.96875],"tintindex":0,"rotation":0,"texture":"#0"},"north":{"uv":[5.1875,7.0,5.6875,7.90625],"tintindex":0,"rotation":0,"texture":"#0"},"west":{"uv":[0.0,5.375,0.625,6.28125],"tintindex":0,"rotation":0,"texture":"#0"},"up":{"uv":[1.6875,8.75,1.1875,8.125],"tintindex":0,"rotation":0,"texture":"#0"},"down":{"uv":[4.75,8.25,4.25,8.875],"tintindex":0,"rotation":0,"texture":"#0"}}},{"from":[3.1673808,-1.9718094,1.751975],"to":[9.027381,3.128191,12.191975],"faces":{"east":{"uv":[10.75,7.5625,11.40625,7.875],"tintindex":0,"rotation":0,"texture":"#0"},"south":{"uv":[12.0625,11.1875,12.4375,11.5],"tintindex":0,"rotation":0,"texture":"#0"},"north":{"uv":[12.0625,8.5625,12.4375,8.875],"tintindex":0,"rotation":0,"texture":"#0"},"west":{"uv":[10.75,9.4375,11.40625,9.75],"tintindex":0,"rotation":0,"texture":"#0"},"up":{"uv":[6.5625,10.78125,6.1875,10.125],"tintindex":0,"rotation":0,"texture":"#0"},"down":{"uv":[8.25,10.125,7.875,10.78125],"tintindex":0,"rotation":0,"texture":"#0"}}}],"display":{"head":{"rotation":[0.0,0.0,0.0]},"firstperson_righthand":{"rotation":[0.0,0.0,0.0]},"thirdperson_lefthand":{"rotation":[0.0,0.0,0.0]},"firstperson_lefthand":{"rotation":[0.0,0.0,0.0]},"fixed":{"rotation":[0.0,0.0,0.0]},"ground":{"rotation":[0.0,0.0,0.0]},"thirdperson_righthand":{"rotation":[0.0,0.0,0.0]},"gui":{"rotation":[-150.0,-45.0,180.0]}}}