{"textures":{"0":"modelengine:entity/hades","particle":"#0"},"elements":[{"from":[4.1226196,1.7399468,-0.43758106],"to":[11.682619,5.3811436,5.077532],"faces":{"east":{"uv":[12.125,12.5625,12.46875,12.78125],"tintindex":0,"rotation":0,"texture":"#0"},"south":{"uv":[12.25,9.3125,12.71875,9.53125],"tintindex":0,"rotation":0,"texture":"#0"},"north":{"uv":[12.25,7.75,12.71875,7.96875],"tintindex":0,"rotation":0,"texture":"#0"},"west":{"uv":[12.5,12.5625,12.84375,12.78125],"tintindex":0,"rotation":0,"texture":"#0"},"up":{"uv":[9.90625,8.46875,9.4375,8.125],"tintindex":0,"rotation":0,"texture":"#0"},"down":{"uv":[11.78125,3.5,11.3125,3.84375],"tintindex":0,"rotation":0,"texture":"#0"}}},{"from":[4.1226196,1.7399468,5.977532],"to":[11.682619,6.17115,11.045601],"faces":{"east":{"uv":[12.375,7.3125,12.6875,7.59375],"tintindex":0,"rotation":0,"texture":"#0"},"south":{"uv":[11.6875,2.375,12.15625,2.65625],"tintindex":0,"rotation":0,"texture":"#0"},"north":{"uv":[1.875,11.6875,2.34375,11.96875],"tintindex":0,"rotation":0,"texture":"#0"},"west":{"uv":[12.375,9.0,12.6875,9.28125],"tintindex":0,"rotation":0,"texture":"#0"},"up":{"uv":[6.03125,0.8125,5.5625,0.5],"tintindex":0,"rotation":0,"texture":"#0"},"down":{"uv":[11.90625,7.5625,11.4375,7.875],"tintindex":0,"rotation":0,"texture":"#0"}}},{"from":[4.1226196,3.2399468,5.0970345],"to":[11.682619,6.2398257,5.977532],"faces":{"east":{"uv":[3.4375,3.875,3.5,4.0625],"tintindex":0,"rotation":0,"texture":"#0"},"south":{"uv":[7.1875,12.375,7.65625,12.5625],"tintindex":0,"rotation":0,"texture":"#0"},"north":{"uv":[12.375,7.125,12.84375,7.3125],"tintindex":0,"rotation":0,"texture":"#0"},"west":{"uv":[5.75,4.0,5.8125,4.1875],"tintindex":0,"rotation":0,"texture":"#0"},"up":{"uv":[5.15625,4.1875,4.6875,4.125],"tintindex":0,"rotation":0,"texture":"#0"},"down":{"uv":[5.65625,4.125,5.1875,4.1875],"tintindex":0,"rotation":0,"texture":"#0"}}},{"from":[4.042619,4.011139,5.898782],"to":[11.762619,8.175415,10.47756],"faces":{"east":{"uv":[5.0625,12.625,5.34375,12.875],"tintindex":0,"rotation":0,"texture":"#0"},"south":{"uv":[12.0625,4.5,12.53125,4.75],"tintindex":0,"rotation":0,"texture":"#0"},"north":{"uv":[2.4375,6.3125,2.90625,6.5625],"tintindex":0,"rotation":0,"texture":"#0"},"west":{"uv":[12.625,6.875,12.90625,7.125],"tintindex":0,"rotation":0,"texture":"#0"},"up":{"uv":[12.09375,11.78125,11.625,11.5],"tintindex":0,"rotation":0,"texture":"#0"},"down":{"uv":[1.84375,11.6875,1.375,11.96875],"tintindex":0,"rotation":0,"texture":"#0"}},"rotation":{"origin":[7.9026194,6.093277,8.188171],"angle":45.0,"axis":"x"}},{"from":[4.6226196,2.782404,2.4920292],"to":[11.182619,8.297516,5.1332264],"faces":{"east":{"uv":[10.9375,12.8125,11.09375,13.15625],"tintindex":0,"rotation":0,"texture":"#0"},"south":{"uv":[11.625,4.625,12.03125,4.96875],"tintindex":0,"rotation":0,"texture":"#0"},"north":{"uv":[11.625,0.0,12.03125,0.34375],"tintindex":0,"rotation":0,"texture":"#0"},"west":{"uv":[11.5625,12.8125,11.71875,13.15625],"tintindex":0,"rotation":0,"texture":"#0"},"up":{"uv":[13.09375,2.96875,12.6875,2.8125],"tintindex":0,"rotation":0,"texture":"#0"},"down":{"uv":[13.09375,3.0,12.6875,3.15625],"tintindex":0,"rotation":0,"texture":"#0"}},"rotation":{"origin":[7.9026194,5.53996,3.8126278],"angle":45.0,"axis":"x"}}],"display":{"head":{"rotation":[0.0,0.0,0.0]},"firstperson_righthand":{"rotation":[0.0,0.0,0.0]},"thirdperson_lefthand":{"rotation":[0.0,0.0,0.0]},"firstperson_lefthand":{"rotation":[0.0,0.0,0.0]},"fixed":{"rotation":[0.0,0.0,0.0]},"ground":{"rotation":[0.0,0.0,0.0]},"thirdperson_righthand":{"rotation":[0.0,0.0,0.0]},"gui":{"rotation":[-150.0,-45.0,180.0]}}}