{"textures":{"0":"modelengine:entity/hades","particle":"#0"},"elements":[{"from":[4.3819065,-3.3348198,3.3904948],"to":[10.753618,6.5781403,10.512543],"faces":{"east":{"uv":[9.0,6.625,9.4375,7.25],"tintindex":0,"rotation":0,"texture":"#0"},"south":{"uv":[9.875,4.3125,10.28125,4.9375],"tintindex":0,"rotation":0,"texture":"#0"},"north":{"uv":[9.875,0.0,10.28125,0.625],"tintindex":0,"rotation":0,"texture":"#0"},"west":{"uv":[9.0,7.25,9.4375,7.875],"tintindex":0,"rotation":0,"texture":"#0"},"up":{"uv":[4.34375,11.5625,3.9375,11.125],"tintindex":0,"rotation":0,"texture":"#0"},"down":{"uv":[11.53125,4.1875,11.125,4.625],"tintindex":0,"rotation":0,"texture":"#0"}}},{"from":[3.9455254,2.232144,2.9586704],"to":[11.122894,4.3225126,10.876308],"faces":{"east":{"uv":[7.125,12.875,7.59375,12.96875],"tintindex":0,"rotation":0,"texture":"#0"},"south":{"uv":[12.9375,7.0,13.375,7.09375],"tintindex":0,"rotation":0,"texture":"#0"},"north":{"uv":[12.9375,6.875,13.375,6.96875],"tintindex":0,"rotation":0,"texture":"#0"},"west":{"uv":[12.875,7.125,13.34375,7.21875],"tintindex":0,"rotation":0,"texture":"#0"},"up":{"uv":[5.1875,11.21875,4.75,10.75],"tintindex":0,"rotation":0,"texture":"#0"},"down":{"uv":[11.1875,4.75,10.75,5.21875],"tintindex":0,"rotation":0,"texture":"#0"}}},{"from":[4.3828344,4.0601196,4.4334955],"to":[10.682835,9.096165,9.469543],"faces":{"east":{"uv":[12.375,2.6875,12.6875,3.0],"tintindex":0,"rotation":0,"texture":"#0"},"south":{"uv":[11.875,10.375,12.28125,10.6875],"tintindex":0,"rotation":0,"texture":"#0"},"north":{"uv":[11.875,10.0625,12.28125,10.375],"tintindex":0,"rotation":0,"texture":"#0"},"west":{"uv":[12.375,3.0,12.6875,3.3125],"tintindex":0,"rotation":0,"texture":"#0"},"up":{"uv":[12.34375,0.6875,11.9375,0.375],"tintindex":0,"rotation":0,"texture":"#0"},"down":{"uv":[12.34375,2.6875,11.9375,3.0],"tintindex":0,"rotation":0,"texture":"#0"}},"rotation":{"origin":[7.532835,6.5781403,6.951519],"angle":45.0,"axis":"x"}},{"from":[4.3926907,-5.872509,4.441641],"to":[10.692691,-0.82016754,9.461398],"faces":{"east":{"uv":[1.5625,12.375,1.875,12.6875],"tintindex":0,"rotation":0,"texture":"#0"},"south":{"uv":[6.0,11.875,6.40625,12.1875],"tintindex":0,"rotation":0,"texture":"#0"},"north":{"uv":[11.875,1.875,12.28125,2.1875],"tintindex":0,"rotation":0,"texture":"#0"},"west":{"uv":[1.875,12.375,2.1875,12.6875],"tintindex":0,"rotation":0,"texture":"#0"},"up":{"uv":[12.28125,6.625,11.875,6.3125],"tintindex":0,"rotation":0,"texture":"#0"},"down":{"uv":[12.28125,9.75,11.875,10.0625],"tintindex":0,"rotation":0,"texture":"#0"}},"rotation":{"origin":[7.5426903,-3.3463402,6.951519],"angle":45.0,"axis":"x"}},{"from":[4.1455255,2.4321442,3.1586704],"to":[10.9228945,4.122513,10.676309],"faces":{"east":{"uv":[12.875,5.625,13.34375,5.71875],"tintindex":0,"rotation":0,"texture":"#0"},"south":{"uv":[12.9375,3.75,13.375,3.84375],"tintindex":0,"rotation":0,"texture":"#0"},"north":{"uv":[12.9375,3.625,13.375,3.71875],"tintindex":0,"rotation":0,"texture":"#0"},"west":{"uv":[6.3125,12.875,6.78125,12.96875],"tintindex":0,"rotation":0,"texture":"#0"},"up":{"uv":[11.125,6.40625,10.6875,5.9375],"tintindex":0,"rotation":0,"texture":"#0"},"down":{"uv":[11.1875,0.0,10.75,0.46875],"tintindex":0,"rotation":0,"texture":"#0"}}},{"from":[4.1819067,-3.5348198,3.1904948],"to":[10.953618,6.77814,10.712543],"faces":{"east":{"uv":[9.0,7.875,9.4375,8.5],"tintindex":0,"rotation":0,"texture":"#0"},"south":{"uv":[9.875,7.5,10.28125,8.125],"tintindex":0,"rotation":0,"texture":"#0"},"north":{"uv":[9.875,4.9375,10.28125,5.5625],"tintindex":0,"rotation":0,"texture":"#0"},"west":{"uv":[8.5625,9.0625,9.0,9.6875],"tintindex":0,"rotation":0,"texture":"#0"},"up":{"uv":[11.53125,6.375,11.125,5.9375],"tintindex":0,"rotation":0,"texture":"#0"},"down":{"uv":[11.59375,0.0,11.1875,0.4375],"tintindex":0,"rotation":0,"texture":"#0"}}}],"display":{"head":{"rotation":[0.0,0.0,0.0]},"firstperson_righthand":{"rotation":[0.0,0.0,0.0]},"thirdperson_lefthand":{"rotation":[0.0,0.0,0.0]},"firstperson_lefthand":{"rotation":[0.0,0.0,0.0]},"fixed":{"rotation":[0.0,0.0,0.0]},"ground":{"rotation":[0.0,0.0,0.0]},"thirdperson_righthand":{"rotation":[0.0,0.0,0.0]},"gui":{"rotation":[-150.0,-45.0,180.0]}}}