{"textures":{"0":"modelengine:entity/hades","particle":"#0"},"elements":[{"from":[5.087381,-3.9103355,9.414186],"to":[10.307381,6.521446,13.572573],"faces":{"east":{"uv":[8.625,11.3125,8.875,11.96875],"tintindex":0,"rotation":0,"texture":"#0"},"south":{"uv":[6.1875,10.8125,6.5,11.46875],"tintindex":0,"rotation":0,"texture":"#0"},"north":{"uv":[2.6875,10.8125,3.0,11.46875],"tintindex":0,"rotation":0,"texture":"#0"},"west":{"uv":[8.875,11.3125,9.125,11.96875],"tintindex":0,"rotation":0,"texture":"#0"},"up":{"uv":[9.25,12.8125,8.9375,12.5625],"tintindex":0,"rotation":0,"texture":"#0"},"down":{"uv":[9.5625,12.5625,9.25,12.8125],"tintindex":0,"rotation":0,"texture":"#0"}},"rotation":{"origin":[7.6973805,1.3055544,11.49338],"angle":22.5,"axis":"x"}},{"from":[4.3973804,-7.6399994,5.00958],"to":[10.997381,6.961197,11.524693],"faces":{"east":{"uv":[7.4375,0.0,7.84375,0.90625],"tintindex":0,"rotation":0,"texture":"#0"},"south":{"uv":[7.4375,3.4375,7.84375,4.34375],"tintindex":0,"rotation":0,"texture":"#0"},"north":{"uv":[4.4375,7.3125,4.84375,8.21875],"tintindex":0,"rotation":0,"texture":"#0"},"west":{"uv":[7.4375,5.125,7.84375,6.03125],"tintindex":0,"rotation":0,"texture":"#0"},"up":{"uv":[6.03125,11.65625,5.625,11.25],"tintindex":0,"rotation":0,"texture":"#0"},"down":{"uv":[11.71875,5.0625,11.3125,5.46875],"tintindex":0,"rotation":0,"texture":"#0"}}},{"from":[5.363928,4.6277447,5.044692],"to":[10.030833,9.294649,11.524692],"faces":{"east":{"uv":[12.125,11.5,12.53125,11.78125],"tintindex":0,"rotation":0,"texture":"#0"},"south":{"uv":[6.6875,12.5625,6.96875,12.84375],"tintindex":0,"rotation":0,"texture":"#0"},"north":{"uv":[6.375,12.5625,6.65625,12.84375],"tintindex":0,"rotation":0,"texture":"#0"},"west":{"uv":[11.6875,12.125,12.09375,12.40625],"tintindex":0,"rotation":0,"texture":"#0"},"up":{"uv":[12.40625,12.53125,12.125,12.125],"tintindex":0,"rotation":0,"texture":"#0"},"down":{"uv":[0.28125,12.1875,0.0,12.59375],"tintindex":0,"rotation":0,"texture":"#0"}},"rotation":{"origin":[7.6973805,6.961197,8.284692],"angle":45.0,"axis":"z"}}],"display":{"head":{"rotation":[0.0,0.0,0.0]},"firstperson_righthand":{"rotation":[0.0,0.0,0.0]},"thirdperson_lefthand":{"rotation":[0.0,0.0,0.0]},"firstperson_lefthand":{"rotation":[0.0,0.0,0.0]},"fixed":{"rotation":[0.0,0.0,0.0]},"ground":{"rotation":[0.0,0.0,0.0]},"thirdperson_righthand":{"rotation":[0.0,0.0,0.0]},"gui":{"rotation":[-150.0,-45.0,180.0]}}}