{"textures":{"0":"modelengine:entity/hades","particle":"#0"},"elements":[{"from":[7.4666667,7.566667,-1.5],"to":[8.466666,8.566667,1.833333],"faces":{"east":{"uv":[9.625,12.0,9.0,12.1875],"tintindex":0,"rotation":0,"texture":"#0"},"south":{"uv":[13.1875,3.3125,13.0,3.5],"tintindex":0,"rotation":0,"texture":"#0"},"north":{"uv":[13.1875,1.125,13.0,1.3125],"tintindex":0,"rotation":0,"texture":"#0"},"west":{"uv":[12.625,1.3125,12.0,1.5],"tintindex":0,"rotation":0,"texture":"#0"},"up":{"uv":[6.125,8.5,6.3125,7.875],"tintindex":0,"rotation":0,"texture":"#0"},"down":{"uv":[4.75,8.25,4.9375,8.875],"tintindex":0,"rotation":0,"texture":"#0"}}},{"from":[7.753333,9.901413,-7.096138],"to":[8.18,11.551329,-5.4462233],"faces":{"east":{"uv":[8.4375,12.3125,8.125,12.625],"tintindex":0,"rotation":0,"texture":"#0"},"south":{"uv":[13.15625,0.125,13.0625,0.4375],"tintindex":0,"rotation":0,"texture":"#0"},"north":{"uv":[12.03125,13.0,11.9375,13.3125],"tintindex":0,"rotation":0,"texture":"#0"},"west":{"uv":[12.625,6.25,12.3125,6.5625],"tintindex":0,"rotation":0,"texture":"#0"},"up":{"uv":[13.0625,0.75,13.15625,0.4375],"tintindex":0,"rotation":0,"texture":"#0"},"down":{"uv":[13.0625,1.4375,13.15625,1.75],"tintindex":0,"rotation":0,"texture":"#0"}},"rotation":{"origin":[7.9666667,10.726371,-6.271181],"angle":22.5,"axis":"x"}},{"from":[7.633333,5.6690354,6.8214884],"to":[8.3,6.402369,9.511845],"faces":{"east":{"uv":[11.375,8.3125,10.875,8.4375],"tintindex":0,"rotation":0,"texture":"#0"},"south":{"uv":[10.0,11.75,9.875,11.875],"tintindex":0,"rotation":0,"texture":"#0"},"north":{"uv":[3.375,11.0,3.25,11.125],"tintindex":0,"rotation":0,"texture":"#0"},"west":{"uv":[9.5,4.75,9.0,4.875],"tintindex":0,"rotation":0,"texture":"#0"},"up":{"uv":[0.4375,7.75,0.5625,7.25],"tintindex":0,"rotation":0,"texture":"#0"},"down":{"uv":[5.5625,7.9375,5.6875,8.4375],"tintindex":0,"rotation":0,"texture":"#0"}}},{"from":[7.7516665,10.178375,-1.2390919],"to":[8.181666,12.511709,1.9942417],"faces":{"east":{"uv":[2.59375,9.5625,2.0,10.0],"tintindex":0,"rotation":0,"texture":"#0"},"south":{"uv":[1.28125,12.9375,1.1875,13.375],"tintindex":0,"rotation":0,"texture":"#0"},"north":{"uv":[1.15625,12.9375,1.0625,13.375],"tintindex":0,"rotation":0,"texture":"#0"},"west":{"uv":[1.03125,9.5625,0.4375,10.0],"tintindex":0,"rotation":0,"texture":"#0"},"up":{"uv":[6.1875,13.34375,6.28125,12.75],"tintindex":0,"rotation":0,"texture":"#0"},"down":{"uv":[7.0,12.75,7.09375,13.34375],"tintindex":0,"rotation":0,"texture":"#0"}},"rotation":{"origin":[7.9666667,11.345042,0.37757492],"angle":22.5,"axis":"x"}},{"from":[7.2166667,7.4774113,-1.8559227],"to":[8.716666,8.655923,-0.6774111],"faces":{"east":{"uv":[1.78125,12.875,1.5625,13.09375],"tintindex":0,"rotation":0,"texture":"#0"},"south":{"uv":[5.65625,12.6875,5.375,12.90625],"tintindex":0,"rotation":0,"texture":"#0"},"north":{"uv":[4.90625,12.6875,4.625,12.90625],"tintindex":0,"rotation":0,"texture":"#0"},"west":{"uv":[0.90625,12.875,0.6875,13.09375],"tintindex":0,"rotation":0,"texture":"#0"},"up":{"uv":[12.6875,6.84375,12.96875,6.625],"tintindex":0,"rotation":0,"texture":"#0"},"down":{"uv":[12.6875,7.3125,12.96875,7.53125],"tintindex":0,"rotation":0,"texture":"#0"}},"rotation":{"origin":[7.9666667,8.066667,-1.2666664],"angle":45.0,"axis":"x"}},{"from":[7.7516665,10.178375,-6.3942413],"to":[8.181666,12.511709,-3.1609097],"faces":{"east":{"uv":[10.09375,3.875,9.5,4.3125],"tintindex":0,"rotation":0,"texture":"#0"},"south":{"uv":[1.03125,12.9375,0.9375,13.375],"tintindex":0,"rotation":0,"texture":"#0"},"north":{"uv":[5.34375,12.875,5.25,13.3125],"tintindex":0,"rotation":0,"texture":"#0"},"west":{"uv":[6.71875,2.125,6.125,2.5625],"tintindex":0,"rotation":0,"texture":"#0"},"up":{"uv":[2.125,8.59375,2.21875,8.0],"tintindex":0,"rotation":0,"texture":"#0"},"down":{"uv":[3.375,8.625,3.46875,9.21875],"tintindex":0,"rotation":0,"texture":"#0"}},"rotation":{"origin":[7.9666667,11.345042,-4.7775755],"angle":-22.5,"axis":"x"}},{"from":[7.9,7.016667,-7.333334],"to":[8.033333,9.116668,-3.0],"faces":{"east":{"uv":[8.625,7.5625,7.8125,7.96875],"tintindex":0,"rotation":0,"texture":"#0"},"south":{"uv":[3.84375,5.875,3.8125,6.28125],"tintindex":0,"rotation":0,"texture":"#0"},"north":{"uv":[3.21875,5.4375,3.1875,5.84375],"tintindex":0,"rotation":0,"texture":"#0"},"west":{"uv":[8.25,4.375,7.4375,4.78125],"tintindex":0,"rotation":0,"texture":"#0"},"up":{"uv":[1.125,7.1875,1.15625,6.375],"tintindex":0,"rotation":0,"texture":"#0"},"down":{"uv":[9.5,12.8125,9.53125,13.625],"tintindex":0,"rotation":0,"texture":"#0"}}},{"from":[7.636667,6.611845,5.8786793],"to":[8.296666,7.8785114,6.612013],"faces":{"east":{"uv":[6.1875,11.25,6.0625,11.5],"tintindex":0,"rotation":0,"texture":"#0"},"south":{"uv":[9.4375,9.75,9.3125,10.0],"tintindex":0,"rotation":0,"texture":"#0"},"north":{"uv":[1.6875,9.25,1.5625,9.5],"tintindex":0,"rotation":0,"texture":"#0"},"west":{"uv":[6.875,9.5,6.75,9.75],"tintindex":0,"rotation":0,"texture":"#0"},"up":{"uv":[11.9375,4.625,12.0625,4.5],"tintindex":0,"rotation":0,"texture":"#0"},"down":{"uv":[10.25,12.0,10.375,12.125],"tintindex":0,"rotation":0,"texture":"#0"}}},{"from":[7.25,7.2333336,-3.2666664],"to":[8.683333,8.900001,-1.2666664],"faces":{"east":{"uv":[12.375,11.8125,12.0,12.125],"tintindex":0,"rotation":0,"texture":"#0"},"south":{"uv":[12.65625,6.5625,12.375,6.875],"tintindex":0,"rotation":0,"texture":"#0"},"north":{"uv":[12.65625,5.9375,12.375,6.25],"tintindex":0,"rotation":0,"texture":"#0"},"west":{"uv":[12.375,9.0,12.0,9.3125],"tintindex":0,"rotation":0,"texture":"#0"},"up":{"uv":[9.0,12.5625,9.28125,12.1875],"tintindex":0,"rotation":0,"texture":"#0"},"down":{"uv":[9.3125,12.1875,9.59375,12.5625],"tintindex":0,"rotation":0,"texture":"#0"}}},{"from":[7.633333,7.7333336,1.1666665],"to":[8.3,8.400001,25.466667],"faces":{"east":{"uv":[9.5,5.0,4.9375,5.125],"tintindex":0,"rotation":0,"texture":"#0"},"south":{"uv":[10.4375,0.5,10.3125,0.625],"tintindex":0,"rotation":0,"texture":"#0"},"north":{"uv":[8.0,10.0,7.875,10.125],"tintindex":0,"rotation":0,"texture":"#0"},"west":{"uv":[9.5,4.875,4.9375,5.0],"tintindex":0,"rotation":0,"texture":"#0"},"up":{"uv":[4.9375,9.6875,5.0625,5.125],"tintindex":0,"rotation":0,"texture":"#0"},"down":{"uv":[5.0625,5.125,5.1875,9.6875],"tintindex":0,"rotation":0,"texture":"#0"}}},{"from":[7.753333,9.778572,-1.8331022],"to":[8.18,10.778572,0.46109867],"faces":{"east":{"uv":[12.125,12.4375,11.6875,12.625],"tintindex":0,"rotation":0,"texture":"#0"},"south":{"uv":[13.15625,9.1875,13.0625,9.375],"tintindex":0,"rotation":0,"texture":"#0"},"north":{"uv":[13.15625,8.0,13.0625,8.1875],"tintindex":0,"rotation":0,"texture":"#0"},"west":{"uv":[12.875,11.1875,12.4375,11.375],"tintindex":0,"rotation":0,"texture":"#0"},"up":{"uv":[2.0625,13.375,2.15625,12.9375],"tintindex":0,"rotation":0,"texture":"#0"},"down":{"uv":[12.9375,2.125,13.03125,2.5625],"tintindex":0,"rotation":0,"texture":"#0"}},"rotation":{"origin":[7.9666667,10.278572,-0.6860018],"angle":-45.0,"axis":"x"}},{"from":[7.6349998,6.033046,5.94269],"to":[8.298333,6.7663794,7.2760234],"faces":{"east":{"uv":[10.6875,5.9375,10.4375,6.0625],"tintindex":0,"rotation":0,"texture":"#0"},"south":{"uv":[11.0,2.6875,10.875,2.8125],"tintindex":0,"rotation":0,"texture":"#0"},"north":{"uv":[10.4375,5.4375,10.3125,5.5625],"tintindex":0,"rotation":0,"texture":"#0"},"west":{"uv":[10.25,6.4375,10.0,6.5625],"tintindex":0,"rotation":0,"texture":"#0"},"up":{"uv":[7.3125,3.6875,7.4375,3.4375],"tintindex":0,"rotation":0,"texture":"#0"},"down":{"uv":[5.5625,8.4375,5.6875,8.6875],"tintindex":0,"rotation":0,"texture":"#0"}},"rotation":{"origin":[7.9666667,6.3997126,6.609357],"angle":45.0,"axis":"x"}},{"from":[7.4666667,7.566667,23.666668],"to":[8.466666,8.566667,25.0],"faces":{"east":{"uv":[3.3125,10.125,3.0625,10.3125],"tintindex":0,"rotation":0,"texture":"#0"},"south":{"uv":[13.125,10.125,12.9375,10.3125],"tintindex":0,"rotation":0,"texture":"#0"},"north":{"uv":[10.3125,12.9375,10.125,13.125],"tintindex":0,"rotation":0,