{"textures":{"0":"modelengine:entity/xenomorph_drone","particle":"#0"},"elements":[{"from":[5.9641542,7.3113365,7.0291014],"to":[5.9641542,10.3113365,9.029101],"faces":{"east":{"uv":[1.0,8.125,1.25,8.5],"tintindex":0,"rotation":0,"texture":"#0"},"west":{"uv":[1.375,8.125,1.625,8.5],"tintindex":0,"rotation":0,"texture":"#0"}}}],"display":{"head":{"rotation":[9.990674,0.43398684,2.4620664]},"firstperson_righthand":{"rotation":[9.990674,0.43398684,2.4620664]},"thirdperson_lefthand":{"rotation":[9.990674,-0.43398684,-2.4620664]},"firstperson_lefthand":{"rotation":[9.990674,-0.43398684,-2.4620664]},"fixed":{"rotation":[9.990674,0.43398684,2.4620664]},"ground":{"rotation":[9.990674,0.43398684,2.4620664]},"thirdperson_righthand":{"rotation":[9.990674,0.43398684,2.4620664]},"gui":{"rotation":[-164.09326,-44.565178,172.54712]}}}