{"textures":{"0":"modelengine:entity/ice_golem","particle":"#0"},"elements":[{"from":[-4.8666735,5.629738,8.015217],"to":[5.6333275,11.629738,8.015217],"faces":{"south":{"uv":[2.498,8.8145,1.1895,9.5605],"tintindex":0,"rotation":0,"texture":"#0"},"north":{"uv":[1.1895,8.8145,2.498,9.5605],"tintindex":0,"rotation":0,"texture":"#0"}},"rotation":{"origin":[0.38332748,8.629738,8.015217],"angle":45.0,"axis":"z"}},{"from":[-0.624032,1.3870983,5.0152173],"to":[9.875968,7.3870983,11.015217],"faces":{"east":{"uv":[3.3145,9.877,4.0605,10.623],"tintindex":0,"rotation":0,"texture":"#0"},"south":{"uv":[7.252,8.002,8.5605,8.748],"tintindex":0,"rotation":0,"texture":"#0"},"north":{"uv":[7.8145,2.4395,9.123,3.1855],"tintindex":0,"rotation":0,"texture":"#0"},"west":{"uv":[9.877,3.9395,10.623,4.6855],"tintindex":0,"rotation":0,"texture":"#0"},"up":{"uv":[9.8105,3.998,8.502,3.252],"tintindex":0,"rotation":0,"texture":"#0"},"down":{"uv":[9.8105,4.0645,8.502,4.8105],"tintindex":0,"rotation":0,"texture":"#0"}},"rotation":{"origin":[4.625968,4.3870983,8.015217],"angle":45.0,"axis":"z"}}],"display":{"head":{"rotation":[0.0,0.0,0.0]},"firstperson_righthand":{"rotation":[0.0,0.0,0.0]},"thirdperson_lefthand":{"rotation":[0.0,0.0,0.0]},"firstperson_lefthand":{"rotation":[0.0,0.0,0.0]},"fixed":{"rotation":[0.0,0.0,0.0]},"ground":{"rotation":[0.0,0.0,0.0]},"thirdperson_righthand":{"rotation":[0.0,0.0,0.0]},"gui":{"rotation":[-150.0,-45.0,180.0]}}}