{"textures":{"0":"modelengine:entity/ice_golem","particle":"#0"},"elements":[{"from":[4.2803745,-5.765484,4.022826],"to":[11.280374,8.234516,12.022825],"faces":{"east":{"uv":[0.002,5.252,0.998,6.998],"tintindex":0,"rotation":0,"texture":"#0"},"south":{"uv":[6.3145,6.752,7.1855,8.498],"tintindex":0,"rotation":0,"texture":"#0"},"north":{"uv":[5.377,6.752,6.248,8.498],"tintindex":0,"rotation":0,"texture":"#0"},"west":{"uv":[5.8145,0.002,6.8105,1.748],"tintindex":0,"rotation":0,"texture":"#0"},"up":{"uv":[4.8105,9.8105,3.9395,8.8145],"tintindex":0,"rotation":0,"texture":"#0"},"down":{"uv":[0.873,8.877,0.002,9.873],"tintindex":0,"rotation":0,"texture":"#0"}}},{"from":[6.6630573,-6.7108765,10.931522],"to":[9.663057,3.2891235,13.931522],"faces":{"east":{"uv":[7.9355,10.252,7.5645,11.498],"tintindex":0,"rotation":0,"texture":"#0"},"south":{"uv":[5.8105,10.1895,5.4395,11.4355],"tintindex":0,"rotation":0,"texture":"#0"},"north":{"uv":[8.373,10.252,8.002,11.498],"tintindex":0,"rotation":0,"texture":"#0"},"west":{"uv":[8.8105,10.252,8.4395,11.498],"tintindex":0,"rotation":0,"texture":"#0"},"up":{"uv":[11.3105,3.4395,10.9395,3.8105],"tintindex":0,"rotation":0,"texture":"#0"},"down":{"uv":[11.623,4.248,11.252,3.877],"tintindex":0,"rotation":0,"texture":"#0"}},"rotation":{"origin":[8.163057,-1.7108765,12.431522],"angle":22.5,"axis":"x"}},{"from":[2.3935146,-6.834277,6.522826],"to":[5.3935137,3.1657228,9.522826],"faces":{"east":{"uv":[5.4395,10.1895,5.8105,11.4355],"tintindex":0,"rotation":0,"texture":"#0"},"south":{"uv":[7.5645,10.252,7.9355,11.498],"tintindex":0,"rotation":0,"texture":"#0"},"north":{"uv":[8.4395,10.252,8.8105,11.498],"tintindex":0,"rotation":0,"texture":"#0"},"west":{"uv":[8.002,10.252,8.373,11.498],"tintindex":0,"rotation":0,"texture":"#0"},"up":{"uv":[11.3105,3.8105,10.9395,3.4395],"tintindex":0,"rotation":90,"texture":"#0"},"down":{"uv":[11.623,3.877,11.252,4.248],"tintindex":0,"rotation":270,"texture":"#0"}},"rotation":{"origin":[3.8935146,-1.8342772,8.022825],"angle":22.5,"axis":"z"}},{"from":[6.6630573,-6.6893625,2.0228257],"to":[9.663057,3.3106375,5.022826],"faces":{"east":{"uv":[7.5645,10.252,7.9355,11.498],"tintindex":0,"rotation":0,"texture":"#0"},"south":{"uv":[8.002,10.252,8.373,11.498],"tintindex":0,"rotation":0,"texture":"#0"},"north":{"uv":[5.4395,10.1895,5.8105,11.4355],"tintindex":0,"rotation":0,"texture":"#0"},"west":{"uv":[8.4395,10.252,8.8105,11.498],"tintindex":0,"rotation":0,"texture":"#0"},"up":{"uv":[11.3105,3.8105,10.9395,3.4395],"tintindex":0,"rotation":0,"texture":"#0"},"down":{"uv":[11.623,3.877,11.252,4.248],"tintindex":0,"rotation":0,"texture":"#0"}},"rotation":{"origin":[8.163057,-1.6893625,3.5228257],"angle":-22.5,"axis":"x"}}],"display":{"head":{"rotation":[0.0,0.0,0.0]},"firstperson_righthand":{"rotation":[0.0,0.0,0.0]},"thirdperson_lefthand":{"rotation":[0.0,0.0,0.0]},"firstperson_lefthand":{"rotation":[0.0,0.0,0.0]},"fixed":{"rotation":[0.0,0.0,0.0]},"ground":{"rotation":[0.0,0.0,0.0]},"thirdperson_righthand":{"rotation":[0.0,0.0,0.0]},"gui":{"rotation":[-150.0,-45.0,180.0]}}}