{"textures":{"0":"modelengine:entity/ice_golem","particle":"#0"},"elements":[{"from":[6.124032,1.3870983,5.0152173],"to":[16.624031,7.3870983,11.015217],"faces":{"east":{"uv":[10.623,3.9395,9.877,4.6855],"tintindex":0,"rotation":0,"texture":"#0"},"south":{"uv":[8.5605,8.002,7.252,8.748],"tintindex":0,"rotation":0,"texture":"#0"},"north":{"uv":[9.123,2.4395,7.8145,3.1855],"tintindex":0,"rotation":0,"texture":"#0"},"west":{"uv":[4.0605,9.877,3.3145,10.623],"tintindex":0,"rotation":0,"texture":"#0"},"up":{"uv":[8.502,3.998,9.8105,3.252],"tintindex":0,"rotation":0,"texture":"#0"},"down":{"uv":[8.502,4.0645,9.8105,4.8105],"tintindex":0,"rotation":0,"texture":"#0"}},"rotation":{"origin":[11.374032,4.3870983,8.015217],"angle":-45.0,"axis":"z"}},{"from":[10.3666725,5.629738,8.015217],"to":[20.866673,11.629738,8.015217],"faces":{"south":{"uv":[1.1895,8.8145,2.498,9.5605],"tintindex":0,"rotation":0,"texture":"#0"},"north":{"uv":[2.498,8.8145,1.1895,9.5605],"tintindex":0,"rotation":0,"texture":"#0"}},"rotation":{"origin":[15.6166725,8.629738,8.015217],"angle":-45.0,"axis":"z"}}],"display":{"head":{"rotation":[0.0,0.0,0.0]},"firstperson_righthand":{"rotation":[0.0,0.0,0.0]},"thirdperson_lefthand":{"rotation":[0.0,0.0,0.0]},"firstperson_lefthand":{"rotation":[0.0,0.0,0.0]},"fixed":{"rotation":[0.0,0.0,0.0]},"ground":{"rotation":[0.0,0.0,0.0]},"thirdperson_righthand":{"rotation":[0.0,0.0,0.0]},"gui":{"rotation":[-150.0,-45.0,180.0]}}}