{"textures":{"1":"modelengine:entity/ugron","particle":"#1"},"elements":[{"from":[6.3753333,-12.759336,8.597267],"to":[9.374666,-12.093336,9.596601],"faces":{"east":{"uv":[1.34375,4.40625,1.4375,4.46875],"tintindex":0,"rotation":0,"texture":"#1"},"south":{"uv":[1.8125,4.40625,2.09375,4.46875],"tintindex":0,"rotation":0,"texture":"#1"},"north":{"uv":[1.4375,4.40625,1.71875,4.46875],"tintindex":0,"rotation":0,"texture":"#1"},"west":{"uv":[1.71875,4.40625,1.8125,4.46875],"tintindex":0,"rotation":0,"texture":"#1"},"up":{"uv":[1.71875,4.40625,1.4375,4.3125],"tintindex":0,"rotation":0,"texture":"#1"},"down":{"uv":[2.0,4.3125,1.71875,4.40625],"tintindex":0,"rotation":0,"texture":"#1"}},"rotation":{"origin":[8.375,-10.226336,8.963601],"angle":22.5,"axis":"x"}},{"from":[7.374,-13.394001,10.962601],"to":[8.376,-10.725336,13.631268],"faces":{"east":{"uv":[6.125,4.84375,6.375,5.09375],"tintindex":0,"rotation":0,"texture":"#1"},"south":{"uv":[6.71875,4.84375,6.8125,5.09375],"tintindex":0,"rotation":0,"texture":"#1"},"north":{"uv":[6.375,4.84375,6.46875,5.09375],"tintindex":0,"rotation":0,"texture":"#1"},"west":{"uv":[6.46875,4.84375,6.71875,5.09375],"tintindex":0,"rotation":0,"texture":"#1"},"up":{"uv":[6.46875,4.84375,6.375,4.59375],"tintindex":0,"rotation":0,"texture":"#1"},"down":{"uv":[6.5625,4.59375,6.46875,4.84375],"tintindex":0,"rotation":0,"texture":"#1"}}},{"from":[6.3753333,-14.759336,6.263934],"to":[9.374666,-12.760002,7.2632675],"faces":{"east":{"uv":[0.0,6.5,0.09375,6.6875],"tintindex":0,"rotation":0,"texture":"#1"},"south":{"uv":[0.46875,6.5,0.75,6.6875],"tintindex":0,"rotation":0,"texture":"#1"},"north":{"uv":[0.09375,6.5,0.375,6.6875],"tintindex":0,"rotation":0,"texture":"#1"},"west":{"uv":[0.375,6.5,0.46875,6.6875],"tintindex":0,"rotation":0,"texture":"#1"},"up":{"uv":[0.375,6.5,0.09375,6.40625],"tintindex":0,"rotation":0,"texture":"#1"},"down":{"uv":[0.65625,6.40625,0.375,6.5],"tintindex":0,"rotation":0,"texture":"#1"}},"rotation":{"origin":[8.375,-11.893002,7.6302676],"angle":22.5,"axis":"x"}},{"from":[6.3739996,-10.094002,7.595934],"to":[9.376,-9.425337,8.931268],"faces":{"east":{"uv":[5.53125,4.125,5.65625,4.1875],"tintindex":0,"rotation":0,"texture":"#1"},"south":{"uv":[6.0625,4.125,6.34375,4.1875],"tintindex":0,"rotation":0,"texture":"#1"},"north":{"uv":[5.65625,4.125,5.9375,4.1875],"tintindex":0,"rotation":0,"texture":"#1"},"west":{"uv":[5.9375,4.125,6.0625,4.1875],"tintindex":0,"rotation":0,"texture":"#1"},"up":{"uv":[5.9375,4.125,5.65625,4.0],"tintindex":0,"rotation":0,"texture":"#1"},"down":{"uv":[6.21875,4.0,5.9375,4.125],"tintindex":0,"rotation":0,"texture":"#1"}},"rotation":{"origin":[8.375,-10.226336,8.963601],"angle":-22.5,"axis":"x"}},{"from":[7.0406666,-13.727333,7.6292677],"to":[8.709333,-10.392002,10.9646015],"faces":{"east":{"uv":[4.65625,10.1875,4.96875,10.5],"tintindex":0,"rotation":0,"texture":"#1"},"south":{"uv":[5.4375,10.1875,5.59375,10.5],"tintindex":0,"rotation":0,"texture":"#1"},"north":{"uv":[4.96875,10.1875,5.125,10.5],"tintindex":0,"rotation":0,"texture":"#1"},"west":{"uv":[5.125,10.1875,5.4375,10.5],"tintindex":0,"rotation":0,"texture":"#1"},"up":{"uv":[5.125,10.1875,4.96875,9.875],"tintindex":0,"rotation":0,"texture":"#1"},"down":{"uv":[5.28125,9.875,5.125,10.1875],"tintindex":0,"rotation":0,"texture":"#1"}}},{"from":[5.372334,-9.39567,5.294267],"to":[10.377666,-5.057003,10.299601],"faces":{"east":{"uv":[8.1875,5.6875,8.65625,6.09375],"tintindex":0,"rotation":0,"texture":"#1"},"south":{"uv":[9.59375,5.6875,10.0625,6.09375],"tintindex":0,"rotation":0,"texture":"#1"},"north":{"uv":[8.65625,5.6875,9.125,6.09375],"tintindex":0,"rotation":0,"texture":"#1"},"west":{"uv":[9.125,5.6875,9.59375,6.09375],"tintindex":0,"rotation":0,"texture":"#1"},"up":{"uv":[9.125,5.6875,8.65625,5.21875],"tintindex":0,"rotation":0,"texture":"#1"},"down":{"uv":[9.59375,5.21875,9.125,5.6875],"tintindex":0,"rotation":0,"texture":"#1"}}},{"from":[6.0406666,-12.727335,5.629267],"to":[9.709333,-11.392002,7.9646006],"faces":{"east":{"uv":[6.8125,5.4375,7.03125,5.5625],"tintindex":0,"rotation":0,"texture":"#1"},"south":{"uv":[7.59375,5.4375,7.9375,5.5625],"tintindex":0,"rotation":0,"texture":"#1"},"north":{"uv":[7.03125,5.4375,7.375,5.5625],"tintindex":0,"rotation":0,"texture":"#1"},"west":{"uv":[7.375,5.4375,7.59375,5.5625],"tintindex":0,"rotation":0,"texture":"#1"},"up":{"uv":[7.375,5.4375,7.03125,5.21875],"tintindex":0,"rotation":0,"texture":"#1"},"down":{"uv":[7.71875,5.21875,7.375,5.4375],"tintindex":0,"rotation":0,"texture":"#1"}}},{"from":[6.377333,-12.375208,8.017982],"to":[9.372666,-11.713207,9.346647],"faces":{"east":{"uv":[3.875,2.625,4.0,2.6875],"tintindex":0,"rotation":0,"texture":"#1"},"south":{"uv":[4.40625,2.625,4.6875,2.6875],"tintindex":0,"rotation":0,"texture":"#1"},"north":{"uv":[4.0,2.625,4.28125,2.6875],"tintindex":0,"rotation":0,"texture":"#1"},"west":{"uv":[4.28125,2.625,4.40625,2.6875],"tintindex":0,"rotation":0,"texture":"#1"},"up":{"uv":[4.28125,2.625,4.0,2.5],"tintindex":0,"rotation":0,"texture":"#1"},"down":{"uv":[4.5625,2.5,4.28125,2.625],"tintindex":0,"rotation":0,"texture":"#1"}},"rotation":{"origin":[8.375,-11.17754,9.382315],"angle":-22.5,"axis":"x"}},{"from":[6.7073336,-8.394003,6.629267],"to":[9.042666,14.274666,8.964601],"faces":{"east":{"uv":[6.375,8.4375,6.59375,10.5625],"tintindex":0,"rotation":0,"texture":"#1"},"south":{"uv":[7.03125,8.4375,7.25,10.5625],"tintindex":0,"rotation":0,"texture":"#1"},"north":{"uv":[6.59375,8.4375,6.8125,10.5625],"tintindex":0,"rotation":0,"texture":"#1"},"west":{"uv":[6.8125,8.4375,7.03125,10.5625],"tintindex":0,"rotation":0,"texture":"#1"},"up":{"uv":[6.8125,8.4375,6.59375,8.21875],"tintindex":0,"rotation":0,"texture":"#1"},"down":{"uv":[7.03125,8.21875,6.8125,8.4375],"tintindex":0,"rotation":0,"texture":"#1"}}},{"from":[6.0406666,-10.727335,5.629267],"to":[10.042667,-9.725338,7.6312675],"faces":{"east":{"uv":[2.25,6.0,2.4375,6.09375],"tintindex":0,"rotation":0,"texture":"#1"},"south":{"uv":[3.0,6.0,3.375,6.09375],"tintindex":0,"rotation":0,"texture":"#1"},"north":{"uv":[2.4375,6.0,2.8125,6.09375],"tintindex":0,"rotation":0,"texture":"#1"},"west":{"uv":[2.8125,6.0,3.0,6.09375],"tintindex":0,"rotation":0,"texture":"#1"},"up":{"uv":[2.8125,6.0,2.4375,5.8125],"tintindex":0,"rotation":0,"texture":"#1"},"down":{"uv":[3.1875,5.8125,2.8125,6.0],"tintindex":0,"rotation":0,"texture":"#1"}}},{"from":[6.7073336,-15.060667,5.9626007],"to":[9.042666,-5.05867,9.631268],"faces":{"east":{"uv":[9.0625,8.78125,9.40625,9.71875],"tintindex":0,"rotation":0,"texture":"#1"},"south":{"uv":[9.96875,8.78125,10.1875,9.71875],"tintindex":0,"rotation":0,"texture":"#1"},"north":{"uv":[9.40625,8.78125,9.625,9.71875],"tintindex":0,"rotation":0,"texture":"#1"},"west":{"uv":[9.625,8.78125,9.96875,9.71875],"tintindex":0,"rotation":0,"texture":"#1"},"up":{"uv":[9.625,8.78125,9.40625,8.4375],"tintindex":0,"rotation":0,"texture":"#1"},"down":{"uv":[9.84375,8.4375,9.625,8.78125],"tintindex":0,"rotation":0,"texture":"#1"}}},{"from":[6.0406666,-3.394003,5.9626007],"to":[9.709333,-0.7253361,9.631268],"faces":{"east":{"uv":[9.3125,4.625,9.65625,4.875],"tintindex":0,"rotation":0,"texture":"#1"},"south":{"uv":[10.34375,4.625,10.6875,4.875],"tintindex":0,"rotation":0,"texture":"#1"},"north":{"uv":[9.65625,4.625,10.0,4.875],"tintindex":0,"rotation":0,"texture":"#1"},"west":{"uv":[10.0,4.625,10.34375,4.875],"tintindex":0,"rotation":0,"texture":"#1"},"up":{"uv":[10.0,4.625,9.65625,4.28125],"tintindex":0,"rotation":0,"texture":"#1"},"down":{"uv":[10.34375,4.28125,10.0,4.625],"tintindex":0,"rotation":0,"texture":"#1"}}},{"from":[6.0406666,0.93933105,5.9626007],"to":[9.709333,3.607998,9.631268],"faces":{"east":{"uv":[4.65625,9.625,5.0,9.875],"tintindex":0,"rotation":0,"texture":"#1"},"south":{"uv":[5.6875,9.625,6.03125,9.875],"tintindex":0,"rotation":0,"texture":"#1"},"north":{"uv":[5.0,9.625,5.34375,9.875],"tintindex":0,"rotation":0,"texture":"#1"},"west":{"uv":[5.34375,9.625,5.6875,9.875],"tintindex":0,"rotation":0,