{"textures":{"1":"modelengine:entity/ugron","particle":"#1"},"elements":[{"from":[7.185177,18.9995,5.308072],"to":[14.686176,23.5005,9.3090725],"faces":{"east":{"uv":[4.5,0.25,4.75,0.53125],"tintindex":0,"rotation":0,"texture":"#1"},"south":{"uv":[5.46875,0.25,5.9375,0.53125],"tintindex":0,"rotation":0,"texture":"#1"},"north":{"uv":[4.75,0.25,5.21875,0.53125],"tintindex":0,"rotation":0,"texture":"#1"},"west":{"uv":[5.21875,0.25,5.46875,0.53125],"tintindex":0,"rotation":0,"texture":"#1"},"up":{"uv":[5.21875,0.25,4.75,0.0],"tintindex":0,"rotation":0,"texture":"#1"},"down":{"uv":[5.6875,0.0,5.21875,0.25],"tintindex":0,"rotation":0,"texture":"#1"}},"rotation":{"origin":[10.935677,21.25,7.308572],"angle":-22.5,"axis":"y"}},{"from":[6.19824,20.0,3.2427082],"to":[9.69824,23.5,7.242708],"faces":{"east":{"uv":[8.84375,2.03125,9.09375,2.25],"tintindex":0,"rotation":0,"texture":"#1"},"south":{"uv":[9.5625,2.03125,9.78125,2.25],"tintindex":0,"rotation":0,"texture":"#1"},"north":{"uv":[9.09375,2.03125,9.3125,2.25],"tintindex":0,"rotation":0,"texture":"#1"},"west":{"uv":[9.3125,2.03125,9.5625,2.25],"tintindex":0,"rotation":0,"texture":"#1"},"up":{"uv":[9.3125,2.03125,9.09375,1.78125],"tintindex":0,"rotation":0,"texture":"#1"},"down":{"uv":[9.53125,1.78125,9.3125,2.03125],"tintindex":0,"rotation":0,"texture":"#1"}}},{"from":[5.69824,14.5,3.4927082],"to":[10.19824,18.5,4.492708],"faces":{"east":{"uv":[0.625,7.09375,0.6875,7.34375],"tintindex":0,"rotation":0,"texture":"#1"},"south":{"uv":[1.03125,7.09375,1.3125,7.34375],"tintindex":0,"rotation":0,"texture":"#1"},"north":{"uv":[0.6875,7.09375,0.96875,7.34375],"tintindex":0,"rotation":0,"texture":"#1"},"west":{"uv":[0.96875,7.09375,1.03125,7.34375],"tintindex":0,"rotation":0,"texture":"#1"},"up":{"uv":[0.96875,7.09375,0.6875,7.03125],"tintindex":0,"rotation":0,"texture":"#1"},"down":{"uv":[1.25,7.03125,0.96875,7.09375],"tintindex":0,"rotation":0,"texture":"#1"}}},{"from":[1.3138237,18.9995,5.308072],"to":[8.814823,23.5005,9.3090725],"faces":{"east":{"uv":[7.25,9.71875,7.5,10.0],"tintindex":0,"rotation":0,"texture":"#1"},"south":{"uv":[8.21875,9.71875,8.6875,10.0],"tintindex":0,"rotation":0,"texture":"#1"},"north":{"uv":[7.5,9.71875,7.96875,10.0],"tintindex":0,"rotation":0,"texture":"#1"},"west":{"uv":[7.96875,9.71875,8.21875,10.0],"tintindex":0,"rotation":0,"texture":"#1"},"up":{"uv":[7.96875,9.71875,7.5,9.46875],"tintindex":0,"rotation":0,"texture":"#1"},"down":{"uv":[8.4375,9.46875,7.96875,9.71875],"tintindex":0,"rotation":0,"texture":"#1"}},"rotation":{"origin":[5.0643234,21.25,7.308572],"angle":22.5,"axis":"y"}}],"display":{"head":{"rotation":[0.0,0.0,0.0]},"firstperson_righthand":{"rotation":[0.0,0.0,0.0]},"thirdperson_lefthand":{"rotation":[0.0,0.0,0.0]},"firstperson_lefthand":{"rotation":[0.0,0.0,0.0]},"fixed":{"rotation":[0.0,0.0,0.0]},"ground":{"rotation":[0.0,0.0,0.0]},"thirdperson_righthand":{"rotation":[0.0,0.0,0.0]},"gui":{"rotation":[-150.0,-45.0,180.0]}}}