{"textures":{"1":"modelengine:entity/ugron","particle":"#1"},"elements":[{"from":[5.0040007,0.0059994506,8.004001],"to":[10.994,7.9959993,13.994],"faces":{"east":{"uv":[10.21875,3.28125,10.40625,3.53125],"tintindex":0,"rotation":0,"texture":"#1"},"south":{"uv":[10.78125,3.28125,10.96875,3.53125],"tintindex":0,"rotation":0,"texture":"#1"},"north":{"uv":[10.40625,3.28125,10.59375,3.53125],"tintindex":0,"rotation":0,"texture":"#1"},"west":{"uv":[10.59375,3.28125,10.78125,3.53125],"tintindex":0,"rotation":0,"texture":"#1"},"up":{"uv":[10.59375,3.28125,10.40625,3.09375],"tintindex":0,"rotation":0,"texture":"#1"},"down":{"uv":[10.78125,3.09375,10.59375,3.28125],"tintindex":0,"rotation":0,"texture":"#1"}}}],"display":{"head":{"rotation":[0.0,0.0,0.0]},"firstperson_righthand":{"rotation":[0.0,0.0,0.0]},"thirdperson_lefthand":{"rotation":[0.0,0.0,0.0]},"firstperson_lefthand":{"rotation":[0.0,0.0,0.0]},"fixed":{"rotation":[0.0,0.0,0.0]},"ground":{"rotation":[0.0,0.0,0.0]},"thirdperson_righthand":{"rotation":[0.0,0.0,0.0]},"gui":{"rotation":[-150.0,-45.0,180.0]}}}