{"textures":{"1":"modelengine:entity/ugron","particle":"#1"},"elements":[{"from":[6.7480135,-2.215291,8.123247],"to":[9.249213,9.785909,14.624446],"faces":{"east":{"uv":[2.53125,9.6875,2.9375,10.4375],"tintindex":0,"rotation":0,"texture":"#1"},"south":{"uv":[3.5,9.6875,3.65625,10.4375],"tintindex":0,"rotation":0,"texture":"#1"},"north":{"uv":[2.9375,9.6875,3.09375,10.4375],"tintindex":0,"rotation":0,"texture":"#1"},"west":{"uv":[3.09375,9.6875,3.5,10.4375],"tintindex":0,"rotation":0,"texture":"#1"},"up":{"uv":[3.09375,9.6875,2.9375,9.28125],"tintindex":0,"rotation":0,"texture":"#1"},"down":{"uv":[3.25,9.28125,3.09375,9.6875],"tintindex":0,"rotation":0,"texture":"#1"}},"rotation":{"origin":[7.9986134,11.535309,9.873847],"angle":22.5,"axis":"x"}},{"from":[7.2480135,-2.215291,11.123247],"to":[8.749213,9.785909,17.624447],"faces":{"east":{"uv":[3.65625,9.6875,4.0625,10.4375],"tintindex":0,"rotation":0,"texture":"#1"},"south":{"uv":[4.5625,9.6875,4.65625,10.4375],"tintindex":0,"rotation":0,"texture":"#1"},"north":{"uv":[4.0625,9.6875,4.15625,10.4375],"tintindex":0,"rotation":0,"texture":"#1"},"west":{"uv":[4.15625,9.6875,4.5625,10.4375],"tintindex":0,"rotation":0,"texture":"#1"},"up":{"uv":[4.15625,9.6875,4.0625,9.28125],"tintindex":0,"rotation":0,"texture":"#1"},"down":{"uv":[4.25,9.28125,4.15625,9.6875],"tintindex":0,"rotation":0,"texture":"#1"}},"rotation":{"origin":[7.4986134,11.535309,12.873846],"angle":22.5,"axis":"x"}},{"from":[6.752513,18.107235,1.5197592],"to":[9.251513,20.706234,8.10626],"faces":{"east":{"uv":[5.25,5.96875,5.65625,6.125],"tintindex":0,"rotation":0,"texture":"#1"},"south":{"uv":[6.21875,5.96875,6.375,6.125],"tintindex":0,"rotation":0,"texture":"#1"},"north":{"uv":[5.65625,5.96875,5.8125,6.125],"tintindex":0,"rotation":0,"texture":"#1"},"west":{"uv":[5.8125,5.96875,6.21875,6.125],"tintindex":0,"rotation":0,"texture":"#1"},"up":{"uv":[5.8125,5.96875,5.65625,5.5625],"tintindex":0,"rotation":0,"texture":"#1"},"down":{"uv":[5.96875,5.5625,5.8125,5.96875],"tintindex":0,"rotation":0,"texture":"#1"}},"rotation":{"origin":[8.002013,18.406734,5.8130097],"angle":22.5,"axis":"x"}},{"from":[5.7480135,-0.21529102,6.623246],"to":[10.249213,4.7859087,10.624447],"faces":{"east":{"uv":[9.84375,8.40625,10.09375,8.71875],"tintindex":0,"rotation":0,"texture":"#1"},"south":{"uv":[10.625,8.40625,10.90625,8.71875],"tintindex":0,"rotation":0,"texture":"#1"},"north":{"uv":[10.09375,8.40625,10.375,8.71875],"tintindex":0,"rotation":0,"texture":"#1"},"west":{"uv":[10.375,8.40625,10.625,8.71875],"tintindex":0,"rotation":0,"texture":"#1"},"up":{"uv":[10.375,8.40625,10.09375,8.15625],"tintindex":0,"rotation":0,"texture":"#1"},"down":{"uv":[10.65625,8.15625,10.375,8.40625],"tintindex":0,"rotation":0,"texture":"#1"}},"rotation":{"origin":[7.9986134,11.535309,9.873847],"angle":22.5,"axis":"x"}},{"from":[7.249113,-3.9689484,3.174244],"to":[8.748114,-0.86994743,9.760744],"faces":{"east":{"uv":[9.71875,1.0,10.125,1.1875],"tintindex":0,"rotation":0,"texture":"#1"},"south":{"uv":[10.625,1.0,10.71875,1.1875],"tintindex":0,"rotation":0,"texture":"#1"},"north":{"uv":[10.125,1.0,10.21875,1.1875],"tintindex":0,"rotation":0,"texture":"#1"},"west":{"uv":[10.21875,1.0,10.625,1.1875],"tintindex":0,"rotation":0,"texture":"#1"},"up":{"uv":[10.21875,1.0,10.125,0.59375],"tintindex":0,"rotation":0,"texture":"#1"},"down":{"uv":[10.3125,0.59375,10.21875,1.0],"tintindex":0,"rotation":0,"texture":"#1"}},"rotation":{"origin":[7.4986134,2.1305523,8.423744],"angle":-22.5,"axis":"x"}},{"from":[6.749113,-3.9689484,0.17424393],"to":[9.248114,-0.86994743,6.760744],"faces":{"east":{"uv":[9.5625,1.78125,9.96875,1.96875],"tintindex":0,"rotation":0,"texture":"#1"},"south":{"uv":[10.53125,1.78125,10.6875,1.96875],"tintindex":0,"rotation":0,"texture":"#1"},"north":{"uv":[9.96875,1.78125,10.125,1.96875],"tintindex":0,"rotation":0,"texture":"#1"},"west":{"uv":[10.125,1.78125,10.53125,1.96875],"tintindex":0,"rotation":0,"texture":"#1"},"up":{"uv":[10.125,1.78125,9.96875,1.375],"tintindex":0,"rotation":0,"texture":"#1"},"down":{"uv":[10.28125,1.375,10.125,1.78125],"tintindex":0,"rotation":0,"texture":"#1"}},"rotation":{"origin":[7.9986134,2.1305523,5.4237437],"angle":-22.5,"axis":"x"}},{"from":[5.7486134,1.3418922,7.853048],"to":[10.248613,3.3418922,9.353048],"faces":{"east":{"uv":[2.0625,7.125,2.15625,7.25],"tintindex":0,"rotation":0,"texture":"#1"},"south":{"uv":[2.53125,7.125,2.8125,7.25],"tintindex":0,"rotation":0,"texture":"#1"},"north":{"uv":[2.15625,7.125,2.4375,7.25],"tintindex":0,"rotation":0,"texture":"#1"},"west":{"uv":[2.4375,7.125,2.53125,7.25],"tintindex":0,"rotation":0,"texture":"#1"},"up":{"uv":[2.4375,7.125,2.15625,7.03125],"tintindex":0,"rotation":0,"texture":"#1"},"down":{"uv":[2.71875,7.03125,2.4375,7.125],"tintindex":0,"rotation":0,"texture":"#1"}}},{"from":[5.753113,11.197489,7.7296467],"to":[10.252113,12.696489,10.728646],"faces":{"east":{"uv":[2.40625,5.3125,2.59375,5.40625],"tintindex":0,"rotation":0,"texture":"#1"},"south":{"uv":[3.0625,5.3125,3.34375,5.40625],"tintindex":0,"rotation":0,"texture":"#1"},"north":{"uv":[2.59375,5.3125,2.875,5.40625],"tintindex":0,"rotation":0,"texture":"#1"},"west":{"uv":[2.875,5.3125,3.0625,5.40625],"tintindex":0,"rotation":0,"texture":"#1"},"up":{"uv":[2.875,5.3125,2.59375,5.125],"tintindex":0,"rotation":0,"texture":"#1"},"down":{"uv":[3.15625,5.125,2.875,5.3125],"tintindex":0,"rotation":0,"texture":"#1"}},"rotation":{"origin":[8.002613,10.946989,10.479147],"angle":22.5,"axis":"x"}},{"from":[7.249614,14.796608,11.249159],"to":[8.752614,27.299606,17.75216],"faces":{"east":{"uv":[0.0,4.71875,0.40625,5.5],"tintindex":0,"rotation":0,"texture":"#1"},"south":{"uv":[0.90625,4.71875,1.0,5.5],"tintindex":0,"rotation":0,"texture":"#1"},"north":{"uv":[0.40625,4.71875,0.5,5.5],"tintindex":0,"rotation":0,"texture":"#1"},"west":{"uv":[0.5,4.71875,0.90625,5.5],"tintindex":0,"rotation":0,"texture":"#1"},"up":{"uv":[0.5,4.71875,0.40625,4.3125],"tintindex":0,"rotation":0,"texture":"#1"},"down":{"uv":[0.59375,4.3125,0.5,4.71875],"tintindex":0,"rotation":0,"texture":"#1"}},"rotation":{"origin":[7.501114,8.548109,34.00066],"angle":-22.5,"axis":"x"}},{"from":[5.749614,20.296608,11.249159],"to":[10.252614,21.799606,12.25216],"faces":{"east":{"uv":[5.5625,0.59375,5.625,0.6875],"tintindex":0,"rotation":0,"texture":"#1"},"south":{"uv":[5.96875,0.59375,6.25,0.6875],"tintindex":0,"rotation":0,"texture":"#1"},"north":{"uv":[5.625,0.59375,5.90625,0.6875],"tintindex":0,"rotation":0,"texture":"#1"},"west":{"uv":[5.90625,0.59375,5.96875,0.6875],"tintindex":0,"rotation":0,"texture":"#1"},"up":{"uv":[5.90625,0.59375,5.625,0.53125],"tintindex":0,"rotation":0,"texture":"#1"},"down":{"uv":[6.1875,0.53125,5.90625,0.59375],"tintindex":0,"rotation":0,"texture":"#1"}},"rotation":{"origin":[8.001114,8.548109,31.00066],"angle":-22.5,"axis":"x"}},{"from":[5.7486134,5.3418922,6.353048],"to":[10.248613,7.3418922,7.853048],"faces":{"east":{"uv":[1.3125,7.125,1.40625,7.25],"tintindex":0,"rotation":0,"texture":"#1"},"south":{"uv":[1.78125,7.125,2.0625,7.25],"tintindex":0,"rotation":0,"texture":"#1"},"north":{"uv":[1.40625,7.125,1.6875,7.25],"tintindex":0,"rotation":0,"texture":"#1"},"west":{"uv":[1.6875,7.125,1.78125,7.25],"tintindex":0,"rotation":0,"texture":"#1"},"up":{"uv":[1.6875,7.125,1.40625,7.03125],"tintindex":0,"rotation":0,"texture":"#1"},"down":{"uv":[1.96875,7.03125,1.6875,7.125],"tintindex":0,"rotation":0,"texture":"#1"}}},{"from":[7.2514133,18.106134,4.5186596],"to":[8.752613,20.707335,11.10736],"faces":{"east":{"uv":[9.8125,7.09375,10.21875,7.25],"tintindex":0,"rotation":0,"texture":"#1"},"south":{"uv":[10.71875,7.09375,10.8125,7.25],"tintindex":0,"rotation":0,"texture":"#1"},"north":{"uv":[10.21875,7.09375,10.3125,7.25],"tintindex":0,"rotation":0,"texture":"#1"},"west":{"uv":[10.3125,7.09375,10.71875,7.25],"tintindex":0,"rotation":0,"texture":"#1"},"up":{"uv":[10.3125,7.09375,10.21875,6.6875],"tintindex":0,"rotation":0,"texture":"#1"},