{"textures":{"1":"modelengine:entity/ugron","particle":"#1"},"elements":[{"from":[6.7330074,0.9841099,2.6749997],"to":[8.733007,5.48411,4.675],"faces":{"east":{"uv":[3.28125,0.125,3.40625,0.40625],"tintindex":0,"rotation":0,"texture":"#1"},"south":{"uv":[3.65625,0.125,3.78125,0.40625],"tintindex":0,"rotation":0,"texture":"#1"},"north":{"uv":[3.40625,0.125,3.53125,0.40625],"tintindex":0,"rotation":0,"texture":"#1"},"west":{"uv":[3.53125,0.125,3.65625,0.40625],"tintindex":0,"rotation":0,"texture":"#1"},"up":{"uv":[3.53125,0.125,3.40625,0.0],"tintindex":0,"rotation":0,"texture":"#1"},"down":{"uv":[3.65625,0.0,3.53125,0.125],"tintindex":0,"rotation":0,"texture":"#1"}},"rotation":{"origin":[7.2330074,-3.5158901,3.9249997],"angle":22.5,"axis":"z"}},{"from":[6.7330074,-3.0158901,11.175],"to":[9.733007,3.9841099,13.674999],"faces":{"east":{"uv":[0.0,5.96875,0.15625,6.40625],"tintindex":0,"rotation":0,"texture":"#1"},"south":{"uv":[0.5,5.96875,0.6875,6.40625],"tintindex":0,"rotation":0,"texture":"#1"},"north":{"uv":[0.15625,5.96875,0.34375,6.40625],"tintindex":0,"rotation":0,"texture":"#1"},"west":{"uv":[0.34375,5.96875,0.5,6.40625],"tintindex":0,"rotation":0,"texture":"#1"},"up":{"uv":[0.34375,5.96875,0.15625,5.8125],"tintindex":0,"rotation":0,"texture":"#1"},"down":{"uv":[0.53125,5.8125,0.34375,5.96875],"tintindex":0,"rotation":0,"texture":"#1"}},"rotation":{"origin":[7.7330074,-5.01589,12.924999],"angle":22.5,"axis":"z"}},{"from":[2.523491,11.303215,7.175],"to":[5.023491,17.803215,9.175],"faces":{"east":{"uv":[6.40625,1.46875,6.53125,1.875],"tintindex":0,"rotation":0,"texture":"#1"},"south":{"uv":[6.8125,1.46875,6.96875,1.875],"tintindex":0,"rotation":0,"texture":"#1"},"north":{"uv":[6.53125,1.46875,6.6875,1.875],"tintindex":0,"rotation":0,"texture":"#1"},"west":{"uv":[6.6875,1.46875,6.8125,1.875],"tintindex":0,"rotation":0,"texture":"#1"},"up":{"uv":[6.6875,1.46875,6.53125,1.34375],"tintindex":0,"rotation":0,"texture":"#1"},"down":{"uv":[6.84375,1.34375,6.6875,1.46875],"tintindex":0,"rotation":0,"texture":"#1"}},"rotation":{"origin":[3.523491,9.303215,8.425],"angle":-22.5,"axis":"z"}},{"from":[3.4025378,4.2245007,6.6745005],"to":[6.4035378,11.725502,9.675501],"faces":{"east":{"uv":[0.0,1.6875,0.1875,2.15625],"tintindex":0,"rotation":0,"texture":"#1"},"south":{"uv":[0.5625,1.6875,0.75,2.15625],"tintindex":0,"rotation":0,"texture":"#1"},"north":{"uv":[0.1875,1.6875,0.375,2.15625],"tintindex":0,"rotation":0,"texture":"#1"},"west":{"uv":[0.375,1.6875,0.5625,2.15625],"tintindex":0,"rotation":0,"texture":"#1"},"up":{"uv":[0.375,1.6875,0.1875,1.5],"tintindex":0,"rotation":0,"texture":"#1"},"down":{"uv":[0.5625,1.5,0.375,1.6875],"tintindex":0,"rotation":0,"texture":"#1"}}},{"from":[3.4025378,2.7245007,10.6744995],"to":[6.9035378,13.225502,14.175499],"faces":{"east":{"uv":[8.6875,9.9375,8.90625,10.59375],"tintindex":0,"rotation":0,"texture":"#1"},"south":{"uv":[9.34375,9.9375,9.5625,10.59375],"tintindex":0,"rotation":0,"texture":"#1"},"north":{"uv":[8.90625,9.9375,9.125,10.59375],"tintindex":0,"rotation":0,"texture":"#1"},"west":{"uv":[9.125,9.9375,9.34375,10.59375],"tintindex":0,"rotation":0,"texture":"#1"},"up":{"uv":[9.125,9.9375,8.90625,9.71875],"tintindex":0,"rotation":0,"texture":"#1"},"down":{"uv":[9.34375,9.71875,9.125,9.9375],"tintindex":0,"rotation":0,"texture":"#1"}}},{"from":[2.9025383,4.2245007,2.1744995],"to":[5.9035378,11.725502,5.1755],"faces":{"east":{"uv":[0.0,0.1875,0.1875,0.65625],"tintindex":0,"rotation":0,"texture":"#1"},"south":{"uv":[0.5625,0.1875,0.75,0.65625],"tintindex":0,"rotation":0,"texture":"#1"},"north":{"uv":[0.1875,0.1875,0.375,0.65625],"tintindex":0,"rotation":0,"texture":"#1"},"west":{"uv":[0.375,0.1875,0.5625,0.65625],"tintindex":0,"rotation":0,"texture":"#1"},"up":{"uv":[0.375,0.1875,0.1875,0.0],"tintindex":0,"rotation":0,"texture":"#1"},"down":{"uv":[0.5625,0.0,0.375,0.1875],"tintindex":0,"rotation":0,"texture":"#1"}}},{"from":[2.523491,11.303215,2.6749997],"to":[4.523491,15.803215,4.675],"faces":{"east":{"uv":[2.40625,4.59375,2.53125,4.875],"tintindex":0,"rotation":0,"texture":"#1"},"south":{"uv":[2.78125,4.59375,2.90625,4.875],"tintindex":0,"rotation":0,"texture":"#1"},"north":{"uv":[2.53125,4.59375,2.65625,4.875],"tintindex":0,"rotation":0,"texture":"#1"},"west":{"uv":[2.65625,4.59375,2.78125,4.875],"tintindex":0,"rotation":0,"texture":"#1"},"up":{"uv":[2.65625,4.59375,2.53125,4.46875],"tintindex":0,"rotation":0,"texture":"#1"},"down":{"uv":[2.78125,4.46875,2.65625,4.59375],"tintindex":0,"rotation":0,"texture":"#1"}},"rotation":{"origin":[3.023491,9.303215,3.9249997],"angle":-22.5,"axis":"z"}},{"from":[2.523491,12.803215,11.175],"to":[5.523491,19.803215,13.674999],"faces":{"east":{"uv":[7.625,2.40625,7.78125,2.84375],"tintindex":0,"rotation":0,"texture":"#1"},"south":{"uv":[8.125,2.40625,8.3125,2.84375],"tintindex":0,"rotation":0,"texture":"#1"},"north":{"uv":[7.78125,2.40625,7.96875,2.84375],"tintindex":0,"rotation":0,"texture":"#1"},"west":{"uv":[7.96875,2.40625,8.125,2.84375],"tintindex":0,"rotation":0,"texture":"#1"},"up":{"uv":[7.96875,2.40625,7.78125,2.25],"tintindex":0,"rotation":0,"texture":"#1"},"down":{"uv":[8.15625,2.25,7.96875,2.40625],"tintindex":0,"rotation":0,"texture":"#1"}},"rotation":{"origin":[3.523491,10.803215,12.924999],"angle":-22.5,"axis":"z"}},{"from":[-7.596962,5.7250004,-0.3249998],"to":[3.403038,10.725002,16.175],"faces":{"east":{"uv":[0.0,5.5,1.03125,5.8125],"tintindex":0,"rotation":0,"texture":"#1"},"south":{"uv":[2.75,5.5,3.4375,5.8125],"tintindex":0,"rotation":0,"texture":"#1"},"north":{"uv":[1.03125,5.5,1.71875,5.8125],"tintindex":0,"rotation":0,"texture":"#1"},"west":{"uv":[1.71875,5.5,2.75,5.8125],"tintindex":0,"rotation":0,"texture":"#1"},"up":{"uv":[1.71875,5.5,1.03125,4.46875],"tintindex":0,"rotation":0,"texture":"#1"},"down":{"uv":[2.40625,4.46875,1.71875,5.5],"tintindex":0,"rotation":0,"texture":"#1"}}},{"from":[6.7330074,-1.0158901,7.175],"to":[9.233007,5.48411,9.175],"faces":{"east":{"uv":[0.0,3.65625,0.125,4.0625],"tintindex":0,"rotation":0,"texture":"#1"},"south":{"uv":[0.40625,3.65625,0.5625,4.0625],"tintindex":0,"rotation":0,"texture":"#1"},"north":{"uv":[0.125,3.65625,0.28125,4.0625],"tintindex":0,"rotation":0,"texture":"#1"},"west":{"uv":[0.28125,3.65625,0.40625,4.0625],"tintindex":0,"rotation":0,"texture":"#1"},"up":{"uv":[0.28125,3.65625,0.125,3.53125],"tintindex":0,"rotation":0,"texture":"#1"},"down":{"uv":[0.4375,3.53125,0.28125,3.65625],"tintindex":0,"rotation":0,"texture":"#1"}},"rotation":{"origin":[7.7330074,-3.5158901,8.425],"angle":22.5,"axis":"z"}}],"display":{"head":{"rotation":[0.0,0.0,0.0]},"firstperson_righthand":{"rotation":[0.0,0.0,0.0]},"thirdperson_lefthand":{"rotation":[0.0,0.0,0.0]},"firstperson_lefthand":{"rotation":[0.0,0.0,0.0]},"fixed":{"rotation":[0.0,0.0,0.0]},"ground":{"rotation":[0.0,0.0,0.0]},"thirdperson_righthand":{"rotation":[0.0,0.0,0.0]},"gui":{"rotation":[-150.0,-45.0,180.0]}}}