{"textures":{"1":"modelengine:entity/ugron","particle":"#1"},"elements":[{"from":[5.349038,12.450958,0.72354317],"to":[7.349038,15.450958,0.72354317],"faces":{"south":{"uv":[0.0625,0.09375,0.125,0.1875],"tintindex":0,"rotation":0,"texture":"#1"},"north":{"uv":[0.0,0.09375,0.0625,0.1875],"tintindex":0,"rotation":0,"texture":"#1"}},"rotation":{"origin":[8.0,8.0,8.0],"angle":-45.0,"axis":"z"}},{"from":[3.3660254,12.633972,-1.7928925],"to":[6.3660254,16.633972,2.2071075],"faces":{"east":{"uv":[0.59375,4.59375,0.71875,4.71875],"tintindex":0,"rotation":0,"texture":"#1"},"south":{"uv":[0.9375,4.59375,1.03125,4.71875],"tintindex":0,"rotation":0,"texture":"#1"},"north":{"uv":[0.71875,4.59375,0.8125,4.71875],"tintindex":0,"rotation":0,"texture":"#1"},"west":{"uv":[0.8125,4.59375,0.9375,4.71875],"tintindex":0,"rotation":0,"texture":"#1"},"up":{"uv":[0.8125,4.59375,0.71875,4.46875],"tintindex":0,"rotation":0,"texture":"#1"},"down":{"uv":[0.90625,4.46875,0.8125,4.59375],"tintindex":0,"rotation":0,"texture":"#1"}},"rotation":{"origin":[8.0,8.0,8.0],"angle":-45.0,"axis":"z"}}],"display":{"head":{"rotation":[0.0,0.0,0.0]},"firstperson_righthand":{"rotation":[0.0,0.0,0.0]},"thirdperson_lefthand":{"rotation":[0.0,0.0,0.0]},"firstperson_lefthand":{"rotation":[0.0,0.0,0.0]},"fixed":{"rotation":[0.0,0.0,0.0]},"ground":{"rotation":[0.0,0.0,0.0]},"thirdperson_righthand":{"rotation":[0.0,0.0,0.0]},"gui":{"rotation":[-150.0,-45.0,180.0]}}}