{"textures":{"1":"modelengine:entity/ugron","particle":"#1"},"elements":[{"from":[10.501,4.900521,9.530108],"to":[20.499,15.89852,17.52811],"faces":{"east":{"uv":[6.125,4.25,6.375,4.59375],"tintindex":0,"rotation":0,"texture":"#1"},"south":{"uv":[6.9375,4.25,7.25,4.59375],"tintindex":0,"rotation":0,"texture":"#1"},"north":{"uv":[6.375,4.25,6.6875,4.59375],"tintindex":0,"rotation":0,"texture":"#1"},"west":{"uv":[6.6875,4.25,6.9375,4.59375],"tintindex":0,"rotation":0,"texture":"#1"},"up":{"uv":[6.6875,4.25,6.375,4.0],"tintindex":0,"rotation":0,"texture":"#1"},"down":{"uv":[7.0,4.0,6.6875,4.25],"tintindex":0,"rotation":0,"texture":"#1"}},"rotation":{"origin":[7.5,10.899521,14.029108],"angle":-22.5,"axis":"z"}},{"from":[-4.495,7.490306,9.534108],"to":[5.495,18.480307,17.52411],"faces":{"east":{"uv":[9.625,6.34375,9.875,6.6875],"tintindex":0,"rotation":0,"texture":"#1"},"south":{"uv":[10.4375,6.34375,10.75,6.6875],"tintindex":0,"rotation":0,"texture":"#1"},"north":{"uv":[9.875,6.34375,10.1875,6.6875],"tintindex":0,"rotation":0,"texture":"#1"},"west":{"uv":[10.1875,6.34375,10.4375,6.6875],"tintindex":0,"rotation":0,"texture":"#1"},"up":{"uv":[10.1875,6.34375,9.875,6.09375],"tintindex":0,"rotation":0,"texture":"#1"},"down":{"uv":[10.5,6.09375,10.1875,6.34375],"tintindex":0,"rotation":0,"texture":"#1"}},"rotation":{"origin":[8.5,12.485306,14.029108],"angle":-22.5,"axis":"z"}},{"from":[-1.501,1.8985208,4.528108],"to":[18.501,21.90052,17.53011],"faces":{"east":{"uv":[8.34375,2.65625,8.75,3.28125],"tintindex":0,"rotation":0,"texture":"#1"},"south":{"uv":[9.78125,2.65625,10.40625,3.28125],"tintindex":0,"rotation":0,"texture":"#1"},"north":{"uv":[8.75,2.65625,9.375,3.28125],"tintindex":0,"rotation":0,"texture":"#1"},"west":{"uv":[9.375,2.65625,9.78125,3.28125],"tintindex":0,"rotation":0,"texture":"#1"},"up":{"uv":[9.375,2.65625,8.75,2.25],"tintindex":0,"rotation":0,"texture":"#1"},"down":{"uv":[10.0,2.25,9.375,2.65625],"tintindex":0,"rotation":0,"texture":"#1"}},"rotation":{"origin":[8.5,11.899521,11.029108],"angle":-45.0,"axis":"z"}},{"from":[10.505,7.490306,9.534108],"to":[20.495,18.480307,17.52411],"faces":{"east":{"uv":[9.59375,5.125,9.84375,5.46875],"tintindex":0,"rotation":0,"texture":"#1"},"south":{"uv":[10.40625,5.125,10.71875,5.46875],"tintindex":0,"rotation":0,"texture":"#1"},"north":{"uv":[9.84375,5.125,10.15625,5.46875],"tintindex":0,"rotation":0,"texture":"#1"},"west":{"uv":[10.15625,5.125,10.40625,5.46875],"tintindex":0,"rotation":0,"texture":"#1"},"up":{"uv":[10.15625,5.125,9.84375,4.875],"tintindex":0,"rotation":0,"texture":"#1"},"down":{"uv":[10.46875,4.875,10.15625,5.125],"tintindex":0,"rotation":0,"texture":"#1"}},"rotation":{"origin":[7.5,12.485306,14.029108],"angle":22.5,"axis":"z"}},{"from":[-3.499,4.900521,9.530108],"to":[6.499,15.89852,17.52811],"faces":{"east":{"uv":[4.5,6.96875,4.75,7.3125],"tintindex":0,"rotation":0,"texture":"#1"},"south":{"uv":[5.3125,6.96875,5.625,7.3125],"tintindex":0,"rotation":0,"texture":"#1"},"north":{"uv":[4.75,6.96875,5.0625,7.3125],"tintindex":0,"rotation":0,"texture":"#1"},"west":{"uv":[5.0625,6.96875,5.3125,7.3125],"tintindex":0,"rotation":0,"texture":"#1"},"up":{"uv":[5.0625,6.96875,4.75,6.71875],"tintindex":0,"rotation":0,"texture":"#1"},"down":{"uv":[5.375,6.71875,5.0625,6.96875],"tintindex":0,"rotation":0,"texture":"#1"}},"rotation":{"origin":[8.5,10.899521,14.029108],"angle":22.5,"axis":"z"}},{"from":[1.3010002,-1.4530329,6.530108],"to":[14.698999,10.044967,20.52811],"faces":{"east":{"uv":[8.28125,1.4375,8.71875,1.78125],"tintindex":0,"rotation":0,"texture":"#1"},"south":{"uv":[9.5625,1.4375,9.96875,1.78125],"tintindex":0,"rotation":0,"texture":"#1"},"north":{"uv":[8.71875,1.4375,9.125,1.78125],"tintindex":0,"rotation":0,"texture":"#1"},"west":{"uv":[9.125,1.4375,9.5625,1.78125],"tintindex":0,"rotation":0,"texture":"#1"},"up":{"uv":[9.125,1.4375,8.71875,1.0],"tintindex":0,"rotation":0,"texture":"#1"},"down":{"uv":[9.53125,1.0,9.125,1.4375],"tintindex":0,"rotation":0,"texture":"#1"}}}],"display":{"head":{"rotation":[0.0,0.0,0.0]},"firstperson_righthand":{"rotation":[0.0,0.0,0.0]},"thirdperson_lefthand":{"rotation":[0.0,0.0,0.0]},"firstperson_lefthand":{"rotation":[0.0,0.0,0.0]},"fixed":{"rotation":[0.0,0.0,0.0]},"ground":{"rotation":[0.0,0.0,0.0]},"thirdperson_righthand":{"rotation":[0.0,0.0,0.0]},"gui":{"rotation":[-150.0,-45.0,180.0]}}}