{"textures":{"1":"modelengine:entity/ugron","particle":"#1"},"elements":[{"from":[10.010855,-5.11876,8.834022],"to":[11.513855,-1.1157598,10.337022],"faces":{"east":{"uv":[5.96875,5.65625,6.0625,5.90625],"tintindex":0,"rotation":0,"texture":"#1"},"south":{"uv":[6.25,5.65625,6.34375,5.90625],"tintindex":0,"rotation":0,"texture":"#1"},"north":{"uv":[6.0625,5.65625,6.15625,5.90625],"tintindex":0,"rotation":0,"texture":"#1"},"west":{"uv":[6.15625,5.65625,6.25,5.90625],"tintindex":0,"rotation":0,"texture":"#1"},"up":{"uv":[6.15625,5.65625,6.0625,5.5625],"tintindex":0,"rotation":0,"texture":"#1"},"down":{"uv":[6.25,5.5625,6.15625,5.65625],"tintindex":0,"rotation":0,"texture":"#1"}},"rotation":{"origin":[13.162355,8.63274,7.8355217],"angle":22.5,"axis":"z"}},{"from":[2.9108548,-1.8626413,3.4397616],"to":[13.413856,3.640359,12.442761],"faces":{"east":{"uv":[6.40625,1.90625,6.96875,2.25],"tintindex":0,"rotation":0,"texture":"#1"},"south":{"uv":[8.1875,1.90625,8.84375,2.25],"tintindex":0,"rotation":0,"texture":"#1"},"north":{"uv":[6.96875,1.90625,7.625,2.25],"tintindex":0,"rotation":0,"texture":"#1"},"west":{"uv":[7.625,1.90625,8.1875,2.25],"tintindex":0,"rotation":0,"texture":"#1"},"up":{"uv":[7.625,1.90625,6.96875,1.34375],"tintindex":0,"rotation":0,"texture":"#1"},"down":{"uv":[8.28125,1.34375,7.625,1.90625],"tintindex":0,"rotation":0,"texture":"#1"}}},{"from":[15.510856,3.88124,8.834022],"to":[17.013855,7.88424,10.337022],"faces":{"east":{"uv":[1.875,7.34375,1.96875,7.59375],"tintindex":0,"rotation":0,"texture":"#1"},"south":{"uv":[2.15625,7.34375,2.25,7.59375],"tintindex":0,"rotation":0,"texture":"#1"},"north":{"uv":[1.96875,7.34375,2.0625,7.59375],"tintindex":0,"rotation":0,"texture":"#1"},"west":{"uv":[2.0625,7.34375,2.15625,7.59375],"tintindex":0,"rotation":0,"texture":"#1"},"up":{"uv":[2.0625,7.34375,1.96875,7.25],"tintindex":0,"rotation":0,"texture":"#1"},"down":{"uv":[2.15625,7.25,2.0625,7.34375],"tintindex":0,"rotation":0,"texture":"#1"}},"rotation":{"origin":[13.162355,8.63274,7.8355217],"angle":-22.5,"axis":"z"}},{"from":[13.410855,-2.3626413,8.339762],"to":[15.913856,4.140359,10.842762],"faces":{"east":{"uv":[0.0,7.1875,0.15625,7.59375],"tintindex":0,"rotation":0,"texture":"#1"},"south":{"uv":[0.46875,7.1875,0.625,7.59375],"tintindex":0,"rotation":0,"texture":"#1"},"north":{"uv":[0.15625,7.1875,0.3125,7.59375],"tintindex":0,"rotation":0,"texture":"#1"},"west":{"uv":[0.3125,7.1875,0.46875,7.59375],"tintindex":0,"rotation":0,"texture":"#1"},"up":{"uv":[0.3125,7.1875,0.15625,7.03125],"tintindex":0,"rotation":0,"texture":"#1"},"down":{"uv":[0.46875,7.03125,0.3125,7.1875],"tintindex":0,"rotation":0,"texture":"#1"}}},{"from":[10.010855,-5.11876,5.8340216],"to":[11.513855,-1.1157598,7.3370214],"faces":{"east":{"uv":[0.0,4.40625,0.09375,4.65625],"tintindex":0,"rotation":0,"texture":"#1"},"south":{"uv":[0.28125,4.40625,0.375,4.65625],"tintindex":0,"rotation":0,"texture":"#1"},"north":{"uv":[0.09375,4.40625,0.1875,4.65625],"tintindex":0,"rotation":0,"texture":"#1"},"west":{"uv":[0.1875,4.40625,0.28125,4.65625],"tintindex":0,"rotation":0,"texture":"#1"},"up":{"uv":[0.1875,4.40625,0.09375,4.3125],"tintindex":0,"rotation":0,"texture":"#1"},"down":{"uv":[0.28125,4.3125,0.1875,4.40625],"tintindex":0,"rotation":0,"texture":"#1"}},"rotation":{"origin":[13.162355,8.63274,7.8355217],"angle":22.5,"axis":"z"}},{"from":[3.9108548,-3.8626413,4.4397616],"to":[12.413856,10.140359,11.442761],"faces":{"east":{"uv":[2.5,8.40625,2.9375,9.28125],"tintindex":0,"rotation":0,"texture":"#1"},"south":{"uv":[3.90625,8.40625,4.4375,9.28125],"tintindex":0,"rotation":0,"texture":"#1"},"north":{"uv":[2.9375,8.40625,3.46875,9.28125],"tintindex":0,"rotation":0,"texture":"#1"},"west":{"uv":[3.46875,8.40625,3.90625,9.28125],"tintindex":0,"rotation":0,"texture":"#1"},"up":{"uv":[3.46875,8.40625,2.9375,7.96875],"tintindex":0,"rotation":0,"texture":"#1"},"down":{"uv":[4.0,7.96875,3.46875,8.40625],"tintindex":0,"rotation":0,"texture":"#1"}}},{"from":[13.410855,-2.3626413,5.3397617],"to":[15.913856,4.140359,7.8427615],"faces":{"east":{"uv":[2.25,6.25,2.40625,6.65625],"tintindex":0,"rotation":0,"texture":"#1"},"south":{"uv":[2.71875,6.25,2.875,6.65625],"tintindex":0,"rotation":0,"texture":"#1"},"north":{"uv":[2.40625,6.25,2.5625,6.65625],"tintindex":0,"rotation":0,"texture":"#1"},"west":{"uv":[2.5625,6.25,2.71875,6.65625],"tintindex":0,"rotation":0,"texture":"#1"},"up":{"uv":[2.5625,6.25,2.40625,6.09375],"tintindex":0,"rotation":0,"texture":"#1"},"down":{"uv":[2.71875,6.09375,2.5625,6.25],"tintindex":0,"rotation":0,"texture":"#1"}}},{"from":[15.510856,3.88124,5.8340216],"to":[17.013855,7.88424,7.3370214],"faces":{"east":{"uv":[5.25,5.65625,5.34375,5.90625],"tintindex":0,"rotation":0,"texture":"#1"},"south":{"uv":[5.53125,5.65625,5.625,5.90625],"tintindex":0,"rotation":0,"texture":"#1"},"north":{"uv":[5.34375,5.65625,5.4375,5.90625],"tintindex":0,"rotation":0,"texture":"#1"},"west":{"uv":[5.4375,5.65625,5.53125,5.90625],"tintindex":0,"rotation":0,"texture":"#1"},"up":{"uv":[5.4375,5.65625,5.34375,5.5625],"tintindex":0,"rotation":0,"texture":"#1"},"down":{"uv":[5.53125,5.5625,5.4375,5.65625],"tintindex":0,"rotation":0,"texture":"#1"}},"rotation":{"origin":[13.162355,8.63274,4.8355217],"angle":-22.5,"axis":"z"}}],"display":{"head":{"rotation":[0.0,0.0,0.0]},"firstperson_righthand":{"rotation":[0.0,0.0,0.0]},"thirdperson_lefthand":{"rotation":[0.0,0.0,0.0]},"firstperson_lefthand":{"rotation":[0.0,0.0,0.0]},"fixed":{"rotation":[0.0,0.0,0.0]},"ground":{"rotation":[0.0,0.0,0.0]},"thirdperson_righthand":{"rotation":[0.0,0.0,0.0]},"gui":{"rotation":[-150.0,-45.0,180.0]}}}