{"textures":{"1":"modelengine:entity/ugron","particle":"#1"},"elements":[{"from":[7.862972,7.0016937,6.0],"to":[10.862972,11.001694,9.0],"faces":{"east":{"uv":[5.84375,2.53125,5.9375,2.65625],"tintindex":0,"rotation":0,"texture":"#1"},"south":{"uv":[6.125,2.53125,6.21875,2.65625],"tintindex":0,"rotation":0,"texture":"#1"},"north":{"uv":[5.9375,2.53125,6.03125,2.65625],"tintindex":0,"rotation":0,"texture":"#1"},"west":{"uv":[6.03125,2.53125,6.125,2.65625],"tintindex":0,"rotation":0,"texture":"#1"},"up":{"uv":[6.03125,2.53125,5.9375,2.4375],"tintindex":0,"rotation":0,"texture":"#1"},"down":{"uv":[6.125,2.4375,6.03125,2.53125],"tintindex":0,"rotation":0,"texture":"#1"}},"rotation":{"origin":[9.04055,9.84462,7.5],"angle":22.5,"axis":"z"}},{"from":[7.2171288,7.000694,5.999],"to":[10.219129,11.002694,9.001],"faces":{"east":{"uv":[7.0,4.09375,7.09375,4.21875],"tintindex":0,"rotation":0,"texture":"#1"},"south":{"uv":[7.28125,4.09375,7.375,4.21875],"tintindex":0,"rotation":0,"texture":"#1"},"north":{"uv":[7.09375,4.09375,7.1875,4.21875],"tintindex":0,"rotation":0,"texture":"#1"},"west":{"uv":[7.1875,4.09375,7.28125,4.21875],"tintindex":0,"rotation":0,"texture":"#1"},"up":{"uv":[7.1875,4.09375,7.09375,4.0],"tintindex":0,"rotation":0,"texture":"#1"},"down":{"uv":[7.28125,4.0,7.1875,4.09375],"tintindex":0,"rotation":0,"texture":"#1"}},"rotation":{"origin":[9.04055,9.84462,7.5],"angle":-22.5,"axis":"z"}},{"from":[7.5315504,8.491,5.991],"to":[10.54955,12.509,9.009],"faces":{"east":{"uv":[5.6875,0.09375,5.78125,0.21875],"tintindex":0,"rotation":0,"texture":"#1"},"south":{"uv":[5.96875,0.09375,6.0625,0.21875],"tintindex":0,"rotation":0,"texture":"#1"},"north":{"uv":[5.78125,0.09375,5.875,0.21875],"tintindex":0,"rotation":0,"texture":"#1"},"west":{"uv":[5.875,0.09375,5.96875,0.21875],"tintindex":0,"rotation":0,"texture":"#1"},"up":{"uv":[5.875,0.09375,5.78125,0.0],"tintindex":0,"rotation":0,"texture":"#1"},"down":{"uv":[5.96875,0.0,5.875,0.09375],"tintindex":0,"rotation":0,"texture":"#1"}}}],"display":{"head":{"rotation":[0.0,0.0,0.0]},"firstperson_righthand":{"rotation":[0.0,0.0,0.0]},"thirdperson_lefthand":{"rotation":[0.0,0.0,0.0]},"firstperson_lefthand":{"rotation":[0.0,0.0,0.0]},"fixed":{"rotation":[0.0,0.0,0.0]},"ground":{"rotation":[0.0,0.0,0.0]},"thirdperson_righthand":{"rotation":[0.0,0.0,0.0]},"gui":{"rotation":[-150.0,-45.0,180.0]}}}