{"textures":{"1":"modelengine:entity/ugron","particle":"#1"},"elements":[{"from":[6.3958807,8.949233,6.799001],"to":[9.3978815,11.951234,9.801002],"faces":{"east":{"uv":[6.40625,2.34375,6.5,2.4375],"tintindex":0,"rotation":0,"texture":"#1"},"south":{"uv":[6.6875,2.34375,6.78125,2.4375],"tintindex":0,"rotation":0,"texture":"#1"},"north":{"uv":[6.5,2.34375,6.59375,2.4375],"tintindex":0,"rotation":0,"texture":"#1"},"west":{"uv":[6.59375,2.34375,6.6875,2.4375],"tintindex":0,"rotation":0,"texture":"#1"},"up":{"uv":[6.59375,2.34375,6.5,2.25],"tintindex":0,"rotation":0,"texture":"#1"},"down":{"uv":[6.6875,2.25,6.59375,2.34375],"tintindex":0,"rotation":0,"texture":"#1"}},"rotation":{"origin":[8.396881,9.450233,9.800001],"angle":-45.0,"axis":"z"}},{"from":[4.946139,6.0500107,6.800001],"to":[7.946139,10.050011,9.800001],"faces":{"east":{"uv":[0.0,7.6875,0.09375,7.8125],"tintindex":0,"rotation":0,"texture":"#1"},"south":{"uv":[0.28125,7.6875,0.375,7.8125],"tintindex":0,"rotation":0,"texture":"#1"},"north":{"uv":[0.09375,7.6875,0.1875,7.8125],"tintindex":0,"rotation":0,"texture":"#1"},"west":{"uv":[0.1875,7.6875,0.28125,7.8125],"tintindex":0,"rotation":0,"texture":"#1"},"up":{"uv":[0.1875,7.6875,0.09375,7.59375],"tintindex":0,"rotation":0,"texture":"#1"},"down":{"uv":[0.28125,7.59375,0.1875,7.6875],"tintindex":0,"rotation":0,"texture":"#1"}},"rotation":{"origin":[6.946139,6.0500107,16.300001],"angle":-22.5,"axis":"z"}}],"display":{"head":{"rotation":[0.0,0.0,0.0]},"firstperson_righthand":{"rotation":[0.0,0.0,0.0]},"thirdperson_lefthand":{"rotation":[0.0,0.0,0.0]},"firstperson_lefthand":{"rotation":[0.0,0.0,0.0]},"fixed":{"rotation":[0.0,0.0,0.0]},"ground":{"rotation":[0.0,0.0,0.0]},"thirdperson_righthand":{"rotation":[0.0,0.0,0.0]},"gui":{"rotation":[-150.0,-45.0,180.0]}}}