{"textures":{"1":"modelengine:entity/ugron","particle":"#1"},"elements":[{"from":[6.6021194,7.6492305,6.499],"to":[9.604119,10.651231,9.501],"faces":{"east":{"uv":[6.78125,2.34375,6.875,2.4375],"tintindex":0,"rotation":0,"texture":"#1"},"south":{"uv":[7.0625,2.34375,7.15625,2.4375],"tintindex":0,"rotation":0,"texture":"#1"},"north":{"uv":[6.875,2.34375,6.96875,2.4375],"tintindex":0,"rotation":0,"texture":"#1"},"west":{"uv":[6.96875,2.34375,7.0625,2.4375],"tintindex":0,"rotation":0,"texture":"#1"},"up":{"uv":[6.96875,2.34375,6.875,2.25],"tintindex":0,"rotation":0,"texture":"#1"},"down":{"uv":[7.0625,2.25,6.96875,2.34375],"tintindex":0,"rotation":0,"texture":"#1"}},"rotation":{"origin":[7.6031194,8.15023,8.5],"angle":45.0,"axis":"z"}},{"from":[8.053861,4.7500076,6.5],"to":[11.053862,8.750008,9.5],"faces":{"east":{"uv":[1.875,7.6875,1.96875,7.8125],"tintindex":0,"rotation":0,"texture":"#1"},"south":{"uv":[2.15625,7.6875,2.25,7.8125],"tintindex":0,"rotation":0,"texture":"#1"},"north":{"uv":[1.96875,7.6875,2.0625,7.8125],"tintindex":0,"rotation":0,"texture":"#1"},"west":{"uv":[2.0625,7.6875,2.15625,7.8125],"tintindex":0,"rotation":0,"texture":"#1"},"up":{"uv":[2.0625,7.6875,1.96875,7.59375],"tintindex":0,"rotation":0,"texture":"#1"},"down":{"uv":[2.15625,7.59375,2.0625,7.6875],"tintindex":0,"rotation":0,"texture":"#1"}},"rotation":{"origin":[9.053861,4.7500076,15.0],"angle":22.5,"axis":"z"}}],"display":{"head":{"rotation":[0.0,0.0,0.0]},"firstperson_righthand":{"rotation":[0.0,0.0,0.0]},"thirdperson_lefthand":{"rotation":[0.0,0.0,0.0]},"firstperson_lefthand":{"rotation":[0.0,0.0,0.0]},"fixed":{"rotation":[0.0,0.0,0.0]},"ground":{"rotation":[0.0,0.0,0.0]},"thirdperson_righthand":{"rotation":[0.0,0.0,0.0]},"gui":{"rotation":[-150.0,-45.0,180.0]}}}