{"textures":{"1":"modelengine:entity/ugron","particle":"#1"},"elements":[{"from":[6.275404,9.336166,7.6522474],"to":[15.275404,26.336166,9.652247],"faces":{"east":{"uv":[1.46875,3.59375,1.53125,4.125],"tintindex":0,"rotation":0,"texture":"#1"},"south":{"uv":[1.875,3.59375,2.15625,4.125],"tintindex":0,"rotation":0,"texture":"#1"},"north":{"uv":[1.53125,3.59375,1.8125,4.125],"tintindex":0,"rotation":0,"texture":"#1"},"west":{"uv":[1.8125,3.59375,1.875,4.125],"tintindex":0,"rotation":0,"texture":"#1"},"up":{"uv":[1.8125,3.59375,1.53125,3.53125],"tintindex":0,"rotation":0,"texture":"#1"},"down":{"uv":[2.09375,3.53125,1.8125,3.59375],"tintindex":0,"rotation":0,"texture":"#1"}}},{"from":[4.275404,-4.6638336,5.6522474],"to":[19.275404,10.336166,12.652247],"faces":{"east":{"uv":[4.6875,2.65625,4.90625,3.125],"tintindex":0,"rotation":0,"texture":"#1"},"south":{"uv":[5.59375,2.65625,6.0625,3.125],"tintindex":0,"rotation":0,"texture":"#1"},"north":{"uv":[4.90625,2.65625,5.375,3.125],"tintindex":0,"rotation":0,"texture":"#1"},"west":{"uv":[5.375,2.65625,5.59375,3.125],"tintindex":0,"rotation":0,"texture":"#1"},"up":{"uv":[5.375,2.65625,4.90625,2.4375],"tintindex":0,"rotation":0,"texture":"#1"},"down":{"uv":[5.84375,2.4375,5.375,2.65625],"tintindex":0,"rotation":0,"texture":"#1"}}}],"display":{"head":{"rotation":[0.0,0.0,0.0]},"firstperson_righthand":{"rotation":[0.0,0.0,0.0]},"thirdperson_lefthand":{"rotation":[0.0,0.0,0.0]},"firstperson_lefthand":{"rotation":[0.0,0.0,0.0]},"fixed":{"rotation":[0.0,0.0,0.0]},"ground":{"rotation":[0.0,0.0,0.0]},"thirdperson_righthand":{"rotation":[0.0,0.0,0.0]},"gui":{"rotation":[-150.0,-45.0,180.0]}}}