{"textures":{"1":"modelengine:entity/ugron","particle":"#1"},"elements":[{"from":[-4.9972534E-4,16.489735,5.7156477],"to":[20.0005,27.990734,18.216648],"faces":{"east":{"uv":[0.0,0.78125,0.78125,1.5],"tintindex":0,"rotation":0,"texture":"#1"},"south":{"uv":[2.8125,0.78125,4.0625,1.5],"tintindex":0,"rotation":0,"texture":"#1"},"north":{"uv":[0.78125,0.78125,2.03125,1.5],"tintindex":0,"rotation":0,"texture":"#1"},"west":{"uv":[0.78125,0.78125,0.0,1.5],"tintindex":0,"rotation":0,"texture":"#1"},"up":{"uv":[2.03125,0.78125,0.78125,0.0],"tintindex":0,"rotation":0,"texture":"#1"},"down":{"uv":[3.28125,0.0,2.03125,0.78125],"tintindex":0,"rotation":0,"texture":"#1"}},"rotation":{"origin":[10.0,22.490234,14.216148],"angle":45.0,"axis":"x"}},{"from":[6.0,7.4599037,1.4002838],"to":[14.0,14.959904,13.400284],"faces":{"east":{"uv":[7.03125,7.96875,7.78125,8.4375],"tintindex":0,"rotation":0,"texture":"#1"},"south":{"uv":[9.03125,7.96875,9.53125,8.4375],"tintindex":0,"rotation":0,"texture":"#1"},"north":{"uv":[7.78125,7.96875,8.28125,8.4375],"tintindex":0,"rotation":0,"texture":"#1"},"west":{"uv":[8.28125,7.96875,9.03125,8.4375],"tintindex":0,"rotation":0,"texture":"#1"},"up":{"uv":[8.28125,7.96875,7.78125,7.21875],"tintindex":0,"rotation":0,"texture":"#1"},"down":{"uv":[8.78125,7.21875,8.28125,7.96875],"tintindex":0,"rotation":0,"texture":"#1"}}},{"from":[8.0,10.459904,4.900284],"to":[22.5,19.959904,13.900284],"faces":{"east":{"uv":[2.875,6.125,3.4375,6.71875],"tintindex":0,"rotation":0,"texture":"#1"},"south":{"uv":[4.90625,6.125,5.8125,6.71875],"tintindex":0,"rotation":0,"texture":"#1"},"north":{"uv":[3.4375,6.125,4.34375,6.71875],"tintindex":0,"rotation":0,"texture":"#1"},"west":{"uv":[4.34375,6.125,4.90625,6.71875],"tintindex":0,"rotation":0,"texture":"#1"},"up":{"uv":[4.34375,6.125,3.4375,5.5625],"tintindex":0,"rotation":0,"texture":"#1"},"down":{"uv":[5.25,5.5625,4.34375,6.125],"tintindex":0,"rotation":0,"texture":"#1"}},"rotation":{"origin":[14.5,14.959904,9.400284],"angle":45.0,"axis":"z"}},{"from":[-2.5,10.459904,4.900284],"to":[12.0,19.959904,13.900284],"faces":{"east":{"uv":[5.8125,6.125,6.375,6.71875],"tintindex":0,"rotation":0,"texture":"#1"},"south":{"uv":[7.84375,6.125,8.75,6.71875],"tintindex":0,"rotation":0,"texture":"#1"},"north":{"uv":[6.375,6.125,7.28125,6.71875],"tintindex":0,"rotation":0,"texture":"#1"},"west":{"uv":[7.28125,6.125,7.84375,6.71875],"tintindex":0,"rotation":0,"texture":"#1"},"up":{"uv":[7.28125,6.125,6.375,5.5625],"tintindex":0,"rotation":0,"texture":"#1"},"down":{"uv":[8.1875,5.5625,7.28125,6.125],"tintindex":0,"rotation":0,"texture":"#1"}},"rotation":{"origin":[5.5,14.959904,9.400284],"angle":-45.0,"axis":"z"}},{"from":[4.5,8.959904,7.900284],"to":[15.5,22.459904,19.400284],"faces":{"east":{"uv":[5.53125,3.15625,6.25,4.0],"tintindex":0,"rotation":0,"texture":"#1"},"south":{"uv":[7.65625,3.15625,8.34375,4.0],"tintindex":0,"rotation":0,"texture":"#1"},"north":{"uv":[6.25,3.15625,6.9375,4.0],"tintindex":0,"rotation":0,"texture":"#1"},"west":{"uv":[6.9375,3.15625,7.65625,4.0],"tintindex":0,"rotation":0,"texture":"#1"},"up":{"uv":[6.9375,3.15625,6.25,2.4375],"tintindex":0,"rotation":0,"texture":"#1"},"down":{"uv":[7.625,2.4375,6.9375,3.15625],"tintindex":0,"rotation":0,"texture":"#1"}},"rotation":{"origin":[10.0,16.209904,14.150284],"angle":-22.5,"axis":"x"}},{"from":[3.5,4.9599037,3.9002838],"to":[16.5,24.959904,16.400284],"faces":{"east":{"uv":[0.0,2.28125,0.78125,3.53125],"tintindex":0,"rotation":0,"texture":"#1"},"south":{"uv":[2.375,2.28125,3.1875,3.53125],"tintindex":0,"rotation":0,"texture":"#1"},"north":{"uv":[0.78125,2.28125,1.59375,3.53125],"tintindex":0,"rotation":0,"texture":"#1"},"west":{"uv":[1.59375,2.28125,2.375,3.53125],"tintindex":0,"rotation":0,"texture":"#1"},"up":{"uv":[1.59375,2.28125,0.78125,1.5],"tintindex":0,"rotation":0,"texture":"#1"},"down":{"uv":[2.40625,1.5,1.59375,2.28125],"tintindex":0,"rotation":0,"texture":"#1"}}}],"display":{"head":{"rotation":[0.0,0.0,0.0]},"firstperson_righthand":{"rotation":[0.0,0.0,0.0]},"thirdperson_lefthand":{"rotation":[0.0,0.0,0.0]},"firstperson_lefthand":{"rotation":[0.0,0.0,0.0]},"fixed":{"rotation":[0.0,0.0,0.0]},"ground":{"rotation":[0.0,0.0,0.0]},"thirdperson_righthand":{"rotation":[0.0,0.0,0.0]},"gui":{"rotation":[-150.0,-45.0,180.0]}}}