{"textures":{"0":"modelengine:entity/knight","particle":"#0"},"elements":[{"from":[12.407061,7.537187,6.3776503],"to":[14.882061,10.012186,9.67765],"faces":{"east":{"uv":[2.875,13.5,3.25,13.75],"tintindex":0,"rotation":0,"texture":"#0"},"south":{"uv":[14.125,10.25,14.375,10.5],"tintindex":0,"rotation":0,"texture":"#0"},"north":{"uv":[10.25,14.125,10.5,14.375],"tintindex":0,"rotation":0,"texture":"#0"},"west":{"uv":[13.5,3.0,13.875,3.25],"tintindex":0,"rotation":0,"texture":"#0"},"up":{"uv":[10.75,13.75,10.5,13.375],"tintindex":0,"rotation":0,"texture":"#0"},"down":{"uv":[4.375,13.5,4.125,13.875],"tintindex":0,"rotation":0,"texture":"#0"}}},{"from":[14.882061,8.362188,7.5876503],"to":[15.9820595,9.187185,8.46765],"faces":{"east":{"uv":[14.75,4.0,14.875,4.125],"tintindex":0,"rotation":0,"texture":"#0"},"south":{"uv":[4.125,14.75,4.25,14.875],"tintindex":0,"rotation":0,"texture":"#0"},"north":{"uv":[14.75,3.875,14.875,4.0],"tintindex":0,"rotation":0,"texture":"#0"},"west":{"uv":[14.75,4.125,14.875,4.25],"tintindex":0,"rotation":0,"texture":"#0"},"up":{"uv":[4.375,14.875,4.25,14.75],"tintindex":0,"rotation":0,"texture":"#0"},"down":{"uv":[14.875,4.25,14.75,4.375],"tintindex":0,"rotation":0,"texture":"#0"}}},{"from":[12.92915,7.537187,5.64364],"to":[15.12915,10.012186,7.0936403],"faces":{"east":{"uv":[14.625,4.375,14.75,4.625],"tintindex":0,"rotation":0,"texture":"#0"},"south":{"uv":[10.875,14.125,11.125,14.375],"tintindex":0,"rotation":0,"texture":"#0"},"north":{"uv":[10.5,14.125,10.75,14.375],"tintindex":0,"rotation":0,"texture":"#0"},"west":{"uv":[4.625,14.625,4.75,14.875],"tintindex":0,"rotation":0,"texture":"#0"},"up":{"uv":[14.875,4.75,14.625,4.625],"tintindex":0,"rotation":0,"texture":"#0"},"down":{"uv":[5.0,14.625,4.75,14.75],"tintindex":0,"rotation":0,"texture":"#0"}},"rotation":{"origin":[13.38331,9.324686,8.01747],"angle":22.5,"axis":"y"}},{"from":[12.92915,7.537187,8.9413],"to":[15.12915,10.012186,10.3913],"faces":{"east":{"uv":[14.625,3.875,14.75,4.125],"tintindex":0,"rotation":0,"texture":"#0"},"south":{"uv":[14.125,10.0,14.375,10.25],"tintindex":0,"rotation":0,"texture":"#0"},"north":{"uv":[10.0,14.125,10.25,14.375],"tintindex":0,"rotation":0,"texture":"#0"},"west":{"uv":[4.0,14.625,4.125,14.875],"tintindex":0,"rotation":0,"texture":"#0"},"up":{"uv":[4.375,14.75,4.125,14.625],"tintindex":0,"rotation":0,"texture":"#0"},"down":{"uv":[4.625,14.625,4.375,14.75],"tintindex":0,"rotation":0,"texture":"#0"}},"rotation":{"origin":[13.38331,9.324686,8.01747],"angle":-22.5,"axis":"y"}}],"display":{"head":{"rotation":[0.0,0.0,25.0]},"firstperson_righthand":{"rotation":[0.0,0.0,25.0]},"thirdperson_lefthand":{"rotation":[0.0,0.0,-25.0]},"firstperson_lefthand":{"rotation":[0.0,0.0,-25.0]},"fixed":{"rotation":[0.0,0.0,25.0]},"ground":{"rotation":[0.0,0.0,25.0]},"thirdperson_righthand":{"rotation":[0.0,0.0,25.0]},"gui":{"rotation":[-150.0,-45.0,-155.0]}}}