{"textures":{"0":"modelengine:entity/knight","particle":"#0"},"elements":[{"from":[13.087679,4.944411,6.3776503],"to":[15.562679,7.4194093,9.67765],"faces":{"east":{"uv":[13.5,8.125,13.875,8.375],"tintindex":0,"rotation":0,"texture":"#0"},"south":{"uv":[14.125,12.5,14.375,12.75],"tintindex":0,"rotation":0,"texture":"#0"},"north":{"uv":[12.125,14.125,12.375,14.375],"tintindex":0,"rotation":0,"texture":"#0"},"west":{"uv":[13.5,8.375,13.875,8.625],"tintindex":0,"rotation":0,"texture":"#0"},"up":{"uv":[6.75,13.875,6.5,13.5],"tintindex":0,"rotation":0,"texture":"#0"},"down":{"uv":[13.75,9.375,13.5,9.75],"tintindex":0,"rotation":0,"texture":"#0"}}},{"from":[11.409769,4.944411,8.9413],"to":[15.809769,7.4194093,12.2913],"faces":{"east":{"uv":[13.5,8.625,13.875,8.875],"tintindex":0,"rotation":0,"texture":"#0"},"south":{"uv":[12.625,10.375,13.125,10.625],"tintindex":0,"rotation":0,"texture":"#0"},"north":{"uv":[12.625,10.125,13.125,10.375],"tintindex":0,"rotation":0,"texture":"#0"},"west":{"uv":[9.75,13.5,10.125,13.75],"tintindex":0,"rotation":0,"texture":"#0"},"up":{"uv":[12.125,1.5,11.625,1.125],"tintindex":0,"rotation":0,"texture":"#0"},"down":{"uv":[12.125,1.5,11.625,1.875],"tintindex":0,"rotation":0,"texture":"#0"}},"rotation":{"origin":[14.06393,6.731911,8.01747],"angle":-22.5,"axis":"y"}},{"from":[11.409769,4.944411,3.74364],"to":[15.809769,7.4194093,7.0936403],"faces":{"east":{"uv":[13.5,6.625,13.875,6.875],"tintindex":0,"rotation":0,"texture":"#0"},"south":{"uv":[12.625,9.875,13.125,10.125],"tintindex":0,"rotation":0,"texture":"#0"},"north":{"uv":[12.625,9.625,13.125,9.875],"tintindex":0,"rotation":0,"texture":"#0"},"west":{"uv":[13.5,6.875,13.875,7.125],"tintindex":0,"rotation":0,"texture":"#0"},"up":{"uv":[10.0,11.875,9.5,11.5],"tintindex":0,"rotation":0,"texture":"#0"},"down":{"uv":[0.5,11.625,0.0,12.0],"tintindex":0,"rotation":0,"texture":"#0"}},"rotation":{"origin":[14.06393,6.731911,8.01747],"angle":22.5,"axis":"y"}}],"display":{"head":{"rotation":[0.0,0.0,-15.0]},"firstperson_righthand":{"rotation":[0.0,0.0,-15.0]},"thirdperson_lefthand":{"rotation":[0.0,0.0,15.0]},"firstperson_lefthand":{"rotation":[0.0,0.0,15.0]},"fixed":{"rotation":[0.0,0.0,-15.0]},"ground":{"rotation":[0.0,0.0,-15.0]},"thirdperson_righthand":{"rotation":[0.0,0.0,-15.0]},"gui":{"rotation":[-150.0,-45.0,165.0]}}}