{"textures":{"0":"modelengine:entity/knight","particle":"#0"},"elements":[{"from":[12.482979,6.5623603,6.3776503],"to":[14.957978,9.037359,9.67765],"faces":{"east":{"uv":[13.5,0.75,13.875,1.0],"tintindex":0,"rotation":0,"texture":"#0"},"south":{"uv":[14.125,8.375,14.375,8.625],"tintindex":0,"rotation":0,"texture":"#0"},"north":{"uv":[8.375,14.125,8.625,14.375],"tintindex":0,"rotation":0,"texture":"#0"},"west":{"uv":[2.5,13.5,2.875,13.75],"tintindex":0,"rotation":0,"texture":"#0"},"up":{"uv":[7.875,13.75,7.625,13.375],"tintindex":0,"rotation":0,"texture":"#0"},"down":{"uv":[9.75,13.375,9.5,13.75],"tintindex":0,"rotation":0,"texture":"#0"}}},{"from":[13.005069,6.5623603,4.8436403],"to":[15.205069,9.037359,7.0936403],"faces":{"east":{"uv":[14.125,8.625,14.375,8.875],"tintindex":0,"rotation":0,"texture":"#0"},"south":{"uv":[8.875,14.125,9.125,14.375],"tintindex":0,"rotation":0,"texture":"#0"},"north":{"uv":[8.625,14.125,8.875,14.375],"tintindex":0,"rotation":0,"texture":"#0"},"west":{"uv":[9.5,14.125,9.75,14.375],"tintindex":0,"rotation":0,"texture":"#0"},"up":{"uv":[10.0,14.375,9.75,14.125],"tintindex":0,"rotation":0,"texture":"#0"},"down":{"uv":[14.375,9.75,14.125,10.0],"tintindex":0,"rotation":0,"texture":"#0"}},"rotation":{"origin":[13.4592285,8.349858,8.01747],"angle":22.5,"axis":"y"}},{"from":[13.005069,6.5623603,8.9413],"to":[15.205069,9.037359,11.191299],"faces":{"east":{"uv":[14.125,6.625,14.375,6.875],"tintindex":0,"rotation":0,"texture":"#0"},"south":{"uv":[6.875,14.125,7.125,14.375],"tintindex":0,"rotation":0,"texture":"#0"},"north":{"uv":[5.25,14.125,5.5,14.375],"tintindex":0,"rotation":0,"texture":"#0"},"west":{"uv":[14.125,6.875,14.375,7.125],"tintindex":0,"rotation":0,"texture":"#0"},"up":{"uv":[14.375,7.375,14.125,7.125],"tintindex":0,"rotation":0,"texture":"#0"},"down":{"uv":[14.375,8.125,14.125,8.375],"tintindex":0,"rotation":0,"texture":"#0"}},"rotation":{"origin":[13.4592285,8.349858,8.01747],"angle":-22.5,"axis":"y"}}],"display":{"head":{"rotation":[0.0,0.0,12.5]},"firstperson_righthand":{"rotation":[0.0,0.0,12.5]},"thirdperson_lefthand":{"rotation":[0.0,0.0,-12.5]},"firstperson_lefthand":{"rotation":[0.0,0.0,-12.5]},"fixed":{"rotation":[0.0,0.0,12.5]},"ground":{"rotation":[0.0,0.0,12.5]},"thirdperson_righthand":{"rotation":[0.0,0.0,12.5]},"gui":{"rotation":[-150.0,-45.0,-167.5]}}}