{"textures":{"0":"modelengine:entity/knight","particle":"#0"},"elements":[{"from":[7.756452,10.510845,3.6909204],"to":[12.156452,11.885845,8.09092],"faces":{"east":{"uv":[14.125,3.875,14.625,4.0],"tintindex":0,"rotation":0,"texture":"#0"},"south":{"uv":[14.125,4.0,14.625,4.125],"tintindex":0,"rotation":0,"texture":"#0"},"north":{"uv":[14.125,3.375,14.625,3.5],"tintindex":0,"rotation":0,"texture":"#0"},"west":{"uv":[14.125,4.375,14.625,4.5],"tintindex":0,"rotation":0,"texture":"#0"},"up":{"uv":[10.875,2.75,10.375,2.25],"tintindex":0,"rotation":0,"texture":"#0"},"down":{"uv":[10.875,2.75,10.375,3.25],"tintindex":0,"rotation":0,"texture":"#0"}}},{"from":[8.581451,11.885845,4.5159206],"to":[11.331451,12.185844,7.2659206],"faces":{"east":{"uv":[14.5,1.75,14.875,1.875],"tintindex":0,"rotation":0,"texture":"#0"},"south":{"uv":[14.5,1.875,14.875,2.0],"tintindex":0,"rotation":0,"texture":"#0"},"north":{"uv":[14.5,1.625,14.875,1.75],"tintindex":0,"rotation":0,"texture":"#0"},"west":{"uv":[14.5,2.0,14.875,2.125],"tintindex":0,"rotation":0,"texture":"#0"},"up":{"uv":[2.875,12.875,2.5,12.5],"tintindex":0,"rotation":0,"texture":"#0"},"down":{"uv":[3.25,12.5,2.875,12.875],"tintindex":0,"rotation":0,"texture":"#0"}}}],"display":{"head":{"rotation":[7.436558,-44.511898,10.546839]},"firstperson_righthand":{"rotation":[7.436558,-44.511898,10.546839]},"thirdperson_lefthand":{"rotation":[7.436558,44.511898,-10.546839]},"firstperson_lefthand":{"rotation":[7.436558,44.511898,-10.546839]},"fixed":{"rotation":[7.436558,-44.511898,10.546839]},"ground":{"rotation":[7.436558,-44.511898,10.546839]},"thirdperson_righthand":{"rotation":[7.436558,-44.511898,10.546839]},"gui":{"rotation":[-155.29576,-0.24508741,-174.70424]}}}