{"textures":{"0":"modelengine:entity/knight","particle":"#0"},"elements":[{"from":[8.207509,13.266126,6.264863],"to":[9.582509,14.066125,7.639863],"faces":{"east":{"uv":[3.625,14.75,3.75,14.875],"tintindex":0,"rotation":0,"texture":"#0"},"south":{"uv":[14.75,3.625,14.875,3.75],"tintindex":0,"rotation":0,"texture":"#0"},"north":{"uv":[14.75,3.5,14.875,3.625],"tintindex":0,"rotation":0,"texture":"#0"},"west":{"uv":[3.75,14.75,3.875,14.875],"tintindex":0,"rotation":0,"texture":"#0"},"up":{"uv":[14.875,3.875,14.75,3.75],"tintindex":0,"rotation":0,"texture":"#0"},"down":{"uv":[4.0,14.75,3.875,14.875],"tintindex":0,"rotation":0,"texture":"#0"}}}],"display":{"head":{"rotation":[-12.212696,-43.657467,-17.407438]},"firstperson_righthand":{"rotation":[-12.212696,-43.657467,-17.407438]},"thirdperson_lefthand":{"rotation":[-12.212696,43.657467,17.407438]},"firstperson_lefthand":{"rotation":[-12.212696,43.657467,17.407438]},"fixed":{"rotation":[-12.212696,-43.657467,-17.407438]},"ground":{"rotation":[-12.212696,-43.657467,-17.407438]},"thirdperson_righthand":{"rotation":[-12.212696,-43.657467,-17.407438]},"gui":{"rotation":[-141.19589,-0.67908525,171.19589]}}}