{"textures":{"0":"modelengine:entity/knight","particle":"#0"},"elements":[{"from":[8.793616,12.345518,5.553756],"to":[10.293616,13.145517,7.053756],"faces":{"east":{"uv":[14.625,3.375,14.875,3.5],"tintindex":0,"rotation":0,"texture":"#0"},"south":{"uv":[3.5,14.625,3.75,14.75],"tintindex":0,"rotation":0,"texture":"#0"},"north":{"uv":[14.625,3.25,14.875,3.375],"tintindex":0,"rotation":0,"texture":"#0"},"west":{"uv":[3.75,14.625,4.0,14.75],"tintindex":0,"rotation":0,"texture":"#0"},"up":{"uv":[1.75,14.375,1.5,14.125],"tintindex":0,"rotation":0,"texture":"#0"},"down":{"uv":[2.375,14.125,2.125,14.375],"tintindex":0,"rotation":0,"texture":"#0"}}}],"display":{"head":{"rotation":[-2.4976237,-44.94549,-3.5332935]},"firstperson_righthand":{"rotation":[-2.4976237,-44.94549,-3.5332935]},"thirdperson_lefthand":{"rotation":[-2.4976237,44.94549,3.5332935]},"firstperson_lefthand":{"rotation":[-2.4976237,44.94549,3.5332935]},"fixed":{"rotation":[-2.4976237,-44.94549,-3.5332935]},"ground":{"rotation":[-2.4976237,-44.94549,-3.5332935]},"thirdperson_righthand":{"rotation":[-2.4976237,-44.94549,-3.5332935]},"gui":{"rotation":[-148.23251,-0.027266445,178.23251]}}}