{"textures":{"0":"modelengine:entity/paladin","particle":"#0"},"elements":[{"from":[-7.7322445,13.15963,2.7548165],"to":[-1.7322445,22.759632,12.354816],"faces":{"east":{"uv":[6.0,2.25,7.0,3.25],"tintindex":0,"rotation":0,"texture":"#0"},"south":{"uv":[8.875,3.375,9.5,4.375],"tintindex":0,"rotation":0,"texture":"#0"},"north":{"uv":[8.25,8.75,8.875,9.75],"tintindex":0,"rotation":0,"texture":"#0"},"west":{"uv":[6.0,3.25,7.0,4.25],"tintindex":0,"rotation":0,"texture":"#0"},"up":{"uv":[9.5,9.75,8.875,8.75],"tintindex":0,"rotation":0,"texture":"#0"},"down":{"uv":[9.625,1.0,9.0,2.0],"tintindex":0,"rotation":0,"texture":"#0"}},"rotation":{"origin":[-0.5322447,-26.440369,-2.6451836],"angle":-22.5,"axis":"z"}},{"from":[10.853334,5.25494,12.749254],"to":[12.053333,11.25494,13.949255],"faces":{"east":{"uv":[0.0,0.0,0.125,0.625],"tintindex":0,"rotation":0,"texture":"#0"},"south":{"uv":[7.25,7.0,7.375,7.625],"tintindex":0,"rotation":0,"texture":"#0"},"north":{"uv":[0.0,0.0,0.125,0.625],"tintindex":0,"rotation":0,"texture":"#0"},"west":{"uv":[0.0,0.0,0.125,0.625],"tintindex":0,"rotation":0,"texture":"#0"},"up":{"uv":[0.125,0.125,0.0,0.0],"tintindex":0,"rotation":0,"texture":"#0"},"down":{"uv":[0.125,0.125,0.0,0.0],"tintindex":0,"rotation":0,"texture":"#0"}},"rotation":{"origin":[9.533333,8.854942,4.649255],"angle":22.5,"axis":"z"}},{"from":[16.733334,4.7749405,9.373704],"to":[17.933334,7.174942,12.973704],"faces":{"east":{"uv":[5.0,4.125,4.625,4.375],"tintindex":0,"rotation":0,"texture":"#0"},"south":{"uv":[0.125,0.0,0.0,0.25],"tintindex":0,"rotation":0,"texture":"#0"},"north":{"uv":[0.125,0.0,0.0,0.25],"tintindex":0,"rotation":0,"texture":"#0"},"west":{"uv":[0.375,0.0,0.0,0.25],"tintindex":0,"rotation":0,"texture":"#0"},"up":{"uv":[0.125,0.0,0.0,0.375],"tintindex":0,"rotation":0,"texture":"#0"},"down":{"uv":[0.125,0.0,0.0,0.375],"tintindex":0,"rotation":0,"texture":"#0"}},"rotation":{"origin":[9.533333,8.854942,7.213704],"angle":22.5,"axis":"z"}},{"from":[9.933334,-0.58024025,5.7548165],"to":[14.733334,11.419758,10.554817],"faces":{"east":{"uv":[4.125,8.375,3.625,9.625],"tintindex":0,"rotation":0,"texture":"#0"},"south":{"uv":[8.875,3.5,8.375,4.75],"tintindex":0,"rotation":0,"texture":"#0"},"north":{"uv":[0.5,8.375,0.0,9.625],"tintindex":0,"rotation":0,"texture":"#0"},"west":{"uv":[3.625,8.375,3.125,9.625],"tintindex":0,"rotation":0,"texture":"#0"},"up":{"uv":[0.0,10.125,0.5,9.625],"tintindex":0,"rotation":0,"texture":"#0"},"down":{"uv":[9.625,1.125,10.125,1.625],"tintindex":0,"rotation":0,"texture":"#0"}}},{"from":[19.173334,-9.755272,5.06746],"to":[19.173334,4.6447277,9.86746],"faces":{"east":{"uv":[11.75,0.125,11.25,1.625],"tintindex":0,"rotation":0,"texture":"#0"},"south":{"uv":[11.25,0.0,11.75,1.5],"tintindex":0,"rotation":0,"texture":"#0"},"north":{"uv":[11.75,0.0,11.25,1.5],"tintindex":0,"rotation":0,"texture":"#0"},"west":{"uv":[11.75,0.125,11.25,1.625],"tintindex":0,"rotation":0,"texture":"#0"}}},{"from":[16.733334,4.7749405,2.1737041],"to":[17.933334,7.174942,5.7737045],"faces":{"east":{"uv":[4.25,4.125,3.875,4.375],"tintindex":0,"rotation":0,"texture":"#0"},"south":{"uv":[0.125,0.0,0.0,0.25],"tintindex":0,"rotation":0,"texture":"#0"},"north":{"uv":[0.125,0.0,0.0,0.25],"tintindex":0,"rotation":0,"texture":"#0"},"west":{"uv":[0.375,0.0,0.0,0.25],"tintindex":0,"rotation":0,"texture":"#0"},"up":{"uv":[0.125,0.0,0.0,0.375],"tintindex":0,"rotation":0,"texture":"#0"},"down":{"uv":[0.125,0.0,0.0,0.375],"tintindex":0,"rotation":0,"texture":"#0"}},"rotation":{"origin":[9.533333,8.854942,7.213704],"angle":22.5,"axis":"z"}},{"from":[7.7333336,21.45494,4.8137045],"to":[8.933334,22.654942,10.813704],"faces":{"east":{"uv":[0.625,0.0,0.0,0.125],"tintindex":0,"rotation":0,"texture":"#0"},"south":{"uv":[0.125,0.0,0.0,0.125],"tintindex":0,"rotation":0,"texture":"#0"},"north":{"uv":[0.125,0.0,0.0,0.125],"tintindex":0,"rotation":0,"texture":"#0"},"west":{"uv":[0.625,0.0,0.0,0.125],"tintindex":0,"rotation":0,"texture":"#0"},"up":{"uv":[3.25,2.125,3.125,2.75],"tintindex":0,"rotation":0,"texture":"#0"},"down":{"uv":[0.125,0.0,0.0,0.625],"tintindex":0,"rotation":0,"texture":"#0"}},"rotation":{"origin":[9.533333,8.854942,7.213704],"angle":-22.5,"axis":"z"}},{"from":[16.733334,7.174942,10.573704],"to":[17.933334,13.174942,12.973704],"faces":{"east":{"uv":[5.0,3.625,4.75,4.25],"tintindex":0,"rotation":0,"texture":"#0"},"south":{"uv":[0.125,0.0,0.0,0.25],"tintindex":0,"rotation":0,"texture":"#0"},"north":{"uv":[0.125,0.0,0.0,0.25],"tintindex":0,"rotation":0,"texture":"#0"},"west":{"uv":[0.375,0.0,0.0,0.25],"tintindex":0,"rotation":0,"texture":"#0"},"up":{"uv":[0.125,0.0,0.0,0.375],"tintindex":0,"rotation":0,"texture":"#0"},"down":{"uv":[0.125,0.0,0.0,0.375],"tintindex":0,"rotation":0,"texture":"#0"}},"rotation":{"origin":[9.533333,8.854942,7.213704],"angle":22.5,"axis":"z"}},{"from":[16.733334,7.174942,2.1737041],"to":[17.933334,13.174942,4.5737042],"faces":{"east":{"uv":[4.125,3.625,3.875,4.25],"tintindex":0,"rotation":0,"texture":"#0"},"south":{"uv":[0.125,0.0,0.0,0.25],"tintindex":0,"rotation":0,"texture":"#0"},"north":{"uv":[0.125,0.0,0.0,0.25],"tintindex":0,"rotation":0,"texture":"#0"},"west":{"uv":[0.375,0.0,0.0,0.25],"tintindex":0,"rotation":0,"texture":"#0"},"up":{"uv":[0.125,0.0,0.0,0.375],"tintindex":0,"rotation":0,"texture":"#0"},"down":{"uv":[0.125,0.0,0.0,0.375],"tintindex":0,"rotation":0,"texture":"#0"}},"rotation":{"origin":[9.533333,8.854942,7.213704],"angle":22.5,"axis":"z"}},{"from":[10.853334,5.25494,0.9137044],"to":[12.053333,11.25494,2.1137042],"faces":{"east":{"uv":[0.125,0.0,0.0,0.625],"tintindex":0,"rotation":0,"texture":"#0"},"south":{"uv":[0.125,0.0,0.0,0.625],"tintindex":0,"rotation":0,"texture":"#0"},"north":{"uv":[7.375,7.0,7.25,7.625],"tintindex":0,"rotation":0,"texture":"#0"},"west":{"uv":[0.125,0.0,0.0,0.625],"tintindex":0,"rotation":0,"texture":"#0"},"up":{"uv":[0.125,0.0,0.0,0.125],"tintindex":0,"rotation":0,"texture":"#0"},"down":{"uv":[0.125,0.0,0.0,0.125],"tintindex":0,"rotation":0,"texture":"#0"}},"rotation":{"origin":[9.533333,8.854942,7.213704],"angle":22.5,"axis":"z"}},{"from":[24.427294,11.764618,2.1548166],"to":[31.627293,23.764618,12.954817],"faces":{"east":{"uv":[5.0,3.5,3.875,4.75],"tintindex":0,"rotation":0,"texture":"#0"},"south":{"uv":[7.5,6.75,6.75,8.0],"tintindex":0,"rotation":0,"texture":"#0"},"north":{"uv":[7.5,5.5,6.75,6.75],"tintindex":0,"rotation":0,"texture":"#0"},"west":{"uv":[5.0,2.25,3.875,3.5],"tintindex":0,"rotation":0,"texture":"#0"},"up":{"uv":[6.875,5.375,7.625,4.25],"tintindex":0,"rotation":0,"texture":"#0"},"down":{"uv":[7.0,1.5,7.75,2.625],"tintindex":0,"rotation":0,"texture":"#0"}},"rotation":{"origin":[43.50729,-23.035381,-2.0451832],"angle":22.5,"axis":"z"}},{"from":[16.733334,8.374939,5.7737045],"to":[19.133333,13.174942,9.373704],"faces":{"east":{"uv":[5.0,0.0,4.625,0.5],"tintindex":0,"rotation":0,"texture":"#0"},"south":{"uv":[4.25,3.625,4.0,4.125],"tintindex":0,"rotation":0,"texture":"#0"},"north":{"uv":[4.5,3.5,4.25,4.0],"tintindex":0,"rotation":0,"texture":"#0"},"west":{"uv":[0.375,0.0,0.0,0.5],"tintindex":0,"rotation":0,"texture":"#0"},"up":{"uv":[0.125,0.0,0.0,0.375],"tintindex":0,"rotation":0,"texture":"#0"},"down":{"uv":[0.125,0.0,0.0,0.375],"tintindex":0,"rotation":0,"texture":"#0"}},"rotation":{"origin":[9.533333,8.854942,7.213704],"angle":22.5,"axis":"z"}}],"display":{"head":{"rotation":[0.0,0.0,0.0]},"firstperson_righthand":{"rotation":[0.0,0.0,0.0]},"thirdperson_lefthand":{"rotation":[0.0,0.0,0.0]},"firstperson_lefthand":{"rotation":[0.0,0.0,0.0]},"fixed":{"rotation":[0.0,0.0,0.0]},"ground":{"rotation":[0.0,0.0,0.0]},"thirdperson_righthand":{"rotation":[0.0,0.0,0.0]},"gui":{"rotation":[-150.0,-45.0,180.0]}}}