{"textures":{"0":"modelengine:entity/gm_sun_dragon","particle":"#0"},"elements":[{"from":[4.9284854,5.0970497,5.333333],"to":[8.261819,10.097052,10.0],"faces":{"east":{"uv":[6.9375,7.5625,7.375,8.03125],"tintindex":0,"rotation":0,"texture":"#0"},"south":{"uv":[5.25,8.0625,5.5625,8.53125],"tintindex":0,"rotation":0,"texture":"#0"},"north":{"uv":[8.0625,2.65625,8.375,3.125],"tintindex":0,"rotation":0,"texture":"#0"},"west":{"uv":[7.5625,7.125,8.0,7.59375],"tintindex":0,"rotation":0,"texture":"#0"},"up":{"uv":[8.5625,4.0,8.25,3.5625],"tintindex":0,"rotation":0,"texture":"#0"},"down":{"uv":[8.59375,0.75,8.28125,1.1875],"tintindex":0,"rotation":0,"texture":"#0"}}},{"from":[6.378458,7.8303833,1.5271325],"to":[27.711792,7.838717,21.527134],"faces":{"east":{"uv":[8.0,5.40625,10.5625,5.4375],"tintindex":0,"rotation":0,"texture":"#0"},"south":{"uv":[8.875,4.625,10.1875,4.65625],"tintindex":0,"rotation":0,"texture":"#0"},"north":{"uv":[8.625,5.375,9.9375,5.40625],"tintindex":0,"rotation":0,"texture":"#0"},"west":{"uv":[8.375,5.15625,10.9375,5.1875],"tintindex":0,"rotation":0,"texture":"#0"},"up":{"uv":[3.375,5.1875,0.0,2.625],"tintindex":0,"rotation":0,"texture":"#0"},"down":{"uv":[3.375,2.625,0.0,5.1875],"tintindex":0,"rotation":0,"texture":"#0"}}},{"from":[7.5951524,5.763716,5.9333334],"to":[18.595154,9.430385,9.266666],"faces":{"east":{"uv":[8.75,7.09375,8.4375,7.4375],"tintindex":0,"rotation":0,"texture":"#0"},"south":{"uv":[6.9375,5.15625,7.75,5.5],"tintindex":0,"rotation":0,"texture":"#0"},"north":{"uv":[6.9375,4.8125,7.75,5.15625],"tintindex":0,"rotation":0,"texture":"#0"},"west":{"uv":[3.875,8.46875,4.1875,8.8125],"tintindex":0,"rotation":0,"texture":"#0"},"up":{"uv":[7.8125,7.125,7.0,6.8125],"tintindex":0,"rotation":0,"texture":"#0"},"down":{"uv":[7.875,3.5,7.0625,3.8125],"tintindex":0,"rotation":0,"texture":"#0"}}}],"display":{"head":{"rotation":[0.0,0.0,0.0]},"firstperson_righthand":{"rotation":[0.0,0.0,0.0]},"thirdperson_lefthand":{"rotation":[0.0,0.0,0.0]},"firstperson_lefthand":{"rotation":[0.0,0.0,0.0]},"fixed":{"rotation":[0.0,0.0,0.0]},"ground":{"rotation":[0.0,0.0,0.0]},"thirdperson_righthand":{"rotation":[0.0,0.0,0.0]},"gui":{"rotation":[-150.0,-45.0,180.0]}}}