{"textures":{"0":"modelengine:entity/gm_sun_dragon","particle":"#0"},"elements":[{"from":[-5.836694,6.587288,23.61315],"to":[-3.6266937,8.712288,28.71315],"faces":{"east":{"uv":[8.9375,2.875,9.3125,3.03125],"tintindex":0,"rotation":0,"texture":"#0"},"south":{"uv":[1.96875,9.0625,2.125,9.21875],"tintindex":0,"rotation":0,"texture":"#0"},"north":{"uv":[1.8125,9.0625,1.96875,9.21875],"tintindex":0,"rotation":0,"texture":"#0"},"west":{"uv":[8.90625,0.0,9.28125,0.15625],"tintindex":0,"rotation":0,"texture":"#0"},"up":{"uv":[9.09375,2.25,8.9375,1.875],"tintindex":0,"rotation":0,"texture":"#0"},"down":{"uv":[9.09375,2.25,8.9375,2.625],"tintindex":0,"rotation":0,"texture":"#0"}},"rotation":{"origin":[-11.692696,7.649788,19.202148],"angle":45.0,"axis":"y"}},{"from":[9.880438,6.6801376,6.5247793],"to":[14.980438,10.080139,9.92478],"faces":{"east":{"uv":[3.15625,8.78125,3.40625,9.03125],"tintindex":0,"rotation":0,"texture":"#0"},"south":{"uv":[8.5625,3.375,8.9375,3.625],"tintindex":0,"rotation":0,"texture":"#0"},"north":{"uv":[8.5625,1.875,8.9375,2.125],"tintindex":0,"rotation":0,"texture":"#0"},"west":{"uv":[5.0625,8.78125,5.3125,9.03125],"tintindex":0,"rotation":0,"texture":"#0"},"up":{"uv":[8.9375,3.875,8.5625,3.625],"tintindex":0,"rotation":0,"texture":"#0"},"down":{"uv":[8.9375,3.875,8.5625,4.125],"tintindex":0,"rotation":0,"texture":"#0"}},"rotation":{"origin":[12.563911,10.520405,4.901675],"angle":-22.5,"axis":"z"}},{"from":[12.310744,6.673509,8.610355],"to":[14.520743,8.883509,13.370356],"faces":{"east":{"uv":[8.5,8.65625,8.875,8.84375],"tintindex":0,"rotation":0,"texture":"#0"},"south":{"uv":[9.03125,8.78125,9.21875,8.96875],"tintindex":0,"rotation":0,"texture":"#0"},"north":{"uv":[9.03125,8.59375,9.21875,8.78125],"tintindex":0,"rotation":0,"texture":"#0"},"west":{"uv":[2.0,8.6875,2.375,8.875],"tintindex":0,"rotation":0,"texture":"#0"},"up":{"uv":[4.75,9.09375,4.5625,8.71875],"tintindex":0,"rotation":0,"texture":"#0"},"down":{"uv":[0.1875,8.75,0.0,9.125],"tintindex":0,"rotation":0,"texture":"#0"}},"rotation":{"origin":[13.355322,11.19368,9.648581],"angle":45.0,"axis":"y"}},{"from":[-0.070010185,6.587288,18.444199],"to":[2.1399899,8.712288,23.544199],"faces":{"east":{"uv":[8.8125,4.3125,9.1875,4.46875],"tintindex":0,"rotation":0,"texture":"#0"},"south":{"uv":[3.875,7.875,4.03125,8.03125],"tintindex":0,"rotation":0,"texture":"#0"},"north":{"uv":[7.5,2.65625,7.65625,2.8125],"tintindex":0,"rotation":0,"texture":"#0"},"west":{"uv":[3.40625,8.875,3.78125,9.03125],"tintindex":0,"rotation":0,"texture":"#0"},"up":{"uv":[6.1875,9.0625,6.03125,8.6875],"tintindex":0,"rotation":0,"texture":"#0"},"down":{"uv":[4.90625,8.875,4.75,9.25],"tintindex":0,"rotation":0,"texture":"#0"}},"rotation":{"origin":[7.9959927,7.649788,14.033197],"angle":-45.0,"axis":"y"}},{"from":[1.0115461,6.6801376,6.5247793],"to":[6.111546,10.080139,9.92478],"faces":{"east":{"uv":[8.75,7.34375,9.0,7.59375],"tintindex":0,"rotation":0,"texture":"#0"},"south":{"uv":[8.5625,2.125,8.9375,2.375],"tintindex":0,"rotation":0,"texture":"#0"},"north":{"uv":[8.5625,1.875,8.9375,2.125],"tintindex":0,"rotation":0,"texture":"#0"},"west":{"uv":[8.78125,0.625,9.03125,0.875],"tintindex":0,"rotation":0,"texture":"#0"},"up":{"uv":[8.9375,2.625,8.5625,2.375],"tintindex":0,"rotation":0,"texture":"#0"},"down":{"uv":[8.9375,3.125,8.5625,3.375],"tintindex":0,"rotation":0,"texture":"#0"}},"rotation":{"origin":[3.4280734,10.520405,4.901675],"angle":22.5,"axis":"z"}},{"from":[-13.919561,7.9976387,2.6997795],"to":[15.405438,7.9976387,18.42478],"faces":{"up":{"uv":[7.46875,1.15625,5.3125,0.0],"tintindex":0,"rotation":0,"texture":"#0"},"down":{"uv":[7.46875,1.15625,5.3125,2.3125],"tintindex":0,"rotation":0,"texture":"#0"}},"rotation":{"origin":[0.7429385,7.9976387,10.562279],"angle":-45.0,"axis":"y"}},{"from":[19.61868,7.012287,21.48815],"to":[21.828678,9.137287,26.58815],"faces":{"east":{"uv":[8.875,4.46875,9.25,4.625],"tintindex":0,"rotation":0,"texture":"#0"},"south":{"uv":[1.65625,9.0625,1.8125,9.21875],"tintindex":0,"rotation":0,"texture":"#0"},"north":{"uv":[1.5,9.0625,1.65625,9.21875],"tintindex":0,"rotation":0,"texture":"#0"},"west":{"uv":[8.875,5.6875,9.25,5.84375],"tintindex":0,"rotation":0,"texture":"#0"},"up":{"uv":[7.96875,9.28125,7.8125,8.90625],"tintindex":0,"rotation":0,"texture":"#0"},"down":{"uv":[8.125,8.90625,7.96875,9.28125],"tintindex":0,"rotation":0,"texture":"#0"}},"rotation":{"origin":[27.68468,8.074787,17.077148],"angle":-45.0,"axis":"y"}},{"from":[-6.6384535,7.955139,8.649779],"to":[22.686546,7.955139,24.37478],"faces":{"up":{"uv":[4.78125,6.28125,2.625,5.125],"tintindex":0,"rotation":0,"texture":"#0"},"down":{"uv":[6.9375,5.125,4.78125,6.28125],"tintindex":0,"rotation":0,"texture":"#0"}}},{"from":[1.4712405,6.673509,8.610355],"to":[3.6812406,8.883509,13.370356],"faces":{"east":{"uv":[8.5,8.65625,8.875,8.84375],"tintindex":0,"rotation":0,"texture":"#0"},"south":{"uv":[8.5,9.03125,8.6875,9.21875],"tintindex":0,"rotation":0,"texture":"#0"},"north":{"uv":[8.3125,9.03125,8.5,9.21875],"tintindex":0,"rotation":0,"texture":"#0"},"west":{"uv":[2.0,8.6875,2.375,8.875],"tintindex":0,"rotation":0,"texture":"#0"},"up":{"uv":[6.75,9.03125,6.5625,8.65625],"tintindex":0,"rotation":0,"texture":"#0"},"down":{"uv":[2.5625,8.6875,2.375,9.0625],"tintindex":0,"rotation":0,"texture":"#0"}},"rotation":{"origin":[2.636662,11.19368,9.648581],"angle":-45.0,"axis":"y"}},{"from":[19.61868,6.1622887,26.16315],"to":[21.828678,8.287289,31.263151],"faces":{"east":{"uv":[8.875,4.46875,9.25,4.625],"tintindex":0,"rotation":0,"texture":"#0"},"south":{"uv":[1.65625,9.0625,1.8125,9.21875],"tintindex":0,"rotation":0,"texture":"#0"},"north":{"uv":[2.3125,9.0625,2.46875,9.21875],"tintindex":0,"rotation":0,"texture":"#0"},"west":{"uv":[8.9375,3.03125,9.3125,3.1875],"tintindex":0,"rotation":0,"texture":"#0"},"up":{"uv":[7.96875,9.28125,7.8125,8.90625],"tintindex":0,"rotation":0,"texture":"#0"},"down":{"uv":[8.125,8.90625,7.96875,9.28125],"tintindex":0,"rotation":0,"texture":"#0"}},"rotation":{"origin":[27.68468,7.2247887,21.752148],"angle":-45.0,"axis":"y"}},{"from":[13.8519945,6.587288,18.444199],"to":[16.061996,8.712288,23.544199],"faces":{"east":{"uv":[8.8125,4.3125,9.1875,4.46875],"tintindex":0,"rotation":0,"texture":"#0"},"south":{"uv":[0.9375,9.0625,1.09375,9.21875],"tintindex":0,"rotation":0,"texture":"#0"},"north":{"uv":[7.90625,1.875,8.0625,2.03125],"tintindex":0,"rotation":0,"texture":"#0"},"west":{"uv":[3.40625,8.875,3.78125,9.03125],"tintindex":0,"rotation":0,"texture":"#0"},"up":{"uv":[5.0625,9.25,4.90625,8.875],"tintindex":0,"rotation":0,"texture":"#0"},"down":{"uv":[9.03125,8.59375,8.875,8.96875],"tintindex":0,"rotation":0,"texture":"#0"}},"rotation":{"origin":[7.9959927,7.649788,14.033197],"angle":45.0,"axis":"y"}},{"from":[0.58654594,7.9976387,2.6997795],"to":[29.911547,7.9976387,18.42478],"faces":{"up":{"uv":[4.78125,6.28125,2.625,5.125],"tintindex":0,"rotation":0,"texture":"#0"},"down":{"uv":[6.9375,5.125,4.78125,6.28125],"tintindex":0,"rotation":0,"texture":"#0"}},"rotation":{"origin":[15.249046,7.9976387,10.562279],"angle":45.0,"axis":"y"}},{"from":[-5.836694,7.012287,21.48815],"to":[-3.6266937,9.137287,26.58815],"faces":{"east":{"uv":[8.875,6.0625,9.25,6.21875],"tintindex":0,"rotation":0,"texture":"#0"},"south":{"uv":[1.96875,9.0625,2.125,9.21875],"tintindex":0,"rotation":0,"texture":"#0"},"north":{"uv":[1.8125,9.0625,1.96875,9.21875],"tintindex":0,"rotation":0,"texture":"#0"},"west":{"uv":[8.90625,0.0,9.28125,0.15625],"tintindex":0,"rotation":0,"texture":"#0"},"up":{"uv":[9.09375,2.25,8.9375,1.875],"tintindex":0,"rotation":0,"texture":"#0"},"down":{"uv":[9.09375,2.25,8.9375,2.625],"tintindex":0,"rotation":0,"texture":"#0"}},"rotation":{"origin":[-11.692696,8.074787,17.077148],"angle":45.0,"axis":"y"}},{"from":[-5.836694,6.1622887,26.16315],"to":[-3.6266937,8.287289,31.263151],"faces":{"east":{"uv":[8.9375,3.1875,9.3125,3.34375],"tintindex":0,"rotation":0,"texture":"#0"},"south":{"uv":[1.96875,9.0625,2.125,9.21875],