{"textures":{"0":"modelengine:entity/gm_sun_dragon","particle":"#0"},"elements":[{"from":[0.3499999,8.102875,0.231009],"to":[15.65,21.702873,17.23101],"faces":{"east":{"uv":[3.375,6.28125,4.0,6.78125],"tintindex":0,"rotation":0,"texture":"#0"},"south":{"uv":[2.625,7.125,3.125,7.625],"tintindex":0,"rotation":0,"texture":"#0"},"north":{"uv":[7.0625,6.25,7.5625,6.75],"tintindex":0,"rotation":0,"texture":"#0"},"west":{"uv":[4.0,6.28125,4.625,6.78125],"tintindex":0,"rotation":0,"texture":"#0"},"up":{"uv":[5.125,6.90625,4.625,6.28125],"tintindex":0,"rotation":0,"texture":"#0"},"down":{"uv":[5.625,6.28125,5.125,6.90625],"tintindex":0,"rotation":0,"texture":"#0"}}},{"from":[14.483744,1.6795654,9.581009],"to":[14.483744,8.479561,17.23101],"faces":{"east":{"uv":[2.5625,8.6875,2.84375,8.9375],"tintindex":0,"rotation":0,"texture":"#0"},"west":{"uv":[8.75,2.625,9.03125,2.875],"tintindex":0,"rotation":0,"texture":"#0"}},"rotation":{"origin":[15.163744,6.949562,7.031009],"angle":22.5,"axis":"z"}},{"from":[1.5162563,1.6795654,9.581009],"to":[1.5162563,8.479561,17.23101],"faces":{"east":{"uv":[2.5625,8.6875,2.84375,8.9375],"tintindex":0,"rotation":0,"texture":"#0"},"west":{"uv":[5.75,8.6875,6.03125,8.9375],"tintindex":0,"rotation":0,"texture":"#0"}},"rotation":{"origin":[0.8362565,6.949562,7.031009],"angle":-22.5,"axis":"z"}},{"from":[2.9,11.04998,-8.869074],"to":[13.1,16.149979,2.1809258],"faces":{"east":{"uv":[8.375,2.9375,8.9375,3.125],"tintindex":0,"rotation":0,"texture":"#0"},"south":{"uv":[8.65625,0.4375,9.03125,0.625],"tintindex":0,"rotation":0,"texture":"#0"},"north":{"uv":[8.625,5.1875,9.0,5.375],"tintindex":0,"rotation":0,"texture":"#0"},"west":{"uv":[8.375,4.96875,8.9375,5.15625],"tintindex":0,"rotation":0,"texture":"#0"},"up":{"uv":[4.8125,8.03125,4.4375,7.46875],"tintindex":0,"rotation":0,"texture":"#0"},"down":{"uv":[5.8125,7.5,5.4375,8.0625],"tintindex":0,"rotation":0,"texture":"#0"}}}],"display":{"head":{"rotation":[0.0,0.0,0.0]},"firstperson_righthand":{"rotation":[0.0,0.0,0.0]},"thirdperson_lefthand":{"rotation":[0.0,0.0,0.0]},"firstperson_lefthand":{"rotation":[0.0,0.0,0.0]},"fixed":{"rotation":[0.0,0.0,0.0]},"ground":{"rotation":[0.0,0.0,0.0]},"thirdperson_righthand":{"rotation":[0.0,0.0,0.0]},"gui":{"rotation":[-150.0,-45.0,180.0]}}}