{"textures":{"0":"modelengine:entity/gm_sun_dragon","particle":"#0"},"elements":[{"from":[-13.335926,8.003334,3.9650278],"to":[16.664076,8.136665,31.29836],"faces":{"east":{"uv":[7.75,5.4375,10.3125,5.46875],"tintindex":0,"rotation":0,"texture":"#0"},"south":{"uv":[8.46875,5.96875,10.46875,6.0],"tintindex":0,"rotation":0,"texture":"#0"},"north":{"uv":[8.46875,5.9375,10.46875,5.96875],"tintindex":0,"rotation":0,"texture":"#0"},"west":{"uv":[7.75,5.46875,10.3125,5.5],"tintindex":0,"rotation":0,"texture":"#0"},"up":{"uv":[3.875,2.5625,0.0,0.0],"tintindex":0,"rotation":0,"texture":"#0"},"down":{"uv":[3.875,0.0,0.0,2.5625],"tintindex":0,"rotation":0,"texture":"#0"}}},{"from":[-8.402107,6.943333,11.81775],"to":[-1.0821075,8.930001,13.804417],"faces":{"east":{"uv":[0.1875,9.0625,0.375,9.25],"tintindex":0,"rotation":0,"texture":"#0"},"south":{"uv":[8.25,6.71875,8.9375,6.90625],"tintindex":0,"rotation":0,"texture":"#0"},"north":{"uv":[8.25,6.90625,8.9375,7.09375],"tintindex":0,"rotation":0,"texture":"#0"},"west":{"uv":[0.375,9.0625,0.5625,9.25],"tintindex":0,"rotation":0,"texture":"#0"},"up":{"uv":[8.9375,6.90625,8.25,6.71875],"tintindex":0,"rotation":0,"texture":"#0"},"down":{"uv":[8.9375,6.71875,8.25,6.90625],"tintindex":0,"rotation":0,"texture":"#0"}},"rotation":{"origin":[-6.7421064,7.936666,12.811084],"angle":45.0,"axis":"y"}},{"from":[-3.335925,6.9366655,3.9650278],"to":[7.9974084,8.936666,5.965028],"faces":{"east":{"uv":[3.1875,9.03125,3.375,9.21875],"tintindex":0,"rotation":0,"texture":"#0"},"south":{"uv":[7.65625,5.5,8.71875,5.6875],"tintindex":0,"rotation":0,"texture":"#0"},"north":{"uv":[7.375,7.59375,8.4375,7.78125],"tintindex":0,"rotation":0,"texture":"#0"},"west":{"uv":[3.375,9.03125,3.5625,9.21875],"tintindex":0,"rotation":0,"texture":"#0"},"up":{"uv":[8.71875,5.6875,7.65625,5.5],"tintindex":0,"rotation":0,"texture":"#0"},"down":{"uv":[8.71875,5.5,7.65625,5.6875],"tintindex":0,"rotation":0,"texture":"#0"}},"rotation":{"origin":[6.9974084,7.936666,6.2983613],"angle":22.5,"axis":"y"}},{"from":[-8.618298,6.9300003,13.282488],"to":[-6.6182966,8.93,20.615822],"faces":{"east":{"uv":[8.1875,4.46875,8.875,4.65625],"tintindex":0,"rotation":0,"texture":"#0"},"south":{"uv":[5.0625,9.03125,5.25,9.21875],"tintindex":0,"rotation":0,"texture":"#0"},"north":{"uv":[3.5625,9.03125,3.75,9.21875],"tintindex":0,"rotation":0,"texture":"#0"},"west":{"uv":[8.21875,0.0,8.90625,0.1875],"tintindex":0,"rotation":0,"texture":"#0"},"up":{"uv":[4.75,8.71875,4.5625,8.03125],"tintindex":0,"rotation":0,"texture":"#0"},"down":{"uv":[5.75,8.0625,5.5625,8.75],"tintindex":0,"rotation":0,"texture":"#0"}},"rotation":{"origin":[-7.6182966,7.9300003,16.949156],"angle":0.0,"axis":"y"}}],"display":{"head":{"rotation":[0.0,0.0,0.0]},"firstperson_righthand":{"rotation":[0.0,0.0,0.0]},"thirdperson_lefthand":{"rotation":[0.0,0.0,0.0]},"firstperson_lefthand":{"rotation":[0.0,0.0,0.0]},"fixed":{"rotation":[0.0,0.0,0.0]},"ground":{"rotation":[0.0,0.0,0.0]},"thirdperson_righthand":{"rotation":[0.0,0.0,0.0]},"gui":{"rotation":[-150.0,-45.0,180.0]}}}