{"textures":{"0":"modelengine:entity/gm_sun_dragon","particle":"#0"},"elements":[{"from":[-0.66407585,8.003334,3.9650278],"to":[29.335926,8.028333,31.29836],"faces":{"east":{"uv":[8.4375,6.3125,11.0,6.34375],"tintindex":0,"rotation":0,"texture":"#0"},"south":{"uv":[8.46875,6.03125,10.46875,6.0625],"tintindex":0,"rotation":0,"texture":"#0"},"north":{"uv":[8.46875,6.0,10.46875,6.03125],"tintindex":0,"rotation":0,"texture":"#0"},"west":{"uv":[8.4375,6.34375,11.0,6.375],"tintindex":0,"rotation":0,"texture":"#0"},"up":{"uv":[3.875,2.5625,0.0,0.0],"tintindex":0,"rotation":0,"texture":"#0"},"down":{"uv":[3.84375,0.0,0.0,2.5625],"tintindex":0,"rotation":0,"texture":"#0"}}},{"from":[17.082108,6.943333,11.81775],"to":[24.402107,8.930001,13.804417],"faces":{"east":{"uv":[9.03125,5.5,9.21875,5.6875],"tintindex":0,"rotation":0,"texture":"#0"},"south":{"uv":[8.25,6.90625,8.9375,7.09375],"tintindex":0,"rotation":0,"texture":"#0"},"north":{"uv":[8.25,6.71875,8.9375,6.90625],"tintindex":0,"rotation":0,"texture":"#0"},"west":{"uv":[6.5625,9.03125,6.75,9.21875],"tintindex":0,"rotation":0,"texture":"#0"},"up":{"uv":[8.9375,7.09375,8.25,6.90625],"tintindex":0,"rotation":0,"texture":"#0"},"down":{"uv":[8.9375,6.90625,8.25,7.09375],"tintindex":0,"rotation":0,"texture":"#0"}},"rotation":{"origin":[22.742107,7.936666,12.811084],"angle":-45.0,"axis":"y"}},{"from":[22.618298,6.9300003,13.282488],"to":[24.618298,8.93,20.615822],"faces":{"east":{"uv":[8.1875,4.46875,8.875,4.65625],"tintindex":0,"rotation":0,"texture":"#0"},"south":{"uv":[8.125,9.03125,8.3125,9.21875],"tintindex":0,"rotation":0,"texture":"#0"},"north":{"uv":[7.3125,9.03125,7.5,9.21875],"tintindex":0,"rotation":0,"texture":"#0"},"west":{"uv":[8.1875,4.46875,8.875,4.65625],"tintindex":0,"rotation":0,"texture":"#0"},"up":{"uv":[8.125,8.90625,7.9375,8.21875],"tintindex":0,"rotation":0,"texture":"#0"},"down":{"uv":[4.75,8.03125,4.5625,8.71875],"tintindex":0,"rotation":0,"texture":"#0"}}},{"from":[8.002591,6.9366655,3.9650278],"to":[19.335926,8.936666,5.965028],"faces":{"east":{"uv":[0.5625,9.0625,0.75,9.25],"tintindex":0,"rotation":0,"texture":"#0"},"south":{"uv":[7.375,7.59375,8.4375,7.78125],"tintindex":0,"rotation":0,"texture":"#0"},"north":{"uv":[7.65625,5.5,8.71875,5.6875],"tintindex":0,"rotation":0,"texture":"#0"},"west":{"uv":[0.75,9.0625,0.9375,9.25],"tintindex":0,"rotation":0,"texture":"#0"},"up":{"uv":[8.4375,7.78125,7.375,7.59375],"tintindex":0,"rotation":0,"texture":"#0"},"down":{"uv":[8.4375,7.59375,7.375,7.78125],"tintindex":0,"rotation":0,"texture":"#0"}},"rotation":{"origin":[9.002591,7.936666,6.2983613],"angle":-22.5,"axis":"y"}}],"display":{"head":{"rotation":[0.0,0.0,0.0]},"firstperson_righthand":{"rotation":[0.0,0.0,0.0]},"thirdperson_lefthand":{"rotation":[0.0,0.0,0.0]},"firstperson_lefthand":{"rotation":[0.0,0.0,0.0]},"fixed":{"rotation":[0.0,0.0,0.0]},"ground":{"rotation":[0.0,0.0,0.0]},"thirdperson_righthand":{"rotation":[0.0,0.0,0.0]},"gui":{"rotation":[-150.0,-45.0,180.0]}}}