{"textures":{"0":"modelengine:entity/gm_sun_dragon","particle":"#0"},"elements":[{"from":[6.5,7.7825694,15.107764],"to":[8.666667,10.78257,20.191095],"faces":{"east":{"uv":[8.46875,5.6875,8.875,5.9375],"tintindex":0,"rotation":0,"texture":"#0"},"south":{"uv":[8.96875,0.15625,9.15625,0.40625],"tintindex":0,"rotation":0,"texture":"#0"},"north":{"uv":[8.9375,6.65625,9.125,6.90625],"tintindex":0,"rotation":0,"texture":"#0"},"west":{"uv":[8.5,7.78125,8.90625,8.03125],"tintindex":0,"rotation":0,"texture":"#0"},"up":{"uv":[6.375,9.0625,6.1875,8.65625],"tintindex":0,"rotation":0,"texture":"#0"},"down":{"uv":[6.5625,8.65625,6.375,9.0625],"tintindex":0,"rotation":0,"texture":"#0"}},"rotation":{"origin":[7.5833335,7.9348197,18.850378],"angle":-22.5,"axis":"x"}},{"from":[5.9166665,6.137536,6.444913],"to":[9.25,10.304203,16.444914],"faces":{"east":{"uv":[7.0625,3.8125,7.8125,4.125],"tintindex":0,"rotation":0,"texture":"#0"},"south":{"uv":[8.59375,1.0625,8.84375,1.375],"tintindex":0,"rotation":0,"texture":"#0"},"north":{"uv":[8.5625,4.125,8.8125,4.4375],"tintindex":0,"rotation":0,"texture":"#0"},"west":{"uv":[7.46875,0.0,8.21875,0.3125],"tintindex":0,"rotation":0,"texture":"#0"},"up":{"uv":[6.5,8.28125,6.25,7.53125],"tintindex":0,"rotation":0,"texture":"#0"},"down":{"uv":[1.75,7.6875,1.5,8.4375],"tintindex":0,"rotation":0,"texture":"#0"}}},{"from":[7.5833335,6.6174073,15.009069],"to":[7.5833335,19.95074,30.842405],"faces":{"east":{"uv":[5.3125,2.3125,6.5,3.3125],"tintindex":0,"rotation":0,"texture":"#0"},"west":{"uv":[5.3125,3.3125,6.5,4.3125],"tintindex":0,"rotation":0,"texture":"#0"}},"rotation":{"origin":[7.5833335,12.70074,24.925735],"angle":-22.5,"axis":"x"}}],"display":{"head":{"rotation":[0.0,0.0,0.0]},"firstperson_righthand":{"rotation":[0.0,0.0,0.0]},"thirdperson_lefthand":{"rotation":[0.0,0.0,0.0]},"firstperson_lefthand":{"rotation":[0.0,0.0,0.0]},"fixed":{"rotation":[0.0,0.0,0.0]},"ground":{"rotation":[0.0,0.0,0.0]},"thirdperson_righthand":{"rotation":[0.0,0.0,0.0]},"gui":{"rotation":[-150.0,-45.0,180.0]}}}