{"textures":{"0":"modelengine:entity/gm_dragon_angeltexture","particle":"#0"},"elements":[{"from":[5.564636,1.2874546,5.6725245],"to":[9.966574,9.54109,10.074462],"faces":{"east":{"uv":[4.4375,7.5625,4.5625,7.8125],"tintindex":0,"rotation":0,"texture":"#0"},"south":{"uv":[5.1875,7.6875,5.3125,7.9375],"tintindex":0,"rotation":0,"texture":"#0"},"north":{"uv":[6.1875,5.5625,6.3125,5.8125],"tintindex":0,"rotation":0,"texture":"#0"},"west":{"uv":[1.0625,7.75,1.1875,8.0],"tintindex":0,"rotation":0,"texture":"#0"},"up":{"uv":[7.625,1.625,7.5,1.5],"tintindex":0,"rotation":0,"texture":"#0"},"down":{"uv":[7.75,1.5,7.625,1.625],"tintindex":0,"rotation":0,"texture":"#0"}},"rotation":{"origin":[7.765606,5.4142723,7.873493],"angle":-22.5,"axis":"z"}},{"from":[5.564636,-3.9655552,6.3603272],"to":[9.966574,3.600275,9.38666],"faces":{"east":{"uv":[5.3125,5.8125,5.375,6.0],"tintindex":0,"rotation":0,"texture":"#0"},"south":{"uv":[6.9375,7.8125,7.0625,8.0],"tintindex":0,"rotation":0,"texture":"#0"},"north":{"uv":[6.8125,6.0625,6.9375,6.25],"tintindex":0,"rotation":0,"texture":"#0"},"west":{"uv":[4.8125,5.875,4.875,6.0625],"tintindex":0,"rotation":0,"texture":"#0"},"up":{"uv":[6.125,4.4375,6.0,4.375],"tintindex":0,"rotation":0,"texture":"#0"},"down":{"uv":[6.375,1.1875,6.25,1.25],"tintindex":0,"rotation":0,"texture":"#0"}},"rotation":{"origin":[7.765606,-0.52654266,7.873493],"angle":22.5,"axis":"z"}},{"from":[5.708744,-9.579866,8.011054],"to":[12.861892,-1.3262329,8.011054],"faces":{"south":{"uv":[2.25,7.6875,2.4375,7.9375],"tintindex":0,"rotation":0,"texture":"#0"},"north":{"uv":[7.6875,0.75,7.875,1.0],"tintindex":0,"rotation":0,"texture":"#0"}},"rotation":{"origin":[10.660923,-7.5164585,7.873493],"angle":22.5,"axis":"z"}}],"display":{"head":{"rotation":[0.0,0.0,0.0]},"firstperson_righthand":{"rotation":[0.0,0.0,0.0]},"thirdperson_lefthand":{"rotation":[0.0,0.0,0.0]},"firstperson_lefthand":{"rotation":[0.0,0.0,0.0]},"fixed":{"rotation":[0.0,0.0,0.0]},"ground":{"rotation":[0.0,0.0,0.0]},"thirdperson_righthand":{"rotation":[0.0,0.0,0.0]},"gui":{"rotation":[-150.0,-45.0,180.0]}}}