{"textures":{"0":"modelengine:entity/gm_dragon_angeltexture","particle":"#0"},"elements":[{"from":[6.0334263,-3.1355267,3.0445514],"to":[10.435364,4.4303036,6.0708838],"faces":{"east":{"uv":[4.8125,6.25,4.875,6.4375],"tintindex":0,"rotation":0,"texture":"#0"},"south":{"uv":[7.875,0.1875,8.0,0.375],"tintindex":0,"rotation":0,"texture":"#0"},"north":{"uv":[7.875,0.0,8.0,0.1875],"tintindex":0,"rotation":0,"texture":"#0"},"west":{"uv":[6.5625,6.25,6.625,6.4375],"tintindex":0,"rotation":0,"texture":"#0"},"up":{"uv":[6.875,3.5625,6.75,3.5],"tintindex":0,"rotation":0,"texture":"#0"},"down":{"uv":[1.4375,6.9375,1.3125,7.0],"tintindex":0,"rotation":0,"texture":"#0"}},"rotation":{"origin":[8.234394,0.30348587,4.5577173],"angle":-22.5,"axis":"z"}},{"from":[6.0334263,2.117485,2.3567486],"to":[10.435364,10.371117,6.758686],"faces":{"east":{"uv":[3.875,7.8125,4.0,8.0625],"tintindex":0,"rotation":0,"texture":"#0"},"south":{"uv":[4.0,7.8125,4.125,8.0625],"tintindex":0,"rotation":0,"texture":"#0"},"north":{"uv":[7.8125,3.4375,7.9375,3.6875],"tintindex":0,"rotation":0,"texture":"#0"},"west":{"uv":[4.125,7.8125,4.25,8.0625],"tintindex":0,"rotation":0,"texture":"#0"},"up":{"uv":[3.4375,8.0,3.3125,7.875],"tintindex":0,"rotation":0,"texture":"#0"},"down":{"uv":[8.0,3.3125,7.875,3.4375],"tintindex":0,"rotation":0,"texture":"#0"}},"rotation":{"origin":[8.234394,6.244301,4.5577173],"angle":22.5,"axis":"z"}},{"from":[3.1381083,-8.749836,4.420157],"to":[10.291256,-0.49620438,4.420157],"faces":{"south":{"uv":[7.6875,5.0,7.875,5.25],"tintindex":0,"rotation":0,"texture":"#0"},"north":{"uv":[5.0,7.6875,5.1875,7.9375],"tintindex":0,"rotation":0,"texture":"#0"}},"rotation":{"origin":[5.339077,-6.686428,4.5577173],"angle":-22.5,"axis":"z"}}],"display":{"head":{"rotation":[0.0,0.0,0.0]},"firstperson_righthand":{"rotation":[0.0,0.0,0.0]},"thirdperson_lefthand":{"rotation":[0.0,0.0,0.0]},"firstperson_lefthand":{"rotation":[0.0,0.0,0.0]},"fixed":{"rotation":[0.0,0.0,0.0]},"ground":{"rotation":[0.0,0.0,0.0]},"thirdperson_righthand":{"rotation":[0.0,0.0,0.0]},"gui":{"rotation":[-150.0,-45.0,180.0]}}}