{"textures":{"0":"modelengine:entity/gm_dragon_angeltexture","particle":"#0"},"elements":[{"from":[8.6115055,3.202549,0.9208126],"to":[13.013444,11.4561825,5.32275],"faces":{"east":{"uv":[7.8125,5.25,7.9375,5.5],"tintindex":0,"rotation":0,"texture":"#0"},"south":{"uv":[6.125,7.8125,6.25,8.0625],"tintindex":0,"rotation":0,"texture":"#0"},"north":{"uv":[4.8125,7.8125,4.9375,8.0625],"tintindex":0,"rotation":0,"texture":"#0"},"west":{"uv":[6.25,7.8125,6.375,8.0625],"tintindex":0,"rotation":0,"texture":"#0"},"up":{"uv":[8.0,4.0,7.875,3.875],"tintindex":0,"rotation":0,"texture":"#0"},"down":{"uv":[8.0,4.0,7.875,4.125],"tintindex":0,"rotation":0,"texture":"#0"}},"rotation":{"origin":[10.812474,4.5850677,4.258507],"angle":45.0,"axis":"x"}},{"from":[10.950035,-7.484106,2.9012365],"to":[10.950035,2.145132,9.366583],"faces":{"east":{"uv":[5.9375,7.6875,6.125,7.9375],"tintindex":0,"rotation":0,"texture":"#0"},"west":{"uv":[7.6875,6.0,7.875,6.25],"tintindex":0,"rotation":0,"texture":"#0"}},"rotation":{"origin":[10.812474,-3.3572903,7.165614],"angle":-22.5,"axis":"x"}},{"from":[8.6115055,-0.49419022,2.0693274],"to":[13.013444,7.07164,6.471265],"faces":{"east":{"uv":[7.875,2.0,8.0,2.1875],"tintindex":0,"rotation":0,"texture":"#0"},"south":{"uv":[2.125,7.875,2.25,8.0625],"tintindex":0,"rotation":0,"texture":"#0"},"north":{"uv":[7.875,0.75,8.0,0.9375],"tintindex":0,"rotation":0,"texture":"#0"},"west":{"uv":[2.4375,7.875,2.5625,8.0625],"tintindex":0,"rotation":0,"texture":"#0"},"up":{"uv":[8.0,5.0625,7.875,4.9375],"tintindex":0,"rotation":0,"texture":"#0"},"down":{"uv":[8.0,5.0625,7.875,5.1875],"tintindex":0,"rotation":0,"texture":"#0"}},"rotation":{"origin":[10.812474,3.6326256,4.270296],"angle":-22.5,"axis":"x"}}],"display":{"head":{"rotation":[0.0,0.0,0.0]},"firstperson_righthand":{"rotation":[0.0,0.0,0.0]},"thirdperson_lefthand":{"rotation":[0.0,0.0,0.0]},"firstperson_lefthand":{"rotation":[0.0,0.0,0.0]},"fixed":{"rotation":[0.0,0.0,0.0]},"ground":{"rotation":[0.0,0.0,0.0]},"thirdperson_righthand":{"rotation":[0.0,0.0,0.0]},"gui":{"rotation":[-150.0,-45.0,180.0]}}}