{"textures":{"0":"modelengine:entity/knight","particle":"#0"},"elements":[{"from":[10.488148,15.445858,8.27831],"to":[12.804398,17.995857,10.82831],"faces":{"east":{"uv":[6.125,12.0,6.5,12.375],"tintindex":0,"rotation":0,"texture":"#0"},"south":{"uv":[10.25,12.0,10.5,12.375],"tintindex":0,"rotation":0,"texture":"#0"},"north":{"uv":[10.625,1.125,10.875,1.5],"tintindex":0,"rotation":0,"texture":"#0"},"west":{"uv":[6.5,12.0,6.875,12.375],"tintindex":0,"rotation":0,"texture":"#0"},"up":{"uv":[1.5,13.25,1.25,12.875],"tintindex":0,"rotation":0,"texture":"#0"},"down":{"uv":[4.375,12.875,4.125,13.25],"tintindex":0,"rotation":0,"texture":"#0"}},"rotation":{"origin":[10.254398,15.870857,9.70206],"angle":-22.5,"axis":"z"}},{"from":[9.557169,10.558357,6.571479],"to":[11.682169,11.40836,11.671478],"faces":{"east":{"uv":[13.625,11.25,14.25,11.375],"tintindex":0,"rotation":0,"texture":"#0"},"south":{"uv":[10.0,11.5,10.25,11.625],"tintindex":0,"rotation":0,"texture":"#0"},"north":{"uv":[11.5,6.75,11.75,6.875],"tintindex":0,"rotation":0,"texture":"#0"},"west":{"uv":[13.625,12.375,14.25,12.5],"tintindex":0,"rotation":0,"texture":"#0"},"up":{"uv":[11.0,12.375,10.75,11.75],"tintindex":0,"rotation":0,"texture":"#0"},"down":{"uv":[11.25,11.75,11.0,12.375],"tintindex":0,"rotation":0,"texture":"#0"}}},{"from":[9.557169,11.40836,5.7214785],"to":[11.682169,14.808357,11.671478],"faces":{"east":{"uv":[9.5,7.375,10.25,7.75],"tintindex":0,"rotation":0,"texture":"#0"},"south":{"uv":[10.0,7.0,10.25,7.375],"tintindex":0,"rotation":0,"texture":"#0"},"north":{"uv":[2.375,8.75,2.625,9.125],"tintindex":0,"rotation":0,"texture":"#0"},"west":{"uv":[8.75,9.5,9.5,9.875],"tintindex":0,"rotation":0,"texture":"#0"},"up":{"uv":[3.25,11.875,3.0,11.125],"tintindex":0,"rotation":0,"texture":"#0"},"down":{"uv":[3.5,11.125,3.25,11.875],"tintindex":0,"rotation":0,"texture":"#0"}}},{"from":[11.508841,11.450859,7.4256544],"to":[12.358841,12.683357,10.825654],"faces":{"east":{"uv":[2.875,7.25,3.25,7.375],"tintindex":0,"rotation":0,"texture":"#0"},"south":{"uv":[8.0,10.25,8.125,10.375],"tintindex":0,"rotation":0,"texture":"#0"},"north":{"uv":[9.625,5.375,9.75,5.5],"tintindex":0,"rotation":0,"texture":"#0"},"west":{"uv":[3.5,7.875,3.875,8.0],"tintindex":0,"rotation":0,"texture":"#0"},"up":{"uv":[1.25,14.75,1.125,14.375],"tintindex":0,"rotation":0,"texture":"#0"},"down":{"uv":[1.875,14.375,1.75,14.75],"tintindex":0,"rotation":0,"texture":"#0"}},"rotation":{"origin":[11.933841,12.258358,9.040654],"angle":-45.0,"axis":"z"}},{"from":[9.982169,14.808357,6.571479],"to":[11.682169,16.508358,11.671478],"faces":{"east":{"uv":[3.125,11.875,3.75,12.125],"tintindex":0,"rotation":0,"texture":"#0"},"south":{"uv":[13.875,8.625,14.125,8.875],"tintindex":0,"rotation":0,"texture":"#0"},"north":{"uv":[8.5,13.875,8.75,14.125],"tintindex":0,"rotation":0,"texture":"#0"},"west":{"uv":[11.875,3.375,12.5,3.625],"tintindex":0,"rotation":0,"texture":"#0"},"up":{"uv":[4.5,12.5,4.25,11.875],"tintindex":0,"rotation":0,"texture":"#0"},"down":{"uv":[4.75,11.875,4.5,12.5],"tintindex":0,"rotation":0,"texture":"#0"}}},{"from":[11.682169,12.258358,7.4214787],"to":[12.532169,14.808357,10.821479],"faces":{"east":{"uv":[1.5,9.125,1.875,9.5],"tintindex":0,"rotation":0,"texture":"#0"},"south":{"uv":[6.5,9.125,6.625,9.5],"tintindex":0,"rotation":0,"texture":"#0"},"north":{"uv":[5.875,6.625,6.0,7.0],"tintindex":0,"rotation":0,"texture":"#0"},"west":{"uv":[9.5,11.875,9.875,12.25],"tintindex":0,"rotation":0,"texture":"#0"},"up":{"uv":[5.0,9.75,4.875,9.375],"tintindex":0,"rotation":0,"texture":"#0"},"down":{"uv":[8.25,9.5,8.125,9.875],"tintindex":0,"rotation":0,"texture":"#0"}}},{"from":[9.552359,10.898357,5.744068],"to":[11.677359,11.51461,6.955318],"faces":{"east":{"uv":[1.875,8.625,2.0,8.75],"tintindex":0,"rotation":0,"texture":"#0"},"south":{"uv":[12.25,8.875,12.5,9.0],"tintindex":0,"rotation":0,"texture":"#0"},"north":{"uv":[5.125,12.125,5.375,12.25],"tintindex":0,"rotation":0,"texture":"#0"},"west":{"uv":[8.875,6.75,9.0,6.875],"tintindex":0,"rotation":0,"texture":"#0"},"up":{"uv":[5.75,13.375,5.5,13.25],"tintindex":0,"rotation":0,"texture":"#0"},"down":{"uv":[13.5,6.25,13.25,6.375],"tintindex":0,"rotation":0,"texture":"#0"}},"rotation":{"origin":[10.529859,11.195858,6.339068],"angle":45.0,"axis":"x"}}],"display":{"head":{"rotation":[0.0,25.0,0.0]},"firstperson_righthand":{"rotation":[0.0,25.0,0.0]},"thirdperson_lefthand":{"rotation":[0.0,-25.0,0.0]},"firstperson_lefthand":{"rotation":[0.0,-25.0,0.0]},"fixed":{"rotation":[0.0,25.0,0.0]},"ground":{"rotation":[0.0,25.0,0.0]},"thirdperson_righthand":{"rotation":[0.0,25.0,0.0]},"gui":{"rotation":[-150.0,-70.0,180.0]}}}