{"textures":{"0":"modelengine:entity/knight","particle":"#0"},"elements":[{"from":[2.216926,16.615032,8.448309],"to":[4.256926,18.315033,10.658309],"faces":{"east":{"uv":[13.875,5.375,14.125,5.625],"tintindex":0,"rotation":0,"texture":"#0"},"south":{"uv":[6.125,13.875,6.375,14.125],"tintindex":0,"rotation":0,"texture":"#0"},"north":{"uv":[5.25,13.875,5.5,14.125],"tintindex":0,"rotation":0,"texture":"#0"},"west":{"uv":[6.375,13.875,6.625,14.125],"tintindex":0,"rotation":0,"texture":"#0"},"up":{"uv":[14.125,6.875,13.875,6.625],"tintindex":0,"rotation":0,"texture":"#0"},"down":{"uv":[14.125,6.875,13.875,7.125],"tintindex":0,"rotation":0,"texture":"#0"}}}],"display":{"head":{"rotation":[3.862405E-6,-24.999996,-2.4999945]},"firstperson_righthand":{"rotation":[3.862405E-6,-24.999996,-2.4999945]},"thirdperson_lefthand":{"rotation":[3.862405E-6,24.999996,2.4999945]},"firstperson_lefthand":{"rotation":[3.862405E-6,24.999996,2.4999945]},"fixed":{"rotation":[3.862405E-6,-24.999996,-2.4999945]},"ground":{"rotation":[3.862405E-6,-24.999996,-2.4999945]},"thirdperson_righthand":{"rotation":[3.862405E-6,-24.999996,-2.4999945]},"gui":{"rotation":[-150.0,-20.000004,177.5]}}}