{"textures":{"0":"modelengine:entity/knight","particle":"#0"},"elements":[{"from":[4.023759,21.572681,9.298308],"to":[5.2775097,22.635181,9.808309],"faces":{"east":{"uv":[1.75,14.75,1.875,14.875],"tintindex":0,"rotation":0,"texture":"#0"},"south":{"uv":[14.75,2.125,14.875,2.25],"tintindex":0,"rotation":0,"texture":"#0"},"north":{"uv":[14.75,1.375,14.875,1.5],"tintindex":0,"rotation":0,"texture":"#0"},"west":{"uv":[14.75,2.25,14.875,2.375],"tintindex":0,"rotation":0,"texture":"#0"},"up":{"uv":[2.625,14.875,2.5,14.75],"tintindex":0,"rotation":0,"texture":"#0"},"down":{"uv":[2.75,14.75,2.625,14.875],"tintindex":0,"rotation":0,"texture":"#0"}}},{"from":[4.1937594,22.635181,9.383308],"to":[5.1075096,23.357681,9.723309],"faces":{"east":{"uv":[14.625,13.75,14.75,13.875],"tintindex":0,"rotation":0,"texture":"#0"},"south":{"uv":[13.875,14.625,14.0,14.75],"tintindex":0,"rotation":0,"texture":"#0"},"north":{"uv":[14.625,13.625,14.75,13.75],"tintindex":0,"rotation":0,"texture":"#0"},"west":{"uv":[14.625,13.875,14.75,14.0],"tintindex":0,"rotation":0,"texture":"#0"},"up":{"uv":[14.125,14.75,14.0,14.625],"tintindex":0,"rotation":0,"texture":"#0"},"down":{"uv":[14.75,14.0,14.625,14.125],"tintindex":0,"rotation":0,"texture":"#0"}}}],"display":{"head":{"rotation":[-2.40985E-6,-24.999998,-0.99999785]},"firstperson_righthand":{"rotation":[-2.40985E-6,-24.999998,-0.99999785]},"thirdperson_lefthand":{"rotation":[-2.40985E-6,24.999998,0.99999785]},"firstperson_lefthand":{"rotation":[-2.40985E-6,24.999998,0.99999785]},"fixed":{"rotation":[-2.40985E-6,-24.999998,-0.99999785]},"ground":{"rotation":[-2.40985E-6,-24.999998,-0.99999785]},"thirdperson_righthand":{"rotation":[-2.40985E-6,-24.999998,-0.99999785]},"gui":{"rotation":[-150.0,-20.000002,179.0]}}}