{"textures":{"0":"modelengine:entity/knight","particle":"#0"},"elements":[{"from":[5.6815343,23.55027,9.3807125],"to":[6.2552843,24.251522,9.720713],"faces":{"east":{"uv":[14.625,14.5,14.75,14.625],"tintindex":0,"rotation":0,"texture":"#0"},"south":{"uv":[14.625,14.625,14.75,14.75],"tintindex":0,"rotation":0,"texture":"#0"},"north":{"uv":[14.625,14.375,14.75,14.5],"tintindex":0,"rotation":0,"texture":"#0"},"west":{"uv":[14.75,0.375,14.875,0.5],"tintindex":0,"rotation":0,"texture":"#0"},"up":{"uv":[14.875,0.625,14.75,0.5],"tintindex":0,"rotation":0,"texture":"#0"},"down":{"uv":[14.875,0.625,14.75,0.75],"tintindex":0,"rotation":0,"texture":"#0"}}}],"display":{"head":{"rotation":[9.078282E-7,-24.999996,4.0000052]},"firstperson_righthand":{"rotation":[9.078282E-7,-24.999996,4.0000052]},"thirdperson_lefthand":{"rotation":[9.078282E-7,24.999996,-4.0000052]},"firstperson_lefthand":{"rotation":[9.078282E-7,24.999996,-4.0000052]},"fixed":{"rotation":[9.078282E-7,-24.999996,4.0000052]},"ground":{"rotation":[9.078282E-7,-24.999996,4.0000052]},"thirdperson_righthand":{"rotation":[9.078282E-7,-24.999996,4.0000052]},"gui":{"rotation":[-150.0,-20.000004,-176.0]}}}