{"textures":{"0":"modelengine:entity/knight","particle":"#0"},"elements":[{"from":[-0.61336803,15.998003,8.703311],"to":[1.3203816,17.294252,10.403311],"faces":{"east":{"uv":[14.5,12.625,14.75,12.75],"tintindex":0,"rotation":0,"texture":"#0"},"south":{"uv":[14.5,12.75,14.75,12.875],"tintindex":0,"rotation":0,"texture":"#0"},"north":{"uv":[14.5,12.5,14.75,12.625],"tintindex":0,"rotation":0,"texture":"#0"},"west":{"uv":[13.0,14.5,13.25,14.625],"tintindex":0,"rotation":0,"texture":"#0"},"up":{"uv":[7.25,14.125,7.0,13.875],"tintindex":0,"rotation":0,"texture":"#0"},"down":{"uv":[14.125,7.125,13.875,7.375],"tintindex":0,"rotation":0,"texture":"#0"}}},{"from":[-0.40086842,17.060503,8.958311],"to":[1.3203816,18.314253,10.148311],"faces":{"east":{"uv":[14.75,2.875,14.875,3.0],"tintindex":0,"rotation":0,"texture":"#0"},"south":{"uv":[14.5,13.125,14.75,13.25],"tintindex":0,"rotation":0,"texture":"#0"},"north":{"uv":[14.5,13.0,14.75,13.125],"tintindex":0,"rotation":0,"texture":"#0"},"west":{"uv":[3.5,14.75,3.625,14.875],"tintindex":0,"rotation":0,"texture":"#0"},"up":{"uv":[13.5,14.625,13.25,14.5],"tintindex":0,"rotation":0,"texture":"#0"},"down":{"uv":[14.75,13.25,14.5,13.375],"tintindex":0,"rotation":0,"texture":"#0"}},"rotation":{"origin":[0.2153821,17.698004,9.55331],"angle":-22.5,"axis":"z"}}],"display":{"head":{"rotation":[-1.9088945E-6,-24.999996,-19.999998]},"firstperson_righthand":{"rotation":[-1.9088945E-6,-24.999996,-19.999998]},"thirdperson_lefthand":{"rotation":[-1.9088945E-6,24.999996,19.999998]},"firstperson_lefthand":{"rotation":[-1.9088945E-6,24.999996,19.999998]},"fixed":{"rotation":[-1.9088945E-6,-24.999996,-19.999998]},"ground":{"rotation":[-1.9088945E-6,-24.999996,-19.999998]},"thirdperson_righthand":{"rotation":[-1.9088945E-6,-24.999996,-19.999998]},"gui":{"rotation":[-150.0,-20.000004,160.0]}}}