{"textures":{"0":"modelengine:entity/knight","particle":"#0"},"elements":[{"from":[6.82394,14.602158,7.4214745],"to":[7.8226895,16.195908,10.821474],"faces":{"east":{"uv":[12.875,3.75,13.25,4.0],"tintindex":0,"rotation":0,"texture":"#0"},"south":{"uv":[9.0,4.25,9.125,4.5],"tintindex":0,"rotation":0,"texture":"#0"},"north":{"uv":[9.0,2.25,9.125,2.5],"tintindex":0,"rotation":0,"texture":"#0"},"west":{"uv":[12.875,4.0,13.25,4.25],"tintindex":0,"rotation":0,"texture":"#0"},"up":{"uv":[2.875,12.5,2.75,12.125],"tintindex":0,"rotation":0,"texture":"#0"},"down":{"uv":[7.25,14.125,7.125,14.5],"tintindex":0,"rotation":0,"texture":"#0"}}}],"display":{"head":{"rotation":[3.3785382E-6,-24.999996,32.500008]},"firstperson_righthand":{"rotation":[3.3785382E-6,-24.999996,32.500008]},"thirdperson_lefthand":{"rotation":[3.3785382E-6,24.999996,-32.500008]},"firstperson_lefthand":{"rotation":[3.3785382E-6,24.999996,-32.500008]},"fixed":{"rotation":[3.3785382E-6,-24.999996,32.500008]},"ground":{"rotation":[3.3785382E-6,-24.999996,32.500008]},"thirdperson_righthand":{"rotation":[3.3785382E-6,-24.999996,32.500008]},"gui":{"rotation":[-150.0,-20.000004,-147.5]}}}