{"textures":{"0":"modelengine:entity/knight","particle":"#0"},"elements":[{"from":[-0.35643673,17.560665,9.128312],"to":[1.258563,19.133163,9.978312],"faces":{"east":{"uv":[9.5,7.75,9.625,8.0],"tintindex":0,"rotation":0,"texture":"#0"},"south":{"uv":[13.875,4.375,14.125,4.625],"tintindex":0,"rotation":0,"texture":"#0"},"north":{"uv":[4.0,13.875,4.25,14.125],"tintindex":0,"rotation":0,"texture":"#0"},"west":{"uv":[5.875,10.5,6.0,10.75],"tintindex":0,"rotation":0,"texture":"#0"},"up":{"uv":[14.75,12.25,14.5,12.125],"tintindex":0,"rotation":0,"texture":"#0"},"down":{"uv":[14.75,12.25,14.5,12.375],"tintindex":0,"rotation":0,"texture":"#0"}}},{"from":[0.3235631,18.495667,9.213312],"to":[1.6835632,19.600666,9.8933115],"faces":{"east":{"uv":[1.0,14.75,1.125,14.875],"tintindex":0,"rotation":0,"texture":"#0"},"south":{"uv":[14.75,1.0,14.875,1.125],"tintindex":0,"rotation":0,"texture":"#0"},"north":{"uv":[0.875,14.75,1.0,14.875],"tintindex":0,"rotation":0,"texture":"#0"},"west":{"uv":[1.125,14.75,1.25,14.875],"tintindex":0,"rotation":0,"texture":"#0"},"up":{"uv":[14.875,1.25,14.75,1.125],"tintindex":0,"rotation":0,"texture":"#0"},"down":{"uv":[14.875,1.25,14.75,1.375],"tintindex":0,"rotation":0,"texture":"#0"}},"rotation":{"origin":[0.047313213,17.560665,9.553311],"angle":22.5,"axis":"z"}}],"display":{"head":{"rotation":[-3.9245915E-6,-25.000004,-21.000006]},"firstperson_righthand":{"rotation":[-3.9245915E-6,-25.000004,-21.000006]},"thirdperson_lefthand":{"rotation":[-3.9245915E-6,25.000004,21.000006]},"firstperson_lefthand":{"rotation":[-3.9245915E-6,25.000004,21.000006]},"fixed":{"rotation":[-3.9245915E-6,-25.000004,-21.000006]},"ground":{"rotation":[-3.9245915E-6,-25.000004,-21.000006]},"thirdperson_righthand":{"rotation":[-3.9245915E-6,-25.000004,-21.000006]},"gui":{"rotation":[-150.0,-19.999996,159.0]}}}