{"textures":{"0":"modelengine:entity/knight","particle":"#0"},"elements":[{"from":[6.5509534,24.322237,9.380714],"to":[6.848453,25.172235,9.720715],"faces":{"east":{"uv":[12.5,14.625,12.625,14.75],"tintindex":0,"rotation":0,"texture":"#0"},"south":{"uv":[13.25,14.625,13.375,14.75],"tintindex":0,"rotation":0,"texture":"#0"},"north":{"uv":[9.125,14.125,9.25,14.25],"tintindex":0,"rotation":0,"texture":"#0"},"west":{"uv":[13.375,14.625,13.5,14.75],"tintindex":0,"rotation":0,"texture":"#0"},"up":{"uv":[13.625,14.75,13.5,14.625],"tintindex":0,"rotation":0,"texture":"#0"},"down":{"uv":[14.75,13.5,14.625,13.625],"tintindex":0,"rotation":0,"texture":"#0"}}}],"display":{"head":{"rotation":[-3.8752787E-6,-25.000006,6.499994]},"firstperson_righthand":{"rotation":[-3.8752787E-6,-25.000006,6.499994]},"thirdperson_lefthand":{"rotation":[-3.8752787E-6,25.000006,-6.499994]},"firstperson_lefthand":{"rotation":[-3.8752787E-6,25.000006,-6.499994]},"fixed":{"rotation":[-3.8752787E-6,-25.000006,6.499994]},"ground":{"rotation":[-3.8752787E-6,-25.000006,6.499994]},"thirdperson_righthand":{"rotation":[-3.8752787E-6,-25.000006,6.499994]},"gui":{"rotation":[-150.0,-19.999994,-173.5]}}}