{"textures":{"0":"modelengine:entity/knight","particle":"#0"},"elements":[{"from":[11.743074,16.615032,8.448309],"to":[13.783073,18.315033,10.658309],"faces":{"east":{"uv":[2.125,12.25,2.375,12.5],"tintindex":0,"rotation":0,"texture":"#0"},"south":{"uv":[4.375,13.75,4.625,14.0],"tintindex":0,"rotation":0,"texture":"#0"},"north":{"uv":[0.375,12.25,0.625,12.5],"tintindex":0,"rotation":0,"texture":"#0"},"west":{"uv":[5.875,13.75,6.125,14.0],"tintindex":0,"rotation":0,"texture":"#0"},"up":{"uv":[7.875,14.0,7.625,13.75],"tintindex":0,"rotation":0,"texture":"#0"},"down":{"uv":[0.875,13.875,0.625,14.125],"tintindex":0,"rotation":0,"texture":"#0"}}}],"display":{"head":{"rotation":[3.862405E-6,24.999996,2.4999945]},"firstperson_righthand":{"rotation":[3.862405E-6,24.999996,2.4999945]},"thirdperson_lefthand":{"rotation":[3.862405E-6,-24.999996,-2.4999945]},"firstperson_lefthand":{"rotation":[3.862405E-6,-24.999996,-2.4999945]},"fixed":{"rotation":[3.862405E-6,24.999996,2.4999945]},"ground":{"rotation":[3.862405E-6,24.999996,2.4999945]},"thirdperson_righthand":{"rotation":[3.862405E-6,24.999996,2.4999945]},"gui":{"rotation":[-150.00002,-69.99999,-177.50002]}}}