{"textures":{"0":"modelengine:entity/knight","particle":"#0"},"elements":[{"from":[10.89249,22.635181,9.383308],"to":[11.80624,23.357681,9.723309],"faces":{"east":{"uv":[13.125,5.75,13.25,5.875],"tintindex":0,"rotation":0,"texture":"#0"},"south":{"uv":[5.0,13.25,5.125,13.375],"tintindex":0,"rotation":0,"texture":"#0"},"north":{"uv":[13.125,2.5,13.25,2.625],"tintindex":0,"rotation":0,"texture":"#0"},"west":{"uv":[11.375,13.375,11.5,13.5],"tintindex":0,"rotation":0,"texture":"#0"},"up":{"uv":[13.25,13.5,13.125,13.375],"tintindex":0,"rotation":0,"texture":"#0"},"down":{"uv":[0.75,13.5,0.625,13.625],"tintindex":0,"rotation":0,"texture":"#0"}}},{"from":[10.72249,21.572681,9.298308],"to":[11.976241,22.635181,9.808309],"faces":{"east":{"uv":[12.5,9.375,12.625,9.5],"tintindex":0,"rotation":0,"texture":"#0"},"south":{"uv":[12.625,2.625,12.75,2.75],"tintindex":0,"rotation":0,"texture":"#0"},"north":{"uv":[9.375,12.5,9.5,12.625],"tintindex":0,"rotation":0,"texture":"#0"},"west":{"uv":[12.625,5.875,12.75,6.0],"tintindex":0,"rotation":0,"texture":"#0"},"up":{"uv":[6.875,12.875,6.75,12.75],"tintindex":0,"rotation":0,"texture":"#0"},"down":{"uv":[9.875,12.875,9.75,13.0],"tintindex":0,"rotation":0,"texture":"#0"}}}],"display":{"head":{"rotation":[-2.40985E-6,24.999998,0.99999785]},"firstperson_righthand":{"rotation":[-2.40985E-6,24.999998,0.99999785]},"thirdperson_lefthand":{"rotation":[-2.40985E-6,-24.999998,-0.99999785]},"firstperson_lefthand":{"rotation":[-2.40985E-6,-24.999998,-0.99999785]},"fixed":{"rotation":[-2.40985E-6,24.999998,0.99999785]},"ground":{"rotation":[-2.40985E-6,24.999998,0.99999785]},"thirdperson_righthand":{"rotation":[-2.40985E-6,24.999998,0.99999785]},"gui":{"rotation":[-150.0,-70.0,-179.0]}}}