{"textures":{"0":"modelengine:entity/knight","particle":"#0"},"elements":[{"from":[8.17731,14.602158,7.4214745],"to":[9.17606,16.195908,10.821474],"faces":{"east":{"uv":[1.75,12.625,2.125,12.875],"tintindex":0,"rotation":0,"texture":"#0"},"south":{"uv":[8.375,4.5,8.5,4.75],"tintindex":0,"rotation":0,"texture":"#0"},"north":{"uv":[8.375,2.5,8.5,2.75],"tintindex":0,"rotation":0,"texture":"#0"},"west":{"uv":[3.75,12.875,4.125,13.125],"tintindex":0,"rotation":0,"texture":"#0"},"up":{"uv":[2.0,11.625,1.875,11.25],"tintindex":0,"rotation":0,"texture":"#0"},"down":{"uv":[6.25,11.375,6.125,11.75],"tintindex":0,"rotation":0,"texture":"#0"}}}],"display":{"head":{"rotation":[3.3785382E-6,24.999996,-32.500008]},"firstperson_righthand":{"rotation":[3.3785382E-6,24.999996,-32.500008]},"thirdperson_lefthand":{"rotation":[3.3785382E-6,-24.999996,32.500008]},"firstperson_lefthand":{"rotation":[3.3785382E-6,-24.999996,32.500008]},"fixed":{"rotation":[3.3785382E-6,24.999996,-32.500008]},"ground":{"rotation":[3.3785382E-6,24.999996,-32.500008]},"thirdperson_righthand":{"rotation":[3.3785382E-6,24.999996,-32.500008]},"gui":{"rotation":[-150.00002,-70.0,147.49998]}}}