{"textures":{"0":"modelengine:entity/knight","particle":"#0"},"elements":[{"from":[9.1515465,24.322237,9.380714],"to":[9.449047,25.172235,9.720715],"faces":{"east":{"uv":[5.5,13.875,5.625,14.0],"tintindex":0,"rotation":0,"texture":"#0"},"south":{"uv":[6.625,13.875,6.75,14.0],"tintindex":0,"rotation":0,"texture":"#0"},"north":{"uv":[4.25,13.875,4.375,14.0],"tintindex":0,"rotation":0,"texture":"#0"},"west":{"uv":[7.875,13.875,8.0,14.0],"tintindex":0,"rotation":0,"texture":"#0"},"up":{"uv":[7.0,14.125,6.875,14.0],"tintindex":0,"rotation":0,"texture":"#0"},"down":{"uv":[8.5,14.0,8.375,14.125],"tintindex":0,"rotation":0,"texture":"#0"}}}],"display":{"head":{"rotation":[-3.8752787E-6,25.000006,-6.499994]},"firstperson_righthand":{"rotation":[-3.8752787E-6,25.000006,-6.499994]},"thirdperson_lefthand":{"rotation":[-3.8752787E-6,-25.000006,6.499994]},"firstperson_lefthand":{"rotation":[-3.8752787E-6,-25.000006,6.499994]},"fixed":{"rotation":[-3.8752787E-6,25.000006,-6.499994]},"ground":{"rotation":[-3.8752787E-6,25.000006,-6.499994]},"thirdperson_righthand":{"rotation":[-3.8752787E-6,25.000006,-6.499994]},"gui":{"rotation":[-149.99998,-70.00001,173.50002]}}}