{"textures":{"0":"modelengine:entity/knight","particle":"#0"},"elements":[{"from":[10.052366,20.811266,9.213311],"to":[11.412367,21.916265,9.8933115],"faces":{"east":{"uv":[4.25,11.75,4.375,11.875],"tintindex":0,"rotation":0,"texture":"#0"},"south":{"uv":[9.875,11.875,10.0,12.0],"tintindex":0,"rotation":0,"texture":"#0"},"north":{"uv":[2.875,11.75,3.0,11.875],"tintindex":0,"rotation":0,"texture":"#0"},"west":{"uv":[0.625,12.0,0.75,12.125],"tintindex":0,"rotation":0,"texture":"#0"},"up":{"uv":[12.625,0.875,12.5,0.75],"tintindex":0,"rotation":0,"texture":"#0"},"down":{"uv":[12.625,5.625,12.5,5.75],"tintindex":0,"rotation":0,"texture":"#0"}}},{"from":[10.477366,19.876265,9.128311],"to":[12.092367,21.448763,9.978312],"faces":{"east":{"uv":[3.875,9.125,4.0,9.375],"tintindex":0,"rotation":0,"texture":"#0"},"south":{"uv":[13.875,3.875,14.125,4.125],"tintindex":0,"rotation":0,"texture":"#0"},"north":{"uv":[3.5,13.875,3.75,14.125],"tintindex":0,"rotation":0,"texture":"#0"},"west":{"uv":[9.125,5.5,9.25,5.75],"tintindex":0,"rotation":0,"texture":"#0"},"up":{"uv":[14.75,12.0,14.5,11.875],"tintindex":0,"rotation":0,"texture":"#0"},"down":{"uv":[14.75,12.0,14.5,12.125],"tintindex":0,"rotation":0,"texture":"#0"}},"rotation":{"origin":[11.688617,19.876265,9.553311],"angle":22.5,"axis":"z"}}],"display":{"head":{"rotation":[-5.789506E-6,24.999996,-1.4999933]},"firstperson_righthand":{"rotation":[-5.789506E-6,24.999996,-1.4999933]},"thirdperson_lefthand":{"rotation":[-5.789506E-6,-24.999996,1.4999933]},"firstperson_lefthand":{"rotation":[-5.789506E-6,-24.999996,1.4999933]},"fixed":{"rotation":[-5.789506E-6,24.999996,-1.4999933]},"ground":{"rotation":[-5.789506E-6,24.999996,-1.4999933]},"thirdperson_righthand":{"rotation":[-5.789506E-6,24.999996,-1.4999933]},"gui":{"rotation":[-149.99998,-69.99999,178.50002]}}}