{"textures":{"0":"modelengine:entity/knight","particle":"#0"},"elements":[{"from":[14.679619,15.998003,8.703311],"to":[16.613369,17.294252,10.403311],"faces":{"east":{"uv":[11.0,13.25,11.25,13.375],"tintindex":0,"rotation":0,"texture":"#0"},"south":{"uv":[14.5,10.75,14.75,10.875],"tintindex":0,"rotation":0,"texture":"#0"},"north":{"uv":[7.25,13.25,7.5,13.375],"tintindex":0,"rotation":0,"texture":"#0"},"west":{"uv":[11.125,14.5,11.375,14.625],"tintindex":0,"rotation":0,"texture":"#0"},"up":{"uv":[1.75,14.125,1.5,13.875],"tintindex":0,"rotation":0,"texture":"#0"},"down":{"uv":[14.125,3.25,13.875,3.5],"tintindex":0,"rotation":0,"texture":"#0"}}},{"from":[14.679619,17.060503,8.958311],"to":[16.400867,18.314253,10.148311],"faces":{"east":{"uv":[11.125,9.5,11.25,9.625],"tintindex":0,"rotation":0,"texture":"#0"},"south":{"uv":[14.5,11.625,14.75,11.75],"tintindex":0,"rotation":0,"texture":"#0"},"north":{"uv":[11.375,14.5,11.625,14.625],"tintindex":0,"rotation":0,"texture":"#0"},"west":{"uv":[11.375,3.75,11.5,3.875],"tintindex":0,"rotation":0,"texture":"#0"},"up":{"uv":[14.75,11.875,14.5,11.75],"tintindex":0,"rotation":0,"texture":"#0"},"down":{"uv":[12.125,14.5,11.875,14.625],"tintindex":0,"rotation":0,"texture":"#0"}},"rotation":{"origin":[15.784618,17.698004,9.55331],"angle":22.5,"axis":"z"}}],"display":{"head":{"rotation":[-1.9088945E-6,24.999996,19.999998]},"firstperson_righthand":{"rotation":[-1.9088945E-6,24.999996,19.999998]},"thirdperson_lefthand":{"rotation":[-1.9088945E-6,-24.999996,-19.999998]},"firstperson_lefthand":{"rotation":[-1.9088945E-6,-24.999996,-19.999998]},"fixed":{"rotation":[-1.9088945E-6,24.999996,19.999998]},"ground":{"rotation":[-1.9088945E-6,24.999996,19.999998]},"thirdperson_righthand":{"rotation":[-1.9088945E-6,24.999996,19.999998]},"gui":{"rotation":[-150.0,-70.0,-160.0]}}}