{"textures":{"0":"modelengine:entity/knight","particle":"#0"},"elements":[{"from":[9.744716,23.55027,9.3807125],"to":[10.318466,24.251522,9.720713],"faces":{"east":{"uv":[13.5,11.625,13.625,11.75],"tintindex":0,"rotation":0,"texture":"#0"},"south":{"uv":[12.625,13.5,12.75,13.625],"tintindex":0,"rotation":0,"texture":"#0"},"north":{"uv":[10.875,13.5,11.0,13.625],"tintindex":0,"rotation":0,"texture":"#0"},"west":{"uv":[13.625,1.0,13.75,1.125],"tintindex":0,"rotation":0,"texture":"#0"},"up":{"uv":[2.25,13.75,2.125,13.625],"tintindex":0,"rotation":0,"texture":"#0"},"down":{"uv":[6.25,13.75,6.125,13.875],"tintindex":0,"rotation":0,"texture":"#0"}}}],"display":{"head":{"rotation":[9.078282E-7,24.999996,-4.0000052]},"firstperson_righthand":{"rotation":[9.078282E-7,24.999996,-4.0000052]},"thirdperson_lefthand":{"rotation":[9.078282E-7,-24.999996,4.0000052]},"firstperson_lefthand":{"rotation":[9.078282E-7,-24.999996,4.0000052]},"fixed":{"rotation":[9.078282E-7,24.999996,-4.0000052]},"ground":{"rotation":[9.078282E-7,24.999996,-4.0000052]},"thirdperson_righthand":{"rotation":[9.078282E-7,24.999996,-4.0000052]},"gui":{"rotation":[-150.0,-69.99999,176.0]}}}